sector,stock_a,stock_b,corr_train,coint_stat,coint_pvalue,spread_adf_pvalue,beta_a_on_b,cointegrated_5pct
Auto,HEROMOTOCO.NS,EICHERMOT.NS,0.8788868949973441,-4.679343817399986,0.0006119575298552179,9.269365545215028e-05,0.6993946653733907,True
Banking,HDFCBANK.NS,KOTAKBANK.NS,0.9835887386803139,-4.612718760432931,0.0007946403180060484,0.0001230938395386014,1.8936969663477323,True
IT,INFY.NS,HCLTECH.NS,0.9835299955161513,-3.9847910055943747,0.007548055332581299,0.0014988911347951894,1.6756611565601691,True
