date,pair,fold,pnl,equity,event
2019-05-30,HDFCBANK__KOTAKBANK,0,0.0,200000.0,flat
2019-05-31,HDFCBANK__KOTAKBANK,0,0.0,200000.0,flat
2019-06-03,HDFCBANK__KOTAKBANK,0,0.0,200000.0,flat
2019-06-04,HDFCBANK__KOTAKBANK,0,0.0,200000.0,flat
2019-06-06,HDFCBANK__KOTAKBANK,0,0.0,200000.0,flat
2019-06-07,HDFCBANK__KOTAKBANK,0,0.0,200000.0,flat
2019-06-10,HDFCBANK__KOTAKBANK,0,0.0,200000.0,flat
2019-06-11,HDFCBANK__KOTAKBANK,0,0.0,200000.0,flat
2019-06-12,HDFCBANK__KOTAKBANK,0,0.0,200000.0,flat
2019-06-13,HDFCBANK__KOTAKBANK,0,0.0,200000.0,flat
2019-06-14,HDFCBANK__KOTAKBANK,0,0.0,200000.0,flat
2019-06-17,HDFCBANK__KOTAKBANK,0,0.0,200000.0,flat
2019-06-18,HDFCBANK__KOTAKBANK,0,0.0,200000.0,flat
2019-06-19,HDFCBANK__KOTAKBANK,0,0.0,200000.0,flat
2019-06-20,HDFCBANK__KOTAKBANK,0,0.0,200000.0,flat
2019-06-21,HDFCBANK__KOTAKBANK,0,0.0,200000.0,flat
2019-06-24,HDFCBANK__KOTAKBANK,0,0.0,200000.0,flat
2019-06-25,HDFCBANK__KOTAKBANK,0,0.0,200000.0,flat
2019-06-26,HDFCBANK__KOTAKBANK,0,0.0,200000.0,flat
2019-06-27,HDFCBANK__KOTAKBANK,0,0.0,200000.0,flat
2019-06-28,HDFCBANK__KOTAKBANK,0,0.0,200000.0,flat
2019-07-01,HDFCBANK__KOTAKBANK,0,0.0,200000.0,flat
2019-07-02,HDFCBANK__KOTAKBANK,0,0.0,200000.0,flat
2019-07-03,HDFCBANK__KOTAKBANK,0,0.0,200000.0,flat
2019-07-04,HDFCBANK__KOTAKBANK,0,0.0,200000.0,flat
2019-07-05,HDFCBANK__KOTAKBANK,0,0.0,200000.0,flat
2019-07-08,HDFCBANK__KOTAKBANK,0,0.0,200000.0,flat
2019-07-09,HDFCBANK__KOTAKBANK,0,0.0,200000.0,flat
2019-07-10,HDFCBANK__KOTAKBANK,0,0.0,200000.0,flat
2019-07-11,HDFCBANK__KOTAKBANK,0,0.0,200000.0,flat
2019-07-12,HDFCBANK__KOTAKBANK,0,0.0,200000.0,flat
2019-07-15,HDFCBANK__KOTAKBANK,0,0.0,200000.0,flat
2019-07-16,HDFCBANK__KOTAKBANK,0,0.0,200000.0,flat
2019-07-17,HDFCBANK__KOTAKBANK,0,0.0,200000.0,flat
2019-07-18,HDFCBANK__KOTAKBANK,0,0.0,200000.0,flat
2019-07-19,HDFCBANK__KOTAKBANK,0,0.0,200000.0,flat
2019-07-22,HDFCBANK__KOTAKBANK,0,0.0,200000.0,flat
2019-07-23,HDFCBANK__KOTAKBANK,0,0.0,200000.0,flat
2019-07-24,HDFCBANK__KOTAKBANK,0,0.0,200000.0,flat
2019-07-25,HDFCBANK__KOTAKBANK,0,0.0,200000.0,flat
2019-07-26,HDFCBANK__KOTAKBANK,0,0.0,200000.0,flat
2019-07-29,HDFCBANK__KOTAKBANK,0,0.0,200000.0,flat
2019-07-30,HDFCBANK__KOTAKBANK,0,0.0,200000.0,flat
2019-07-31,HDFCBANK__KOTAKBANK,0,0.0,200000.0,flat
2019-08-01,HDFCBANK__KOTAKBANK,0,0.0,200000.0,flat
2019-08-02,HDFCBANK__KOTAKBANK,0,0.0,200000.0,flat
2019-08-05,HDFCBANK__KOTAKBANK,0,0.0,200000.0,flat
2019-08-06,HDFCBANK__KOTAKBANK,0,0.0,200000.0,flat
2019-08-07,HDFCBANK__KOTAKBANK,0,0.0,200000.0,flat
2019-08-08,HDFCBANK__KOTAKBANK,0,0.0,200000.0,flat
2019-08-09,HDFCBANK__KOTAKBANK,0,0.0,200000.0,flat
2019-08-13,HDFCBANK__KOTAKBANK,0,0.0,200000.0,flat
2019-08-14,HDFCBANK__KOTAKBANK,0,0.0,200000.0,flat
2019-08-16,HDFCBANK__KOTAKBANK,0,0.0,200000.0,flat
2019-08-19,HDFCBANK__KOTAKBANK,0,0.0,200000.0,flat
2019-08-20,HDFCBANK__KOTAKBANK,0,0.0,200000.0,flat
2019-08-21,HDFCBANK__KOTAKBANK,0,0.0,200000.0,flat
2019-08-22,HDFCBANK__KOTAKBANK,0,0.0,200000.0,flat
2019-08-23,HDFCBANK__KOTAKBANK,0,0.0,200000.0,flat
2019-08-26,HDFCBANK__KOTAKBANK,0,-1010.2053060355759,198989.79469396442,entry
2019-08-27,HDFCBANK__KOTAKBANK,0,-530.6496778146304,198459.1450161498,hold
2019-08-28,HDFCBANK__KOTAKBANK,0,-248.04429310252567,198211.10072304728,hold
2019-08-29,HDFCBANK__KOTAKBANK,0,-513.1677305757705,197697.9329924715,hold
2019-08-30,HDFCBANK__KOTAKBANK,0,-727.2646498688998,196970.66834260258,hold
2019-09-03,HDFCBANK__KOTAKBANK,0,-77.13897840860446,196893.529364194,hold
2019-09-04,HDFCBANK__KOTAKBANK,0,-757.4058934075342,196136.12347078646,hold
2019-09-05,HDFCBANK__KOTAKBANK,0,-187.11623965913955,195949.00723112733,hold
2019-09-06,HDFCBANK__KOTAKBANK,0,743.9642736381635,196692.97150476548,hold
2019-09-09,HDFCBANK__KOTAKBANK,0,909.7847287697988,197602.75623353527,hold
2019-09-11,HDFCBANK__KOTAKBANK,0,67.11775703660103,197669.87399057188,hold
2019-09-12,HDFCBANK__KOTAKBANK,0,-1254.8116610926797,196415.0623294792,hold
2019-09-13,HDFCBANK__KOTAKBANK,0,1345.4161740555437,197760.47850353474,hold
2019-09-16,HDFCBANK__KOTAKBANK,0,80.40222481003853,197840.88072834478,hold
2019-09-17,HDFCBANK__KOTAKBANK,0,91.20259983679367,197932.0833281816,hold
2019-09-18,HDFCBANK__KOTAKBANK,0,1310.2577209706765,199242.34104915225,hold
2019-09-19,HDFCBANK__KOTAKBANK,0,-896.5489873046874,198345.79206184758,hold
2019-09-20,HDFCBANK__KOTAKBANK,0,-3247.3958170617507,195098.39624478584,hold
2019-09-23,HDFCBANK__KOTAKBANK,0,-109.28666954730309,194989.10957523854,hold
2019-09-24,HDFCBANK__KOTAKBANK,0,-587.2002314453125,194401.90934379323,hold
2019-09-25,HDFCBANK__KOTAKBANK,0,299.1652006367723,194701.07454443,hold
2019-09-26,HDFCBANK__KOTAKBANK,0,690.1350437981592,195391.20958822817,hold
2019-09-27,HDFCBANK__KOTAKBANK,0,458.45612604345035,195849.66571427163,hold
2019-09-30,HDFCBANK__KOTAKBANK,0,1079.1904469044307,196928.85616117605,hold
2019-10-01,HDFCBANK__KOTAKBANK,0,-1240.8111058834547,195688.0450552926,hold
2019-10-03,HDFCBANK__KOTAKBANK,0,447.8859279484061,196135.930983241,hold
2019-10-04,HDFCBANK__KOTAKBANK,0,287.7803403788627,196423.71132361988,hold
2019-10-07,HDFCBANK__KOTAKBANK,0,-101.72527117669092,196321.9860524432,hold
2019-10-09,HDFCBANK__KOTAKBANK,0,-647.3015902718322,195674.68446217137,hold
2019-10-10,HDFCBANK__KOTAKBANK,0,769.0797392578125,196443.76420142918,hold
2019-10-11,HDFCBANK__KOTAKBANK,0,197.80220280393837,196641.5664042331,hold
2019-10-14,HDFCBANK__KOTAKBANK,0,-450.99736868578765,196190.56903554732,hold
2019-10-15,HDFCBANK__KOTAKBANK,0,-145.44451912992295,196045.1245164174,hold
2019-10-16,HDFCBANK__KOTAKBANK,0,-245.53067843000855,195799.59383798737,hold
2019-10-17,HDFCBANK__KOTAKBANK,0,17.78967507223887,195817.3835130596,hold
2019-10-18,HDFCBANK__KOTAKBANK,0,-213.17486262574914,195604.20865043387,hold
2019-10-22,HDFCBANK__KOTAKBANK,0,-194.16090198255566,195410.0477484513,hold
2019-10-23,HDFCBANK__KOTAKBANK,0,-696.0312697319135,194714.0164787194,hold
2019-10-24,HDFCBANK__KOTAKBANK,0,316.06915500588616,195030.08563372528,hold
2019-10-25,HDFCBANK__KOTAKBANK,0,-428.83941340699914,194601.24622031828,hold
2019-10-27,HDFCBANK__KOTAKBANK,0,-1208.7605016909868,193392.4857186273,stop_out
2019-10-29,HDFCBANK__KOTAKBANK,0,0.0,193392.4857186273,flat
2019-10-30,HDFCBANK__KOTAKBANK,0,0.0,193392.4857186273,flat
2019-10-31,HDFCBANK__KOTAKBANK,0,0.0,193392.4857186273,flat
2019-11-01,HDFCBANK__KOTAKBANK,0,0.0,193392.4857186273,flat
2019-11-04,HDFCBANK__KOTAKBANK,0,0.0,193392.4857186273,flat
2019-11-05,HDFCBANK__KOTAKBANK,0,-809.2284097704987,192583.2573088568,entry
2019-11-06,HDFCBANK__KOTAKBANK,0,-675.1064611314747,191908.1508477253,hold
2019-11-07,HDFCBANK__KOTAKBANK,0,-54.1062636283979,191854.0445840969,hold
2019-11-08,HDFCBANK__KOTAKBANK,0,1261.971643568065,193116.01622766498,hold
2019-11-11,HDFCBANK__KOTAKBANK,0,-70.10331143313891,193045.91291623184,hold
2019-11-13,HDFCBANK__KOTAKBANK,0,96.70557670697774,193142.6184929388,hold
2019-11-14,HDFCBANK__KOTAKBANK,0,-1627.7174226943762,191514.90107024444,hold
2019-11-15,HDFCBANK__KOTAKBANK,0,672.3800239625696,192187.281094207,hold
2019-11-18,HDFCBANK__KOTAKBANK,0,1395.0768098846854,193582.35790409168,hold
2019-11-19,HDFCBANK__KOTAKBANK,0,-927.5830699680276,192654.77483412364,hold
2019-11-20,HDFCBANK__KOTAKBANK,0,-1109.9112795309825,191544.86355459265,hold
2019-11-21,HDFCBANK__KOTAKBANK,0,-971.549713552826,190573.31384103984,hold
2019-11-22,HDFCBANK__KOTAKBANK,0,384.9465542895287,190958.26039532936,hold
2019-11-25,HDFCBANK__KOTAKBANK,0,865.1477022688356,191823.4080975982,hold
2019-11-26,HDFCBANK__KOTAKBANK,0,-300.4778105602526,191522.93028703795,hold
2019-11-27,HDFCBANK__KOTAKBANK,0,256.76342741665775,191779.6937144546,hold
2019-11-28,HDFCBANK__KOTAKBANK,0,-324.9975295918888,191454.6961848627,exit
2019-11-29,HDFCBANK__KOTAKBANK,0,0.0,191454.6961848627,flat
2019-12-02,HDFCBANK__KOTAKBANK,1,0.0,191454.6961848627,flat
2019-12-03,HDFCBANK__KOTAKBANK,1,0.0,191454.6961848627,flat
2019-12-04,HDFCBANK__KOTAKBANK,1,0.0,191454.6961848627,flat
2019-12-05,HDFCBANK__KOTAKBANK,1,0.0,191454.6961848627,flat
2019-12-06,HDFCBANK__KOTAKBANK,1,0.0,191454.6961848627,flat
2019-12-09,HDFCBANK__KOTAKBANK,1,0.0,191454.6961848627,flat
2019-12-10,HDFCBANK__KOTAKBANK,1,0.0,191454.6961848627,flat
2019-12-11,HDFCBANK__KOTAKBANK,1,0.0,191454.6961848627,flat
2019-12-12,HDFCBANK__KOTAKBANK,1,0.0,191454.6961848627,flat
2019-12-13,HDFCBANK__KOTAKBANK,1,0.0,191454.6961848627,flat
2019-12-16,HDFCBANK__KOTAKBANK,1,0.0,191454.6961848627,flat
2019-12-17,HDFCBANK__KOTAKBANK,1,0.0,191454.6961848627,flat
2019-12-18,HDFCBANK__KOTAKBANK,1,0.0,191454.6961848627,flat
2019-12-19,HDFCBANK__KOTAKBANK,1,0.0,191454.6961848627,flat
2019-12-20,HDFCBANK__KOTAKBANK,1,0.0,191454.6961848627,flat
2019-12-23,HDFCBANK__KOTAKBANK,1,0.0,191454.6961848627,flat
2019-12-24,HDFCBANK__KOTAKBANK,1,0.0,191454.6961848627,flat
2019-12-26,HDFCBANK__KOTAKBANK,1,0.0,191454.6961848627,flat
2019-12-27,HDFCBANK__KOTAKBANK,1,0.0,191454.6961848627,flat
2019-12-30,HDFCBANK__KOTAKBANK,1,0.0,191454.6961848627,flat
2019-12-31,HDFCBANK__KOTAKBANK,1,0.0,191454.6961848627,flat
2020-01-01,HDFCBANK__KOTAKBANK,1,0.0,191454.6961848627,flat
2020-01-02,HDFCBANK__KOTAKBANK,1,0.0,191454.6961848627,flat
2020-01-03,HDFCBANK__KOTAKBANK,1,0.0,191454.6961848627,flat
2020-01-06,HDFCBANK__KOTAKBANK,1,0.0,191454.6961848627,flat
2020-01-07,HDFCBANK__KOTAKBANK,1,0.0,191454.6961848627,flat
2020-01-08,HDFCBANK__KOTAKBANK,1,0.0,191454.6961848627,flat
2020-01-09,HDFCBANK__KOTAKBANK,1,0.0,191454.6961848627,flat
2020-01-10,HDFCBANK__KOTAKBANK,1,0.0,191454.6961848627,flat
2020-01-13,HDFCBANK__KOTAKBANK,1,0.0,191454.6961848627,flat
2020-01-14,HDFCBANK__KOTAKBANK,1,0.0,191454.6961848627,flat
2020-01-15,HDFCBANK__KOTAKBANK,1,0.0,191454.6961848627,flat
2020-01-16,HDFCBANK__KOTAKBANK,1,0.0,191454.6961848627,flat
2020-01-17,HDFCBANK__KOTAKBANK,1,0.0,191454.6961848627,flat
2020-01-20,HDFCBANK__KOTAKBANK,1,0.0,191454.6961848627,flat
2020-01-21,HDFCBANK__KOTAKBANK,1,0.0,191454.6961848627,flat
2020-01-22,HDFCBANK__KOTAKBANK,1,0.0,191454.6961848627,flat
2020-01-23,HDFCBANK__KOTAKBANK,1,0.0,191454.6961848627,flat
2020-01-24,HDFCBANK__KOTAKBANK,1,0.0,191454.6961848627,flat
2020-01-27,HDFCBANK__KOTAKBANK,1,0.0,191454.6961848627,flat
2020-01-28,HDFCBANK__KOTAKBANK,1,0.0,191454.6961848627,flat
2020-01-29,HDFCBANK__KOTAKBANK,1,0.0,191454.6961848627,flat
2020-01-30,HDFCBANK__KOTAKBANK,1,0.0,191454.6961848627,flat
2020-01-31,HDFCBANK__KOTAKBANK,1,0.0,191454.6961848627,flat
2020-02-03,HDFCBANK__KOTAKBANK,1,0.0,191454.6961848627,flat
2020-02-04,HDFCBANK__KOTAKBANK,1,0.0,191454.6961848627,flat
2020-02-05,HDFCBANK__KOTAKBANK,1,0.0,191454.6961848627,flat
2020-02-06,HDFCBANK__KOTAKBANK,1,0.0,191454.6961848627,flat
2020-02-07,HDFCBANK__KOTAKBANK,1,0.0,191454.6961848627,flat
2020-02-10,HDFCBANK__KOTAKBANK,1,0.0,191454.6961848627,flat
2020-02-11,HDFCBANK__KOTAKBANK,1,0.0,191454.6961848627,flat
2020-02-12,HDFCBANK__KOTAKBANK,1,0.0,191454.6961848627,flat
2020-02-13,HDFCBANK__KOTAKBANK,1,0.0,191454.6961848627,flat
2020-02-14,HDFCBANK__KOTAKBANK,1,0.0,191454.6961848627,flat
2020-02-17,HDFCBANK__KOTAKBANK,1,0.0,191454.6961848627,flat
2020-02-18,HDFCBANK__KOTAKBANK,1,0.0,191454.6961848627,flat
2020-02-19,HDFCBANK__KOTAKBANK,1,0.0,191454.6961848627,flat
2020-02-20,HDFCBANK__KOTAKBANK,1,0.0,191454.6961848627,flat
2020-02-24,HDFCBANK__KOTAKBANK,1,0.0,191454.6961848627,flat
2020-02-25,HDFCBANK__KOTAKBANK,1,0.0,191454.6961848627,flat
2020-02-26,HDFCBANK__KOTAKBANK,1,0.0,191454.6961848627,flat
2020-02-27,HDFCBANK__KOTAKBANK,1,0.0,191454.6961848627,flat
2020-02-28,HDFCBANK__KOTAKBANK,1,0.0,191454.6961848627,flat
2020-03-02,HDFCBANK__KOTAKBANK,1,-897.6966343419183,190556.9995505208,entry
2020-03-03,HDFCBANK__KOTAKBANK,1,627.6830132605148,191184.6825637813,hold
2020-03-04,HDFCBANK__KOTAKBANK,1,1607.0660156818547,192791.74857946316,hold
2020-03-05,HDFCBANK__KOTAKBANK,1,1073.4852220375292,193865.2338015007,hold
2020-03-06,HDFCBANK__KOTAKBANK,1,472.5794079890921,194337.8132094898,hold
2020-03-09,HDFCBANK__KOTAKBANK,1,260.2256473438838,194598.03885683368,hold
2020-03-11,HDFCBANK__KOTAKBANK,1,-118.75909301423374,194479.27976381945,hold
2020-03-12,HDFCBANK__KOTAKBANK,1,2442.4617587321995,196921.74152255166,hold
2020-03-13,HDFCBANK__KOTAKBANK,1,-3040.647038102651,193881.09448444901,hold
2020-03-16,HDFCBANK__KOTAKBANK,1,1156.0536711166587,195037.14815556566,exit
2020-03-17,HDFCBANK__KOTAKBANK,1,0.0,195037.14815556566,flat
2020-03-18,HDFCBANK__KOTAKBANK,1,0.0,195037.14815556566,flat
2020-03-19,HDFCBANK__KOTAKBANK,1,0.0,195037.14815556566,flat
2020-03-20,HDFCBANK__KOTAKBANK,1,0.0,195037.14815556566,flat
2020-03-23,HDFCBANK__KOTAKBANK,1,0.0,195037.14815556566,flat
2020-03-24,HDFCBANK__KOTAKBANK,1,0.0,195037.14815556566,flat
2020-03-25,HDFCBANK__KOTAKBANK,1,0.0,195037.14815556566,flat
2020-03-26,HDFCBANK__KOTAKBANK,1,0.0,195037.14815556566,flat
2020-03-27,HDFCBANK__KOTAKBANK,1,0.0,195037.14815556566,flat
2020-03-30,HDFCBANK__KOTAKBANK,1,0.0,195037.14815556566,flat
2020-03-31,HDFCBANK__KOTAKBANK,1,0.0,195037.14815556566,flat
2020-04-01,HDFCBANK__KOTAKBANK,1,0.0,195037.14815556566,flat
2020-04-03,HDFCBANK__KOTAKBANK,1,0.0,195037.14815556566,flat
2020-04-07,HDFCBANK__KOTAKBANK,1,0.0,195037.14815556566,flat
2020-04-08,HDFCBANK__KOTAKBANK,1,0.0,195037.14815556566,flat
2020-04-09,HDFCBANK__KOTAKBANK,1,0.0,195037.14815556566,flat
2020-04-13,HDFCBANK__KOTAKBANK,1,0.0,195037.14815556566,flat
2020-04-15,HDFCBANK__KOTAKBANK,1,0.0,195037.14815556566,flat
2020-04-16,HDFCBANK__KOTAKBANK,1,0.0,195037.14815556566,flat
2020-04-17,HDFCBANK__KOTAKBANK,1,0.0,195037.14815556566,flat
2020-04-20,HDFCBANK__KOTAKBANK,1,0.0,195037.14815556566,flat
2020-04-21,HDFCBANK__KOTAKBANK,1,0.0,195037.14815556566,flat
2020-04-22,HDFCBANK__KOTAKBANK,1,0.0,195037.14815556566,flat
2020-04-23,HDFCBANK__KOTAKBANK,1,0.0,195037.14815556566,flat
2020-04-24,HDFCBANK__KOTAKBANK,1,0.0,195037.14815556566,flat
2020-04-27,HDFCBANK__KOTAKBANK,1,0.0,195037.14815556566,flat
2020-04-28,HDFCBANK__KOTAKBANK,1,0.0,195037.14815556566,flat
2020-04-29,HDFCBANK__KOTAKBANK,1,0.0,195037.14815556566,flat
2020-04-30,HDFCBANK__KOTAKBANK,1,0.0,195037.14815556566,flat
2020-05-04,HDFCBANK__KOTAKBANK,1,0.0,195037.14815556566,flat
2020-05-05,HDFCBANK__KOTAKBANK,1,0.0,195037.14815556566,flat
2020-05-06,HDFCBANK__KOTAKBANK,1,0.0,195037.14815556566,flat
2020-05-07,HDFCBANK__KOTAKBANK,1,0.0,195037.14815556566,flat
2020-05-08,HDFCBANK__KOTAKBANK,1,0.0,195037.14815556566,flat
2020-05-11,HDFCBANK__KOTAKBANK,1,0.0,195037.14815556566,flat
2020-05-12,HDFCBANK__KOTAKBANK,1,0.0,195037.14815556566,flat
2020-05-13,HDFCBANK__KOTAKBANK,1,0.0,195037.14815556566,flat
2020-05-14,HDFCBANK__KOTAKBANK,1,0.0,195037.14815556566,flat
2020-05-15,HDFCBANK__KOTAKBANK,1,0.0,195037.14815556566,flat
2020-05-18,HDFCBANK__KOTAKBANK,1,0.0,195037.14815556566,flat
2020-05-19,HDFCBANK__KOTAKBANK,1,0.0,195037.14815556566,flat
2020-05-20,HDFCBANK__KOTAKBANK,1,0.0,195037.14815556566,flat
2020-05-21,HDFCBANK__KOTAKBANK,1,0.0,195037.14815556566,flat
2020-05-22,HDFCBANK__KOTAKBANK,1,0.0,195037.14815556566,flat
2020-05-26,HDFCBANK__KOTAKBANK,1,0.0,195037.14815556566,flat
2020-05-27,HDFCBANK__KOTAKBANK,1,0.0,195037.14815556566,flat
2020-05-28,HDFCBANK__KOTAKBANK,1,0.0,195037.14815556566,flat
2020-05-29,HDFCBANK__KOTAKBANK,1,0.0,195037.14815556566,flat
2020-06-01,HDFCBANK__KOTAKBANK,2,0.0,195037.14815556566,flat
2020-06-02,HDFCBANK__KOTAKBANK,2,0.0,195037.14815556566,flat
2020-06-03,HDFCBANK__KOTAKBANK,2,0.0,195037.14815556566,flat
2020-06-04,HDFCBANK__KOTAKBANK,2,0.0,195037.14815556566,flat
2020-06-05,HDFCBANK__KOTAKBANK,2,0.0,195037.14815556566,flat
2020-06-08,HDFCBANK__KOTAKBANK,2,0.0,195037.14815556566,flat
2020-06-09,HDFCBANK__KOTAKBANK,2,0.0,195037.14815556566,flat
2020-06-10,HDFCBANK__KOTAKBANK,2,0.0,195037.14815556566,flat
2020-06-11,HDFCBANK__KOTAKBANK,2,0.0,195037.14815556566,flat
2020-06-12,HDFCBANK__KOTAKBANK,2,0.0,195037.14815556566,flat
2020-06-15,HDFCBANK__KOTAKBANK,2,0.0,195037.14815556566,flat
2020-06-16,HDFCBANK__KOTAKBANK,2,0.0,195037.14815556566,flat
2020-06-17,HDFCBANK__KOTAKBANK,2,0.0,195037.14815556566,flat
2020-06-18,HDFCBANK__KOTAKBANK,2,0.0,195037.14815556566,flat
2020-06-19,HDFCBANK__KOTAKBANK,2,0.0,195037.14815556566,flat
2020-06-22,HDFCBANK__KOTAKBANK,2,0.0,195037.14815556566,flat
2020-06-23,HDFCBANK__KOTAKBANK,2,0.0,195037.14815556566,flat
2020-06-24,HDFCBANK__KOTAKBANK,2,0.0,195037.14815556566,flat
2020-06-25,HDFCBANK__KOTAKBANK,2,0.0,195037.14815556566,flat
2020-06-26,HDFCBANK__KOTAKBANK,2,0.0,195037.14815556566,flat
2020-06-29,HDFCBANK__KOTAKBANK,2,0.0,195037.14815556566,flat
2020-06-30,HDFCBANK__KOTAKBANK,2,0.0,195037.14815556566,flat
2020-07-01,HDFCBANK__KOTAKBANK,2,0.0,195037.14815556566,flat
2020-07-02,HDFCBANK__KOTAKBANK,2,0.0,195037.14815556566,flat
2020-07-03,HDFCBANK__KOTAKBANK,2,0.0,195037.14815556566,flat
2020-07-06,HDFCBANK__KOTAKBANK,2,0.0,195037.14815556566,flat
2020-07-07,HDFCBANK__KOTAKBANK,2,0.0,195037.14815556566,flat
2020-07-08,HDFCBANK__KOTAKBANK,2,-986.8779890451128,194050.27016652055,entry
2020-07-09,HDFCBANK__KOTAKBANK,2,-74.61247114458476,193975.65769537596,hold
2020-07-10,HDFCBANK__KOTAKBANK,2,125.51015723325128,194101.16785260921,hold
2020-07-13,HDFCBANK__KOTAKBANK,2,329.2910282667995,194430.45888087602,hold
2020-07-14,HDFCBANK__KOTAKBANK,2,-161.64440649413785,194268.81447438188,hold
2020-07-15,HDFCBANK__KOTAKBANK,2,-18.559538627729026,194250.25493575414,hold
2020-07-16,HDFCBANK__KOTAKBANK,2,348.7125672055569,194598.9675029597,hold
2020-07-17,HDFCBANK__KOTAKBANK,2,-754.5462295390063,193844.4212734207,hold
2020-07-20,HDFCBANK__KOTAKBANK,2,-955.9069048921768,192888.51436852853,hold
2020-07-21,HDFCBANK__KOTAKBANK,2,566.7662317931292,193455.28060032165,hold
2020-07-22,HDFCBANK__KOTAKBANK,2,-14.431969780072773,193440.8486305416,hold
2020-07-23,HDFCBANK__KOTAKBANK,2,455.8607849422089,193896.70941548378,hold
2020-07-24,HDFCBANK__KOTAKBANK,2,-164.983168309878,193731.7262471739,hold
2020-07-27,HDFCBANK__KOTAKBANK,2,433.2246535075985,194164.95090068152,hold
2020-07-28,HDFCBANK__KOTAKBANK,2,107.87858602203141,194272.82948670356,exit
2020-07-29,HDFCBANK__KOTAKBANK,2,0.0,194272.82948670356,flat
2020-07-30,HDFCBANK__KOTAKBANK,2,0.0,194272.82948670356,flat
2020-07-31,HDFCBANK__KOTAKBANK,2,0.0,194272.82948670356,flat
2020-08-03,HDFCBANK__KOTAKBANK,2,0.0,194272.82948670356,flat
2020-08-04,HDFCBANK__KOTAKBANK,2,0.0,194272.82948670356,flat
2020-08-05,HDFCBANK__KOTAKBANK,2,0.0,194272.82948670356,flat
2020-08-06,HDFCBANK__KOTAKBANK,2,0.0,194272.82948670356,flat
2020-08-07,HDFCBANK__KOTAKBANK,2,0.0,194272.82948670356,flat
2020-08-10,HDFCBANK__KOTAKBANK,2,0.0,194272.82948670356,flat
2020-08-11,HDFCBANK__KOTAKBANK,2,0.0,194272.82948670356,flat
2020-08-12,HDFCBANK__KOTAKBANK,2,0.0,194272.82948670356,flat
2020-08-13,HDFCBANK__KOTAKBANK,2,0.0,194272.82948670356,flat
2020-08-14,HDFCBANK__KOTAKBANK,2,0.0,194272.82948670356,flat
2020-08-17,HDFCBANK__KOTAKBANK,2,0.0,194272.82948670356,flat
2020-08-18,HDFCBANK__KOTAKBANK,2,0.0,194272.82948670356,flat
2020-08-19,HDFCBANK__KOTAKBANK,2,0.0,194272.82948670356,flat
2020-08-20,HDFCBANK__KOTAKBANK,2,0.0,194272.82948670356,flat
2020-08-21,HDFCBANK__KOTAKBANK,2,0.0,194272.82948670356,flat
2020-08-24,HDFCBANK__KOTAKBANK,2,0.0,194272.82948670356,flat
2020-08-25,HDFCBANK__KOTAKBANK,2,0.0,194272.82948670356,flat
2020-08-26,HDFCBANK__KOTAKBANK,2,0.0,194272.82948670356,flat
2020-08-27,HDFCBANK__KOTAKBANK,2,0.0,194272.82948670356,flat
2020-08-28,HDFCBANK__KOTAKBANK,2,0.0,194272.82948670356,flat
2020-08-31,HDFCBANK__KOTAKBANK,2,0.0,194272.82948670356,flat
2020-09-01,HDFCBANK__KOTAKBANK,2,0.0,194272.82948670356,flat
2020-09-02,HDFCBANK__KOTAKBANK,2,0.0,194272.82948670356,flat
2020-09-03,HDFCBANK__KOTAKBANK,2,0.0,194272.82948670356,flat
2020-09-04,HDFCBANK__KOTAKBANK,2,0.0,194272.82948670356,flat
2020-09-07,HDFCBANK__KOTAKBANK,2,0.0,194272.82948670356,flat
2020-09-08,HDFCBANK__KOTAKBANK,2,-977.3087997354149,193295.52068696814,entry
2020-09-09,HDFCBANK__KOTAKBANK,2,-55.09912800995291,193240.4215589582,hold
2020-09-10,HDFCBANK__KOTAKBANK,2,24.34952593910531,193264.77108489728,hold
2020-09-11,HDFCBANK__KOTAKBANK,2,526.6361515377515,193791.40723643504,hold
2020-09-14,HDFCBANK__KOTAKBANK,2,51.884206034621144,193843.29144246966,hold
2020-09-15,HDFCBANK__KOTAKBANK,2,30.61607390771272,193873.90751637737,hold
2020-09-16,HDFCBANK__KOTAKBANK,2,-603.098990769469,193270.8085256079,hold
2020-09-17,HDFCBANK__KOTAKBANK,2,-131.33396065657107,193139.47456495132,hold
2020-09-18,HDFCBANK__KOTAKBANK,2,157.18031827576246,193296.65488322708,hold
2020-09-21,HDFCBANK__KOTAKBANK,2,419.568776136424,193716.2236593635,hold
2020-09-22,HDFCBANK__KOTAKBANK,2,31.432633712147506,193747.65629307565,hold
2020-09-23,HDFCBANK__KOTAKBANK,2,-231.41927715981123,193516.23701591583,hold
2020-09-24,HDFCBANK__KOTAKBANK,2,-123.13003814613656,193393.1069777697,hold
2020-09-25,HDFCBANK__KOTAKBANK,2,-237.64562284621425,193155.4613549235,hold
2020-09-28,HDFCBANK__KOTAKBANK,2,219.0669155808596,193374.52827050435,hold
2020-09-29,HDFCBANK__KOTAKBANK,2,-533.2551326051537,192841.2731378992,hold
2020-09-30,HDFCBANK__KOTAKBANK,2,-343.02782872698737,192498.24530917223,hold
2020-10-01,HDFCBANK__KOTAKBANK,2,-52.58270922517123,192445.66259994704,hold
2020-10-05,HDFCBANK__KOTAKBANK,2,-19.954801309663956,192425.7077986374,hold
2020-10-06,HDFCBANK__KOTAKBANK,2,-348.249900577911,192077.45789805948,hold
2020-10-07,HDFCBANK__KOTAKBANK,2,-761.3002796313142,191316.15761842817,hold
2020-10-08,HDFCBANK__KOTAKBANK,2,-894.5222945272367,190421.63532390093,hold
2020-10-09,HDFCBANK__KOTAKBANK,2,-1139.2001002314319,189282.4352236695,hold
2020-10-12,HDFCBANK__KOTAKBANK,2,394.3625877501605,189676.79781141967,hold
2020-10-13,HDFCBANK__KOTAKBANK,2,1028.7963931199165,190705.59420453958,hold
2020-10-14,HDFCBANK__KOTAKBANK,2,-195.4974946021511,190510.09670993744,hold
2020-10-15,HDFCBANK__KOTAKBANK,2,278.6833887053189,190788.78009864275,hold
2020-10-16,HDFCBANK__KOTAKBANK,2,-292.6196989311323,190496.1603997116,hold
2020-10-19,HDFCBANK__KOTAKBANK,2,663.1663635822453,191159.32676329385,hold
2020-10-20,HDFCBANK__KOTAKBANK,2,-712.124377588565,190447.20238570528,hold
2020-10-21,HDFCBANK__KOTAKBANK,2,-143.29932515517422,190303.9030605501,hold
2020-10-22,HDFCBANK__KOTAKBANK,2,349.54466595542596,190653.44772650552,hold
2020-10-23,HDFCBANK__KOTAKBANK,2,-269.9844694590111,190383.4632570465,hold
2020-10-26,HDFCBANK__KOTAKBANK,2,1325.7019785490688,191709.16523559557,hold
2020-10-27,HDFCBANK__KOTAKBANK,2,2726.205517357395,194435.37075295296,hold
2020-10-28,HDFCBANK__KOTAKBANK,2,-81.30784698737158,194354.0629059656,hold
2020-10-29,HDFCBANK__KOTAKBANK,2,979.2373432617187,195333.30024922732,hold
2020-10-30,HDFCBANK__KOTAKBANK,2,-367.16086117428296,194966.13938805304,hold
2020-11-02,HDFCBANK__KOTAKBANK,2,-212.94302153119648,194753.19636652185,hold
2020-11-03,HDFCBANK__KOTAKBANK,2,-638.3183793276434,194114.8779871942,hold
2020-11-04,HDFCBANK__KOTAKBANK,2,-1174.437132505634,192940.44085468855,stop_out
2020-11-05,HDFCBANK__KOTAKBANK,2,0.0,192940.44085468855,flat
2020-11-06,HDFCBANK__KOTAKBANK,2,0.0,192940.44085468855,flat
2020-11-09,HDFCBANK__KOTAKBANK,2,0.0,192940.44085468855,flat
2020-11-10,HDFCBANK__KOTAKBANK,2,0.0,192940.44085468855,flat
2020-11-11,HDFCBANK__KOTAKBANK,2,0.0,192940.44085468855,flat
2020-11-12,HDFCBANK__KOTAKBANK,2,0.0,192940.44085468855,flat
2020-11-13,HDFCBANK__KOTAKBANK,2,0.0,192940.44085468855,flat
2020-11-14,HDFCBANK__KOTAKBANK,2,0.0,192940.44085468855,flat
2020-11-17,HDFCBANK__KOTAKBANK,2,0.0,192940.44085468855,flat
2020-11-18,HDFCBANK__KOTAKBANK,2,0.0,192940.44085468855,flat
2020-11-19,HDFCBANK__KOTAKBANK,2,0.0,192940.44085468855,flat
2020-11-20,HDFCBANK__KOTAKBANK,2,0.0,192940.44085468855,flat
2020-11-23,HDFCBANK__KOTAKBANK,2,0.0,192940.44085468855,flat
2020-11-24,HDFCBANK__KOTAKBANK,2,0.0,192940.44085468855,flat
2020-11-25,HDFCBANK__KOTAKBANK,2,0.0,192940.44085468855,flat
2020-11-26,HDFCBANK__KOTAKBANK,2,0.0,192940.44085468855,flat
2020-11-27,HDFCBANK__KOTAKBANK,2,0.0,192940.44085468855,flat
2020-12-01,HDFCBANK__KOTAKBANK,3,0.0,192940.44085468855,flat
2020-12-02,HDFCBANK__KOTAKBANK,3,0.0,192940.44085468855,flat
2020-12-03,HDFCBANK__KOTAKBANK,3,0.0,192940.44085468855,flat
2020-12-04,HDFCBANK__KOTAKBANK,3,0.0,192940.44085468855,flat
2020-12-07,HDFCBANK__KOTAKBANK,3,0.0,192940.44085468855,flat
2020-12-08,HDFCBANK__KOTAKBANK,3,0.0,192940.44085468855,flat
2020-12-09,HDFCBANK__KOTAKBANK,3,0.0,192940.44085468855,flat
2020-12-10,HDFCBANK__KOTAKBANK,3,0.0,192940.44085468855,flat
2020-12-11,HDFCBANK__KOTAKBANK,3,0.0,192940.44085468855,flat
2020-12-14,HDFCBANK__KOTAKBANK,3,0.0,192940.44085468855,flat
2020-12-15,HDFCBANK__KOTAKBANK,3,0.0,192940.44085468855,flat
2020-12-16,HDFCBANK__KOTAKBANK,3,0.0,192940.44085468855,flat
2020-12-17,HDFCBANK__KOTAKBANK,3,0.0,192940.44085468855,flat
2020-12-18,HDFCBANK__KOTAKBANK,3,0.0,192940.44085468855,flat
2020-12-21,HDFCBANK__KOTAKBANK,3,0.0,192940.44085468855,flat
2020-12-22,HDFCBANK__KOTAKBANK,3,0.0,192940.44085468855,flat
2020-12-23,HDFCBANK__KOTAKBANK,3,0.0,192940.44085468855,flat
2020-12-24,HDFCBANK__KOTAKBANK,3,0.0,192940.44085468855,flat
2020-12-28,HDFCBANK__KOTAKBANK,3,0.0,192940.44085468855,flat
2020-12-29,HDFCBANK__KOTAKBANK,3,0.0,192940.44085468855,flat
2020-12-30,HDFCBANK__KOTAKBANK,3,0.0,192940.44085468855,flat
2020-12-31,HDFCBANK__KOTAKBANK,3,0.0,192940.44085468855,flat
2021-01-01,HDFCBANK__KOTAKBANK,3,0.0,192940.44085468855,flat
2021-01-04,HDFCBANK__KOTAKBANK,3,0.0,192940.44085468855,flat
2021-01-05,HDFCBANK__KOTAKBANK,3,0.0,192940.44085468855,flat
2021-01-06,HDFCBANK__KOTAKBANK,3,0.0,192940.44085468855,flat
2021-01-07,HDFCBANK__KOTAKBANK,3,0.0,192940.44085468855,flat
2021-01-08,HDFCBANK__KOTAKBANK,3,0.0,192940.44085468855,flat
2021-01-11,HDFCBANK__KOTAKBANK,3,-1024.9018064410411,191915.5390482475,entry
2021-01-12,HDFCBANK__KOTAKBANK,3,-2269.201804714255,189646.33724353326,hold
2021-01-13,HDFCBANK__KOTAKBANK,3,-158.40777631367723,189487.92946721957,hold
2021-01-14,HDFCBANK__KOTAKBANK,3,362.9298252086901,189850.85929242827,hold
2021-01-15,HDFCBANK__KOTAKBANK,3,-724.1560769745291,189126.70321545374,hold
2021-01-18,HDFCBANK__KOTAKBANK,3,-1203.5084781945554,187923.19473725918,hold
2021-01-19,HDFCBANK__KOTAKBANK,3,198.28958292753913,188121.48432018672,hold
2021-01-20,HDFCBANK__KOTAKBANK,3,407.24869147313785,188528.73301165985,hold
2021-01-21,HDFCBANK__KOTAKBANK,3,15.931376926377819,188544.6643885862,hold
2021-01-22,HDFCBANK__KOTAKBANK,3,516.8460131100092,189061.51040169623,hold
2021-01-25,HDFCBANK__KOTAKBANK,3,-1791.7544310386345,187269.7559706576,hold
2021-01-27,HDFCBANK__KOTAKBANK,3,1478.4974927894825,188748.2534634471,hold
2021-01-28,HDFCBANK__KOTAKBANK,3,482.18224499679735,189230.4357084439,hold
2021-01-29,HDFCBANK__KOTAKBANK,3,-1119.3369553322989,188111.0987531116,hold
2021-02-01,HDFCBANK__KOTAKBANK,3,-1302.9441789383561,186808.15457417327,hold
2021-02-02,HDFCBANK__KOTAKBANK,3,-1998.6350606806507,184809.51951349262,hold
2021-02-03,HDFCBANK__KOTAKBANK,3,-889.6523687794306,183919.86714471318,hold
2021-02-04,HDFCBANK__KOTAKBANK,3,1420.3965359856672,185340.26368069884,hold
2021-02-05,HDFCBANK__KOTAKBANK,3,-610.8344469166154,184729.42923378223,exit
2021-02-08,HDFCBANK__KOTAKBANK,3,0.0,184729.42923378223,flat
2021-02-09,HDFCBANK__KOTAKBANK,3,0.0,184729.42923378223,flat
2021-02-10,HDFCBANK__KOTAKBANK,3,0.0,184729.42923378223,flat
2021-02-11,HDFCBANK__KOTAKBANK,3,0.0,184729.42923378223,flat
2021-02-12,HDFCBANK__KOTAKBANK,3,0.0,184729.42923378223,flat
2021-02-15,HDFCBANK__KOTAKBANK,3,0.0,184729.42923378223,flat
2021-02-16,HDFCBANK__KOTAKBANK,3,0.0,184729.42923378223,flat
2021-02-17,HDFCBANK__KOTAKBANK,3,0.0,184729.42923378223,flat
2021-02-18,HDFCBANK__KOTAKBANK,3,0.0,184729.42923378223,flat
2021-02-19,HDFCBANK__KOTAKBANK,3,-963.2474998687387,183766.1817339135,entry
2021-02-22,HDFCBANK__KOTAKBANK,3,20.965379815924656,183787.1471137294,hold
2021-02-23,HDFCBANK__KOTAKBANK,3,914.9093236702697,184702.05643739967,hold
2021-02-24,HDFCBANK__KOTAKBANK,3,216.16216952193645,184918.2186069216,exit
2021-02-25,HDFCBANK__KOTAKBANK,3,0.0,184918.2186069216,flat
2021-02-26,HDFCBANK__KOTAKBANK,3,0.0,184918.2186069216,flat
2021-03-01,HDFCBANK__KOTAKBANK,3,0.0,184918.2186069216,flat
2021-03-02,HDFCBANK__KOTAKBANK,3,0.0,184918.2186069216,flat
2021-03-03,HDFCBANK__KOTAKBANK,3,0.0,184918.2186069216,flat
2021-03-04,HDFCBANK__KOTAKBANK,3,0.0,184918.2186069216,flat
2021-03-05,HDFCBANK__KOTAKBANK,3,-973.2332438353318,183944.98536308628,entry
2021-03-08,HDFCBANK__KOTAKBANK,3,-124.50314586900686,183820.48221721727,hold
2021-03-09,HDFCBANK__KOTAKBANK,3,-95.91735471961071,183724.56486249767,hold
2021-03-10,HDFCBANK__KOTAKBANK,3,88.28816583503237,183812.8530283327,hold
2021-03-12,HDFCBANK__KOTAKBANK,3,371.142955171768,184183.99598350446,hold
2021-03-15,HDFCBANK__KOTAKBANK,3,-240.3518520240261,183943.64413148043,hold
2021-03-16,HDFCBANK__KOTAKBANK,3,-112.11155567744007,183831.532575803,hold
2021-03-17,HDFCBANK__KOTAKBANK,3,190.71736351535745,184022.24993931834,hold
2021-03-18,HDFCBANK__KOTAKBANK,3,505.5828668129281,184527.83280613128,hold
2021-03-19,HDFCBANK__KOTAKBANK,3,72.36786587649829,184600.20067200778,hold
2021-03-22,HDFCBANK__KOTAKBANK,3,-427.3173159246575,184172.88335608313,hold
2021-03-23,HDFCBANK__KOTAKBANK,3,-171.74339535135437,184001.13996073176,exit
2021-03-24,HDFCBANK__KOTAKBANK,3,0.0,184001.13996073176,flat
2021-03-25,HDFCBANK__KOTAKBANK,3,0.0,184001.13996073176,flat
2021-03-26,HDFCBANK__KOTAKBANK,3,0.0,184001.13996073176,flat
2021-03-30,HDFCBANK__KOTAKBANK,3,0.0,184001.13996073176,flat
2021-03-31,HDFCBANK__KOTAKBANK,3,0.0,184001.13996073176,flat
2021-04-01,HDFCBANK__KOTAKBANK,3,0.0,184001.13996073176,flat
2021-04-05,HDFCBANK__KOTAKBANK,3,0.0,184001.13996073176,flat
2021-04-06,HDFCBANK__KOTAKBANK,3,0.0,184001.13996073176,flat
2021-04-07,HDFCBANK__KOTAKBANK,3,0.0,184001.13996073176,flat
2021-04-08,HDFCBANK__KOTAKBANK,3,0.0,184001.13996073176,flat
2021-04-09,HDFCBANK__KOTAKBANK,3,0.0,184001.13996073176,flat
2021-04-12,HDFCBANK__KOTAKBANK,3,0.0,184001.13996073176,flat
2021-04-13,HDFCBANK__KOTAKBANK,3,0.0,184001.13996073176,flat
2021-04-15,HDFCBANK__KOTAKBANK,3,0.0,184001.13996073176,flat
2021-04-16,HDFCBANK__KOTAKBANK,3,0.0,184001.13996073176,flat
2021-04-19,HDFCBANK__KOTAKBANK,3,0.0,184001.13996073176,flat
2021-04-20,HDFCBANK__KOTAKBANK,3,0.0,184001.13996073176,flat
2021-04-22,HDFCBANK__KOTAKBANK,3,0.0,184001.13996073176,flat
2021-04-23,HDFCBANK__KOTAKBANK,3,0.0,184001.13996073176,flat
2021-04-26,HDFCBANK__KOTAKBANK,3,0.0,184001.13996073176,flat
2021-04-27,HDFCBANK__KOTAKBANK,3,0.0,184001.13996073176,flat
2021-04-28,HDFCBANK__KOTAKBANK,3,0.0,184001.13996073176,flat
2021-04-29,HDFCBANK__KOTAKBANK,3,0.0,184001.13996073176,flat
2021-04-30,HDFCBANK__KOTAKBANK,3,0.0,184001.13996073176,flat
2021-05-03,HDFCBANK__KOTAKBANK,3,0.0,184001.13996073176,flat
2021-05-04,HDFCBANK__KOTAKBANK,3,0.0,184001.13996073176,flat
2021-05-05,HDFCBANK__KOTAKBANK,3,0.0,184001.13996073176,flat
2021-05-06,HDFCBANK__KOTAKBANK,3,0.0,184001.13996073176,flat
2021-05-07,HDFCBANK__KOTAKBANK,3,0.0,184001.13996073176,flat
2021-05-10,HDFCBANK__KOTAKBANK,3,0.0,184001.13996073176,flat
2021-05-11,HDFCBANK__KOTAKBANK,3,0.0,184001.13996073176,flat
2021-05-12,HDFCBANK__KOTAKBANK,3,0.0,184001.13996073176,flat
2021-05-14,HDFCBANK__KOTAKBANK,3,0.0,184001.13996073176,flat
2021-05-17,HDFCBANK__KOTAKBANK,3,0.0,184001.13996073176,flat
2021-05-18,HDFCBANK__KOTAKBANK,3,-918.9374203081754,183082.20254042358,entry
2021-05-19,HDFCBANK__KOTAKBANK,3,9.995047289704623,183092.19758771328,hold
2021-05-20,HDFCBANK__KOTAKBANK,3,211.20292299871087,183303.400510712,hold
2021-05-21,HDFCBANK__KOTAKBANK,3,-688.0947835843808,182615.30572712762,hold
2021-05-24,HDFCBANK__KOTAKBANK,3,-318.5151126391267,182296.7906144885,hold
2021-05-25,HDFCBANK__KOTAKBANK,3,615.0588029417224,182911.84941743023,hold
2021-05-26,HDFCBANK__KOTAKBANK,3,-131.39624123768775,182780.45317619253,hold
2021-05-27,HDFCBANK__KOTAKBANK,3,486.6040525671554,183267.0572287597,hold
2021-05-28,HDFCBANK__KOTAKBANK,3,-97.81609388377568,183169.24113487592,hold
2021-05-31,HDFCBANK__KOTAKBANK,4,-182.4499697332513,182986.79116514267,hold
2021-06-01,HDFCBANK__KOTAKBANK,4,-92.85097756581763,182893.94018757684,hold
2021-06-02,HDFCBANK__KOTAKBANK,4,-63.562845141267125,182830.37734243556,hold
2021-06-03,HDFCBANK__KOTAKBANK,4,132.91095254976454,182963.28829498534,hold
2021-06-04,HDFCBANK__KOTAKBANK,4,404.9421813128746,183368.23047629822,hold
2021-06-07,HDFCBANK__KOTAKBANK,4,81.63966332004495,183449.87013961826,hold
2021-06-08,HDFCBANK__KOTAKBANK,4,24.420213673212757,183474.29035329146,hold
2021-06-09,HDFCBANK__KOTAKBANK,4,-124.98061322773972,183349.30974006373,hold
2021-06-10,HDFCBANK__KOTAKBANK,4,259.7451088265197,183609.05484889026,hold
2021-06-11,HDFCBANK__KOTAKBANK,4,-222.28270330559718,183386.77214558466,hold
2021-06-14,HDFCBANK__KOTAKBANK,4,-294.77240558781034,183091.99973999686,hold
2021-06-15,HDFCBANK__KOTAKBANK,4,-214.6557891427654,182877.3439508541,hold
2021-06-16,HDFCBANK__KOTAKBANK,4,-50.33874645494435,182827.00520439915,hold
2021-06-17,HDFCBANK__KOTAKBANK,4,523.8076230401862,183350.81282743934,hold
2021-06-18,HDFCBANK__KOTAKBANK,4,-428.0087803670805,182922.80404707225,hold
2021-06-21,HDFCBANK__KOTAKBANK,4,-19.77201145119863,182903.03203562106,hold
2021-06-22,HDFCBANK__KOTAKBANK,4,-147.74975519050147,182755.28228043055,hold
2021-06-23,HDFCBANK__KOTAKBANK,4,-397.38553215967465,182357.89674827087,hold
2021-06-24,HDFCBANK__KOTAKBANK,4,-478.6101065857721,181879.2866416851,hold
2021-06-25,HDFCBANK__KOTAKBANK,4,-267.1017171781357,181612.18492450696,hold
2021-06-28,HDFCBANK__KOTAKBANK,4,118.61404176476884,181730.79896627172,hold
2021-06-29,HDFCBANK__KOTAKBANK,4,-478.48294895119864,181252.31601732053,hold
2021-06-30,HDFCBANK__KOTAKBANK,4,90.8860946864298,181343.20211200695,hold
2021-07-01,HDFCBANK__KOTAKBANK,4,432.98736605709547,181776.18947806404,hold
2021-07-02,HDFCBANK__KOTAKBANK,4,127.02205175112371,181903.21152981516,hold
2021-07-05,HDFCBANK__KOTAKBANK,4,-92.51006996468323,181810.70145985048,hold
2021-07-06,HDFCBANK__KOTAKBANK,4,-526.0750113709332,181284.62644847954,hold
2021-07-07,HDFCBANK__KOTAKBANK,4,-11.696343576091609,181272.93010490344,hold
2021-07-08,HDFCBANK__KOTAKBANK,4,-60.1663818359375,181212.7637230675,hold
2021-07-09,HDFCBANK__KOTAKBANK,4,221.11594405500855,181433.8796671225,hold
2021-07-12,HDFCBANK__KOTAKBANK,4,552.8139439412993,181986.6936110638,hold
2021-07-13,HDFCBANK__KOTAKBANK,4,-604.6356996181619,181382.05791144562,stop_out
2021-07-14,HDFCBANK__KOTAKBANK,4,0.0,181382.05791144562,flat
2021-07-15,HDFCBANK__KOTAKBANK,4,0.0,181382.05791144562,flat
2021-07-16,HDFCBANK__KOTAKBANK,4,0.0,181382.05791144562,flat
2021-07-19,HDFCBANK__KOTAKBANK,4,0.0,181382.05791144562,flat
2021-07-20,HDFCBANK__KOTAKBANK,4,0.0,181382.05791144562,flat
2021-07-22,HDFCBANK__KOTAKBANK,4,0.0,181382.05791144562,flat
2021-07-23,HDFCBANK__KOTAKBANK,4,0.0,181382.05791144562,flat
2021-07-26,HDFCBANK__KOTAKBANK,4,0.0,181382.05791144562,flat
2021-07-27,HDFCBANK__KOTAKBANK,4,0.0,181382.05791144562,flat
2021-07-28,HDFCBANK__KOTAKBANK,4,0.0,181382.05791144562,flat
2021-07-29,HDFCBANK__KOTAKBANK,4,0.0,181382.05791144562,flat
2021-07-30,HDFCBANK__KOTAKBANK,4,0.0,181382.05791144562,flat
2021-08-02,HDFCBANK__KOTAKBANK,4,0.0,181382.05791144562,flat
2021-08-03,HDFCBANK__KOTAKBANK,4,0.0,181382.05791144562,flat
2021-08-04,HDFCBANK__KOTAKBANK,4,0.0,181382.05791144562,flat
2021-08-05,HDFCBANK__KOTAKBANK,4,0.0,181382.05791144562,flat
2021-08-06,HDFCBANK__KOTAKBANK,4,0.0,181382.05791144562,flat
2021-08-09,HDFCBANK__KOTAKBANK,4,0.0,181382.05791144562,flat
2021-08-10,HDFCBANK__KOTAKBANK,4,0.0,181382.05791144562,flat
2021-08-11,HDFCBANK__KOTAKBANK,4,0.0,181382.05791144562,flat
2021-08-12,HDFCBANK__KOTAKBANK,4,0.0,181382.05791144562,flat
2021-08-13,HDFCBANK__KOTAKBANK,4,-900.2591630997299,180481.7987483459,entry
2021-08-16,HDFCBANK__KOTAKBANK,4,-261.24305881447987,180220.5556895314,hold
2021-08-17,HDFCBANK__KOTAKBANK,4,604.7960503063405,180825.35173983776,hold
2021-08-18,HDFCBANK__KOTAKBANK,4,-744.8024475599315,180080.54929227784,hold
2021-08-20,HDFCBANK__KOTAKBANK,4,-1002.3830938637035,179078.16619841414,hold
2021-08-23,HDFCBANK__KOTAKBANK,4,-44.531565108625855,179033.6346333055,hold
2021-08-24,HDFCBANK__KOTAKBANK,4,-1312.3284067650363,177721.30622654047,hold
2021-08-25,HDFCBANK__KOTAKBANK,4,-122.22965445740581,177599.07657208305,hold
2021-08-26,HDFCBANK__KOTAKBANK,4,75.93725532427226,177675.01382740733,hold
2021-08-27,HDFCBANK__KOTAKBANK,4,512.0460805062072,178187.05990791353,hold
2021-08-30,HDFCBANK__KOTAKBANK,4,-169.51093964041095,178017.54896827313,hold
2021-08-31,HDFCBANK__KOTAKBANK,4,-54.46827191914598,177963.08069635398,hold
2021-09-01,HDFCBANK__KOTAKBANK,4,-82.88188546794734,177880.19881088604,hold
2021-09-02,HDFCBANK__KOTAKBANK,4,287.8321573001391,178168.03096818618,hold
2021-09-03,HDFCBANK__KOTAKBANK,4,703.7054313262521,178871.73639951245,hold
2021-09-06,HDFCBANK__KOTAKBANK,4,-42.244392524614724,178829.49200698783,hold
2021-09-07,HDFCBANK__KOTAKBANK,4,-317.5372472308433,178511.95475975698,hold
2021-09-08,HDFCBANK__KOTAKBANK,4,794.6825514033069,179306.63731116027,hold
2021-09-09,HDFCBANK__KOTAKBANK,4,281.343440476509,179587.9807516368,hold
2021-09-13,HDFCBANK__KOTAKBANK,4,844.1334676664228,180432.1142193032,hold
2021-09-14,HDFCBANK__KOTAKBANK,4,-243.69468271464257,180188.41953658857,exit
2021-09-15,HDFCBANK__KOTAKBANK,4,0.0,180188.41953658857,flat
2021-09-16,HDFCBANK__KOTAKBANK,4,0.0,180188.41953658857,flat
2021-09-17,HDFCBANK__KOTAKBANK,4,0.0,180188.41953658857,flat
2021-09-20,HDFCBANK__KOTAKBANK,4,0.0,180188.41953658857,flat
2021-09-21,HDFCBANK__KOTAKBANK,4,0.0,180188.41953658857,flat
2021-09-22,HDFCBANK__KOTAKBANK,4,0.0,180188.41953658857,flat
2021-09-23,HDFCBANK__KOTAKBANK,4,0.0,180188.41953658857,flat
2021-09-24,HDFCBANK__KOTAKBANK,4,0.0,180188.41953658857,flat
2021-09-27,HDFCBANK__KOTAKBANK,4,0.0,180188.41953658857,flat
2021-09-28,HDFCBANK__KOTAKBANK,4,0.0,180188.41953658857,flat
2021-09-29,HDFCBANK__KOTAKBANK,4,0.0,180188.41953658857,flat
2021-09-30,HDFCBANK__KOTAKBANK,4,0.0,180188.41953658857,flat
2021-10-01,HDFCBANK__KOTAKBANK,4,0.0,180188.41953658857,flat
2021-10-04,HDFCBANK__KOTAKBANK,4,-824.597774736253,179363.8217618523,entry
2021-10-05,HDFCBANK__KOTAKBANK,4,-407.1078568901208,178956.71390496218,hold
2021-10-06,HDFCBANK__KOTAKBANK,4,-942.6976131942959,178014.01629176788,hold
2021-10-07,HDFCBANK__KOTAKBANK,4,65.568617358064,178079.58490912596,hold
2021-10-08,HDFCBANK__KOTAKBANK,4,-23.761029126311,178055.82387999966,hold
2021-10-11,HDFCBANK__KOTAKBANK,4,-316.16963650470893,177739.65424349497,hold
2021-10-12,HDFCBANK__KOTAKBANK,4,394.41360165948737,178134.06784515447,hold
2021-10-13,HDFCBANK__KOTAKBANK,4,-77.81119565362386,178056.25664950084,hold
2021-10-14,HDFCBANK__KOTAKBANK,4,-1234.4713905748383,176821.785258926,hold
2021-10-18,HDFCBANK__KOTAKBANK,4,379.411069553323,177201.1963284793,hold
2021-10-19,HDFCBANK__KOTAKBANK,4,-181.25239462154858,177019.94393385775,hold
2021-10-20,HDFCBANK__KOTAKBANK,4,116.96028071824165,177136.904214576,hold
2021-10-21,HDFCBANK__KOTAKBANK,4,1787.2476410497377,178924.15185562574,hold
2021-10-22,HDFCBANK__KOTAKBANK,4,266.99120478716287,179191.1430604129,hold
2021-10-25,HDFCBANK__KOTAKBANK,4,410.4569862378264,179601.6000466507,hold
2021-10-26,HDFCBANK__KOTAKBANK,4,-31.51595185910537,179570.08409479161,exit
2021-10-27,HDFCBANK__KOTAKBANK,4,0.0,179570.08409479161,flat
2021-10-28,HDFCBANK__KOTAKBANK,4,0.0,179570.08409479161,flat
2021-10-29,HDFCBANK__KOTAKBANK,4,0.0,179570.08409479161,flat
2021-11-01,HDFCBANK__KOTAKBANK,4,0.0,179570.08409479161,flat
2021-11-02,HDFCBANK__KOTAKBANK,4,0.0,179570.08409479161,flat
2021-11-03,HDFCBANK__KOTAKBANK,4,0.0,179570.08409479161,flat
2021-11-04,HDFCBANK__KOTAKBANK,4,0.0,179570.08409479161,flat
2021-11-08,HDFCBANK__KOTAKBANK,4,0.0,179570.08409479161,flat
2021-11-09,HDFCBANK__KOTAKBANK,4,0.0,179570.08409479161,flat
2021-11-10,HDFCBANK__KOTAKBANK,4,0.0,179570.08409479161,flat
2021-11-11,HDFCBANK__KOTAKBANK,4,0.0,179570.08409479161,flat
2021-11-12,HDFCBANK__KOTAKBANK,4,-733.6493246481416,178836.43477014347,entry
2021-11-15,HDFCBANK__KOTAKBANK,4,94.00404075810681,178930.43881090157,hold
2021-11-16,HDFCBANK__KOTAKBANK,4,104.72787759859268,179035.16668850018,hold
2021-11-17,HDFCBANK__KOTAKBANK,4,174.76241953726992,179209.92910803744,hold
2021-11-18,HDFCBANK__KOTAKBANK,4,-526.2995291664437,178683.62957887098,hold
2021-11-22,HDFCBANK__KOTAKBANK,4,-19.413510370959976,178664.2160685,hold
2021-11-23,HDFCBANK__KOTAKBANK,4,253.341444553323,178917.55751305333,hold
2021-11-24,HDFCBANK__KOTAKBANK,4,200.12536946168663,179117.68288251502,hold
2021-11-25,HDFCBANK__KOTAKBANK,4,4.251675834760274,179121.93455834978,hold
2021-11-26,HDFCBANK__KOTAKBANK,4,294.20152246762626,179416.1360808174,hold
2021-11-29,HDFCBANK__KOTAKBANK,4,217.7674172396725,179633.90349805707,hold
2021-11-30,HDFCBANK__KOTAKBANK,5,-360.0005398785317,179273.90295817854,hold
2021-12-01,HDFCBANK__KOTAKBANK,5,-398.7962630932952,178875.10669508524,hold
2021-12-02,HDFCBANK__KOTAKBANK,5,-484.88056868378106,178390.22612640145,hold
2021-12-03,HDFCBANK__KOTAKBANK,5,-161.2825401661494,178228.9435862353,hold
2021-12-06,HDFCBANK__KOTAKBANK,5,-23.27763399307042,178205.66595224224,hold
2021-12-07,HDFCBANK__KOTAKBANK,5,-106.13575924724422,178099.530192995,hold
2021-12-08,HDFCBANK__KOTAKBANK,5,-947.651429764421,177151.87876323058,hold
2021-12-09,HDFCBANK__KOTAKBANK,5,694.206072546554,177846.08483577712,hold
2021-12-10,HDFCBANK__KOTAKBANK,5,-81.95921203446062,177764.12562374264,hold
2021-12-13,HDFCBANK__KOTAKBANK,5,74.43170824526433,177838.55733198792,hold
2021-12-14,HDFCBANK__KOTAKBANK,5,-88.36200083275085,177750.19533115518,hold
2021-12-15,HDFCBANK__KOTAKBANK,5,322.1474415366785,178072.34277269186,hold
2021-12-16,HDFCBANK__KOTAKBANK,5,-76.75956547650898,177995.58320721536,hold
2021-12-17,HDFCBANK__KOTAKBANK,5,83.61614912644478,178079.1993563418,hold
2021-12-20,HDFCBANK__KOTAKBANK,5,403.4253623826286,178482.62471872443,exit
2021-12-21,HDFCBANK__KOTAKBANK,5,0.0,178482.62471872443,flat
2021-12-22,HDFCBANK__KOTAKBANK,5,0.0,178482.62471872443,flat
2021-12-23,HDFCBANK__KOTAKBANK,5,0.0,178482.62471872443,flat
2021-12-24,HDFCBANK__KOTAKBANK,5,0.0,178482.62471872443,flat
2021-12-27,HDFCBANK__KOTAKBANK,5,0.0,178482.62471872443,flat
2021-12-28,HDFCBANK__KOTAKBANK,5,0.0,178482.62471872443,flat
2021-12-29,HDFCBANK__KOTAKBANK,5,0.0,178482.62471872443,flat
2021-12-30,HDFCBANK__KOTAKBANK,5,0.0,178482.62471872443,flat
2021-12-31,HDFCBANK__KOTAKBANK,5,0.0,178482.62471872443,flat
2022-01-03,HDFCBANK__KOTAKBANK,5,0.0,178482.62471872443,flat
2022-01-04,HDFCBANK__KOTAKBANK,5,0.0,178482.62471872443,flat
2022-01-05,HDFCBANK__KOTAKBANK,5,0.0,178482.62471872443,flat
2022-01-06,HDFCBANK__KOTAKBANK,5,0.0,178482.62471872443,flat
2022-01-07,HDFCBANK__KOTAKBANK,5,0.0,178482.62471872443,flat
2022-01-10,HDFCBANK__KOTAKBANK,5,0.0,178482.62471872443,flat
2022-01-11,HDFCBANK__KOTAKBANK,5,0.0,178482.62471872443,flat
2022-01-12,HDFCBANK__KOTAKBANK,5,0.0,178482.62471872443,flat
2022-01-13,HDFCBANK__KOTAKBANK,5,0.0,178482.62471872443,flat
2022-01-14,HDFCBANK__KOTAKBANK,5,0.0,178482.62471872443,flat
2022-01-17,HDFCBANK__KOTAKBANK,5,0.0,178482.62471872443,flat
2022-01-18,HDFCBANK__KOTAKBANK,5,0.0,178482.62471872443,flat
2022-01-19,HDFCBANK__KOTAKBANK,5,0.0,178482.62471872443,flat
2022-01-20,HDFCBANK__KOTAKBANK,5,0.0,178482.62471872443,flat
2022-01-21,HDFCBANK__KOTAKBANK,5,0.0,178482.62471872443,flat
2022-01-24,HDFCBANK__KOTAKBANK,5,0.0,178482.62471872443,flat
2022-01-25,HDFCBANK__KOTAKBANK,5,0.0,178482.62471872443,flat
2022-01-27,HDFCBANK__KOTAKBANK,5,0.0,178482.62471872443,flat
2022-01-28,HDFCBANK__KOTAKBANK,5,0.0,178482.62471872443,flat
2022-01-31,HDFCBANK__KOTAKBANK,5,0.0,178482.62471872443,flat
2022-02-01,HDFCBANK__KOTAKBANK,5,0.0,178482.62471872443,flat
2022-02-02,HDFCBANK__KOTAKBANK,5,0.0,178482.62471872443,flat
2022-02-03,HDFCBANK__KOTAKBANK,5,0.0,178482.62471872443,flat
2022-02-04,HDFCBANK__KOTAKBANK,5,0.0,178482.62471872443,flat
2022-02-07,HDFCBANK__KOTAKBANK,5,0.0,178482.62471872443,flat
2022-02-08,HDFCBANK__KOTAKBANK,5,0.0,178482.62471872443,flat
2022-02-09,HDFCBANK__KOTAKBANK,5,0.0,178482.62471872443,flat
2022-02-10,HDFCBANK__KOTAKBANK,5,0.0,178482.62471872443,flat
2022-02-11,HDFCBANK__KOTAKBANK,5,0.0,178482.62471872443,flat
2022-02-14,HDFCBANK__KOTAKBANK,5,0.0,178482.62471872443,flat
2022-02-15,HDFCBANK__KOTAKBANK,5,0.0,178482.62471872443,flat
2022-02-16,HDFCBANK__KOTAKBANK,5,0.0,178482.62471872443,flat
2022-02-17,HDFCBANK__KOTAKBANK,5,0.0,178482.62471872443,flat
2022-02-18,HDFCBANK__KOTAKBANK,5,0.0,178482.62471872443,flat
2022-02-21,HDFCBANK__KOTAKBANK,5,0.0,178482.62471872443,flat
2022-02-22,HDFCBANK__KOTAKBANK,5,0.0,178482.62471872443,flat
2022-02-23,HDFCBANK__KOTAKBANK,5,0.0,178482.62471872443,flat
2022-02-24,HDFCBANK__KOTAKBANK,5,0.0,178482.62471872443,flat
2022-02-25,HDFCBANK__KOTAKBANK,5,0.0,178482.62471872443,flat
2022-02-28,HDFCBANK__KOTAKBANK,5,0.0,178482.62471872443,flat
2022-03-02,HDFCBANK__KOTAKBANK,5,0.0,178482.62471872443,flat
2022-03-03,HDFCBANK__KOTAKBANK,5,0.0,178482.62471872443,flat
2022-03-04,HDFCBANK__KOTAKBANK,5,0.0,178482.62471872443,flat
2022-03-07,HDFCBANK__KOTAKBANK,5,0.0,178482.62471872443,flat
2022-03-08,HDFCBANK__KOTAKBANK,5,0.0,178482.62471872443,flat
2022-03-09,HDFCBANK__KOTAKBANK,5,0.0,178482.62471872443,flat
2022-03-10,HDFCBANK__KOTAKBANK,5,0.0,178482.62471872443,flat
2022-03-11,HDFCBANK__KOTAKBANK,5,0.0,178482.62471872443,flat
2022-03-14,HDFCBANK__KOTAKBANK,5,0.0,178482.62471872443,flat
2022-03-15,HDFCBANK__KOTAKBANK,5,0.0,178482.62471872443,flat
2022-03-16,HDFCBANK__KOTAKBANK,5,0.0,178482.62471872443,flat
2022-03-17,HDFCBANK__KOTAKBANK,5,0.0,178482.62471872443,flat
2022-03-21,HDFCBANK__KOTAKBANK,5,0.0,178482.62471872443,flat
2022-03-22,HDFCBANK__KOTAKBANK,5,0.0,178482.62471872443,flat
2022-03-23,HDFCBANK__KOTAKBANK,5,0.0,178482.62471872443,flat
2022-03-24,HDFCBANK__KOTAKBANK,5,0.0,178482.62471872443,flat
2022-03-25,HDFCBANK__KOTAKBANK,5,0.0,178482.62471872443,flat
2022-03-28,HDFCBANK__KOTAKBANK,5,0.0,178482.62471872443,flat
2022-03-29,HDFCBANK__KOTAKBANK,5,0.0,178482.62471872443,flat
2022-03-30,HDFCBANK__KOTAKBANK,5,0.0,178482.62471872443,flat
2022-03-31,HDFCBANK__KOTAKBANK,5,0.0,178482.62471872443,flat
2022-04-01,HDFCBANK__KOTAKBANK,5,0.0,178482.62471872443,flat
2022-04-04,HDFCBANK__KOTAKBANK,5,-726.3411446414304,177756.283574083,entry
2022-04-05,HDFCBANK__KOTAKBANK,5,1009.8653064834385,178766.14888056644,hold
2022-04-06,HDFCBANK__KOTAKBANK,5,1405.532207141615,180171.68108770804,hold
2022-04-07,HDFCBANK__KOTAKBANK,5,838.3784960469285,181010.05958375498,hold
2022-04-08,HDFCBANK__KOTAKBANK,5,271.5374847596051,181281.5970685146,hold
2022-04-11,HDFCBANK__KOTAKBANK,5,523.1281597147903,181804.7252282294,hold
2022-04-12,HDFCBANK__KOTAKBANK,5,-459.28873354728734,181345.4364946821,exit
2022-04-13,HDFCBANK__KOTAKBANK,5,0.0,181345.4364946821,flat
2022-04-18,HDFCBANK__KOTAKBANK,5,0.0,181345.4364946821,flat
2022-04-19,HDFCBANK__KOTAKBANK,5,0.0,181345.4364946821,flat
2022-04-20,HDFCBANK__KOTAKBANK,5,0.0,181345.4364946821,flat
2022-04-21,HDFCBANK__KOTAKBANK,5,0.0,181345.4364946821,flat
2022-04-22,HDFCBANK__KOTAKBANK,5,0.0,181345.4364946821,flat
2022-04-25,HDFCBANK__KOTAKBANK,5,0.0,181345.4364946821,flat
2022-04-26,HDFCBANK__KOTAKBANK,5,0.0,181345.4364946821,flat
2022-04-27,HDFCBANK__KOTAKBANK,5,0.0,181345.4364946821,flat
2022-04-28,HDFCBANK__KOTAKBANK,5,0.0,181345.4364946821,flat
2022-04-29,HDFCBANK__KOTAKBANK,5,0.0,181345.4364946821,flat
2022-05-02,HDFCBANK__KOTAKBANK,5,0.0,181345.4364946821,flat
2022-05-04,HDFCBANK__KOTAKBANK,5,0.0,181345.4364946821,flat
2022-05-05,HDFCBANK__KOTAKBANK,5,0.0,181345.4364946821,flat
2022-05-06,HDFCBANK__KOTAKBANK,5,0.0,181345.4364946821,flat
2022-05-09,HDFCBANK__KOTAKBANK,5,0.0,181345.4364946821,flat
2022-05-10,HDFCBANK__KOTAKBANK,5,0.0,181345.4364946821,flat
2022-05-11,HDFCBANK__KOTAKBANK,5,0.0,181345.4364946821,flat
2022-05-12,HDFCBANK__KOTAKBANK,5,0.0,181345.4364946821,flat
2022-05-13,HDFCBANK__KOTAKBANK,5,0.0,181345.4364946821,flat
2022-05-16,HDFCBANK__KOTAKBANK,5,0.0,181345.4364946821,flat
2022-05-17,HDFCBANK__KOTAKBANK,5,0.0,181345.4364946821,flat
2022-05-18,HDFCBANK__KOTAKBANK,5,0.0,181345.4364946821,flat
2022-05-19,HDFCBANK__KOTAKBANK,5,0.0,181345.4364946821,flat
2022-05-20,HDFCBANK__KOTAKBANK,5,0.0,181345.4364946821,flat
2022-05-23,HDFCBANK__KOTAKBANK,5,0.0,181345.4364946821,flat
2022-05-24,HDFCBANK__KOTAKBANK,5,0.0,181345.4364946821,flat
2022-05-25,HDFCBANK__KOTAKBANK,5,0.0,181345.4364946821,flat
2022-05-26,HDFCBANK__KOTAKBANK,5,0.0,181345.4364946821,flat
2022-05-27,HDFCBANK__KOTAKBANK,5,0.0,181345.4364946821,flat
2022-05-30,HDFCBANK__KOTAKBANK,6,0.0,181345.4364946821,flat
2022-05-31,HDFCBANK__KOTAKBANK,6,0.0,181345.4364946821,flat
2022-06-01,HDFCBANK__KOTAKBANK,6,0.0,181345.4364946821,flat
2022-06-02,HDFCBANK__KOTAKBANK,6,0.0,181345.4364946821,flat
2022-06-03,HDFCBANK__KOTAKBANK,6,0.0,181345.4364946821,flat
2022-06-06,HDFCBANK__KOTAKBANK,6,0.0,181345.4364946821,flat
2022-06-07,HDFCBANK__KOTAKBANK,6,0.0,181345.4364946821,flat
2022-06-08,HDFCBANK__KOTAKBANK,6,0.0,181345.4364946821,flat
2022-06-09,HDFCBANK__KOTAKBANK,6,0.0,181345.4364946821,flat
2022-06-10,HDFCBANK__KOTAKBANK,6,0.0,181345.4364946821,flat
2022-06-13,HDFCBANK__KOTAKBANK,6,0.0,181345.4364946821,flat
2022-06-14,HDFCBANK__KOTAKBANK,6,0.0,181345.4364946821,flat
2022-06-15,HDFCBANK__KOTAKBANK,6,0.0,181345.4364946821,flat
2022-06-16,HDFCBANK__KOTAKBANK,6,0.0,181345.4364946821,flat
2022-06-17,HDFCBANK__KOTAKBANK,6,0.0,181345.4364946821,flat
2022-06-20,HDFCBANK__KOTAKBANK,6,0.0,181345.4364946821,flat
2022-06-21,HDFCBANK__KOTAKBANK,6,0.0,181345.4364946821,flat
2022-06-22,HDFCBANK__KOTAKBANK,6,0.0,181345.4364946821,flat
2022-06-23,HDFCBANK__KOTAKBANK,6,0.0,181345.4364946821,flat
2022-06-24,HDFCBANK__KOTAKBANK,6,0.0,181345.4364946821,flat
2022-06-27,HDFCBANK__KOTAKBANK,6,0.0,181345.4364946821,flat
2022-06-28,HDFCBANK__KOTAKBANK,6,0.0,181345.4364946821,flat
2022-06-29,HDFCBANK__KOTAKBANK,6,0.0,181345.4364946821,flat
2022-06-30,HDFCBANK__KOTAKBANK,6,0.0,181345.4364946821,flat
2022-07-01,HDFCBANK__KOTAKBANK,6,0.0,181345.4364946821,flat
2022-07-04,HDFCBANK__KOTAKBANK,6,0.0,181345.4364946821,flat
2022-07-05,HDFCBANK__KOTAKBANK,6,0.0,181345.4364946821,flat
2022-07-06,HDFCBANK__KOTAKBANK,6,0.0,181345.4364946821,flat
2022-07-07,HDFCBANK__KOTAKBANK,6,0.0,181345.4364946821,flat
2022-07-08,HDFCBANK__KOTAKBANK,6,0.0,181345.4364946821,flat
2022-07-11,HDFCBANK__KOTAKBANK,6,0.0,181345.4364946821,flat
2022-07-12,HDFCBANK__KOTAKBANK,6,0.0,181345.4364946821,flat
2022-07-13,HDFCBANK__KOTAKBANK,6,-861.7807124314768,180483.65578225063,entry
2022-07-14,HDFCBANK__KOTAKBANK,6,-1045.004744515204,179438.65103773543,hold
2022-07-15,HDFCBANK__KOTAKBANK,6,109.95191465111301,179548.60295238654,hold
2022-07-18,HDFCBANK__KOTAKBANK,6,-2174.44834963613,177374.1546027504,hold
2022-07-19,HDFCBANK__KOTAKBANK,6,279.7020059262628,177653.85660867667,hold
2022-07-20,HDFCBANK__KOTAKBANK,6,1026.8973108077375,178680.7539194844,hold
2022-07-21,HDFCBANK__KOTAKBANK,6,445.0822140344071,179125.8361335188,hold
2022-07-22,HDFCBANK__KOTAKBANK,6,938.164867247699,180064.0010007665,hold
2022-07-25,HDFCBANK__KOTAKBANK,6,976.9926544038956,181040.9936551704,hold
2022-07-26,HDFCBANK__KOTAKBANK,6,685.3488192623608,181726.34247443275,hold
2022-07-27,HDFCBANK__KOTAKBANK,6,713.8865074044842,182440.22898183722,hold
2022-07-28,HDFCBANK__KOTAKBANK,6,-1219.2542134056614,181220.97476843157,hold
2022-07-29,HDFCBANK__KOTAKBANK,6,1315.2242076666776,182536.19897609824,hold
2022-08-01,HDFCBANK__KOTAKBANK,6,-528.0861773999287,182008.1127986983,hold
2022-08-02,HDFCBANK__KOTAKBANK,6,-1526.3766369929972,180481.7361617053,hold
2022-08-03,HDFCBANK__KOTAKBANK,6,986.9736112277932,181468.7097729331,hold
2022-08-04,HDFCBANK__KOTAKBANK,6,288.406825148491,181757.1165980816,hold
2022-08-05,HDFCBANK__KOTAKBANK,6,-214.19739797596685,181542.91920010562,hold
2022-08-08,HDFCBANK__KOTAKBANK,6,-111.7942037958328,181431.12499630978,exit
2022-08-10,HDFCBANK__KOTAKBANK,6,0.0,181431.12499630978,flat
2022-08-11,HDFCBANK__KOTAKBANK,6,0.0,181431.12499630978,flat
2022-08-12,HDFCBANK__KOTAKBANK,6,0.0,181431.12499630978,flat
2022-08-16,HDFCBANK__KOTAKBANK,6,0.0,181431.12499630978,flat
2022-08-17,HDFCBANK__KOTAKBANK,6,0.0,181431.12499630978,flat
2022-08-18,HDFCBANK__KOTAKBANK,6,0.0,181431.12499630978,flat
2022-08-19,HDFCBANK__KOTAKBANK,6,0.0,181431.12499630978,flat
2022-08-22,HDFCBANK__KOTAKBANK,6,0.0,181431.12499630978,flat
2022-08-23,HDFCBANK__KOTAKBANK,6,0.0,181431.12499630978,flat
2022-08-24,HDFCBANK__KOTAKBANK,6,0.0,181431.12499630978,flat
2022-08-25,HDFCBANK__KOTAKBANK,6,0.0,181431.12499630978,flat
2022-08-26,HDFCBANK__KOTAKBANK,6,-859.0737305624541,180572.05126574732,entry
2022-08-29,HDFCBANK__KOTAKBANK,6,79.75206204850707,180651.80332779582,hold
2022-08-30,HDFCBANK__KOTAKBANK,6,306.8872351308326,180958.69056292664,hold
2022-09-01,HDFCBANK__KOTAKBANK,6,-212.69356077763806,180745.997002149,hold
2022-09-02,HDFCBANK__KOTAKBANK,6,126.64744708836761,180872.64444923736,hold
2022-09-05,HDFCBANK__KOTAKBANK,6,-34.22092028975353,180838.4235289476,hold
2022-09-06,HDFCBANK__KOTAKBANK,6,184.4471097997378,181022.87063874735,hold
2022-09-07,HDFCBANK__KOTAKBANK,6,-93.35638245799443,180929.51425628935,hold
2022-09-08,HDFCBANK__KOTAKBANK,6,90.1639532955594,181019.6782095849,hold
2022-09-09,HDFCBANK__KOTAKBANK,6,82.28941682831689,181101.9676264132,hold
2022-09-12,HDFCBANK__KOTAKBANK,6,-117.07875986595677,180984.88886654726,hold
2022-09-13,HDFCBANK__KOTAKBANK,6,576.6937796747868,181561.58264622206,hold
2022-09-14,HDFCBANK__KOTAKBANK,6,-56.00615745397656,181505.57648876807,hold
2022-09-15,HDFCBANK__KOTAKBANK,6,91.69207392444349,181597.2685626925,hold
2022-09-16,HDFCBANK__KOTAKBANK,6,-765.0204341890518,180832.24812850344,hold
2022-09-19,HDFCBANK__KOTAKBANK,6,295.19660063610337,181127.44472913953,hold
2022-09-20,HDFCBANK__KOTAKBANK,6,358.84937433781033,181486.29410347735,hold
2022-09-21,HDFCBANK__KOTAKBANK,6,267.42966042380135,181753.72376390116,hold
2022-09-22,HDFCBANK__KOTAKBANK,6,-540.3357870123922,181213.38797688877,hold
2022-09-23,HDFCBANK__KOTAKBANK,6,-690.9264990602213,180522.46147782856,hold
2022-09-26,HDFCBANK__KOTAKBANK,6,-34.55394202161815,180487.90753580694,hold
2022-09-27,HDFCBANK__KOTAKBANK,6,97.60270412831764,180585.51023993525,hold
2022-09-28,HDFCBANK__KOTAKBANK,6,-611.3785233371682,179974.1317165981,hold
2022-09-29,HDFCBANK__KOTAKBANK,6,223.32400876230736,180197.4557253604,hold
2022-09-30,HDFCBANK__KOTAKBANK,6,267.7594653888814,180465.2151907493,hold
2022-10-03,HDFCBANK__KOTAKBANK,6,324.5805263504701,180789.79571709977,hold
2022-10-04,HDFCBANK__KOTAKBANK,6,24.7115683084362,180814.5072854082,exit
2022-10-06,HDFCBANK__KOTAKBANK,6,0.0,180814.5072854082,flat
2022-10-07,HDFCBANK__KOTAKBANK,6,0.0,180814.5072854082,flat
2022-10-10,HDFCBANK__KOTAKBANK,6,0.0,180814.5072854082,flat
2022-10-11,HDFCBANK__KOTAKBANK,6,0.0,180814.5072854082,flat
2022-10-12,HDFCBANK__KOTAKBANK,6,0.0,180814.5072854082,flat
2022-10-13,HDFCBANK__KOTAKBANK,6,0.0,180814.5072854082,flat
2022-10-14,HDFCBANK__KOTAKBANK,6,0.0,180814.5072854082,flat
2022-10-17,HDFCBANK__KOTAKBANK,6,0.0,180814.5072854082,flat
2022-10-18,HDFCBANK__KOTAKBANK,6,0.0,180814.5072854082,flat
2022-10-19,HDFCBANK__KOTAKBANK,6,0.0,180814.5072854082,flat
2022-10-20,HDFCBANK__KOTAKBANK,6,0.0,180814.5072854082,flat
2022-10-21,HDFCBANK__KOTAKBANK,6,0.0,180814.5072854082,flat
2022-10-24,HDFCBANK__KOTAKBANK,6,0.0,180814.5072854082,flat
2022-10-25,HDFCBANK__KOTAKBANK,6,0.0,180814.5072854082,flat
2022-10-27,HDFCBANK__KOTAKBANK,6,0.0,180814.5072854082,flat
2022-10-28,HDFCBANK__KOTAKBANK,6,0.0,180814.5072854082,flat
2022-10-31,HDFCBANK__KOTAKBANK,6,0.0,180814.5072854082,flat
2022-11-01,HDFCBANK__KOTAKBANK,6,0.0,180814.5072854082,flat
2022-11-02,HDFCBANK__KOTAKBANK,6,0.0,180814.5072854082,flat
2022-11-03,HDFCBANK__KOTAKBANK,6,0.0,180814.5072854082,flat
2022-11-04,HDFCBANK__KOTAKBANK,6,0.0,180814.5072854082,flat
2022-11-07,HDFCBANK__KOTAKBANK,6,0.0,180814.5072854082,flat
2022-11-09,HDFCBANK__KOTAKBANK,6,0.0,180814.5072854082,flat
2022-11-10,HDFCBANK__KOTAKBANK,6,0.0,180814.5072854082,flat
2022-11-11,HDFCBANK__KOTAKBANK,6,0.0,180814.5072854082,flat
2022-11-14,HDFCBANK__KOTAKBANK,6,0.0,180814.5072854082,flat
2022-11-15,HDFCBANK__KOTAKBANK,6,0.0,180814.5072854082,flat
2022-11-16,HDFCBANK__KOTAKBANK,6,0.0,180814.5072854082,flat
2022-11-17,HDFCBANK__KOTAKBANK,6,0.0,180814.5072854082,flat
2022-11-18,HDFCBANK__KOTAKBANK,6,0.0,180814.5072854082,flat
2022-11-21,HDFCBANK__KOTAKBANK,6,0.0,180814.5072854082,flat
2022-11-22,HDFCBANK__KOTAKBANK,6,0.0,180814.5072854082,flat
2022-11-23,HDFCBANK__KOTAKBANK,6,0.0,180814.5072854082,flat
2022-11-24,HDFCBANK__KOTAKBANK,6,0.0,180814.5072854082,flat
2022-11-25,HDFCBANK__KOTAKBANK,6,0.0,180814.5072854082,flat
2022-11-28,HDFCBANK__KOTAKBANK,6,0.0,180814.5072854082,flat
2022-11-29,HDFCBANK__KOTAKBANK,6,0.0,180814.5072854082,flat
2022-11-30,HDFCBANK__KOTAKBANK,7,0.0,180814.5072854082,flat
2022-12-01,HDFCBANK__KOTAKBANK,7,0.0,180814.5072854082,flat
2022-12-02,HDFCBANK__KOTAKBANK,7,0.0,180814.5072854082,flat
2022-12-05,HDFCBANK__KOTAKBANK,7,0.0,180814.5072854082,flat
2022-12-06,HDFCBANK__KOTAKBANK,7,0.0,180814.5072854082,flat
2022-12-07,HDFCBANK__KOTAKBANK,7,0.0,180814.5072854082,flat
2022-12-08,HDFCBANK__KOTAKBANK,7,0.0,180814.5072854082,flat
2022-12-09,HDFCBANK__KOTAKBANK,7,0.0,180814.5072854082,flat
2022-12-12,HDFCBANK__KOTAKBANK,7,0.0,180814.5072854082,flat
2022-12-13,HDFCBANK__KOTAKBANK,7,0.0,180814.5072854082,flat
2022-12-14,HDFCBANK__KOTAKBANK,7,0.0,180814.5072854082,flat
2022-12-15,HDFCBANK__KOTAKBANK,7,0.0,180814.5072854082,flat
2022-12-16,HDFCBANK__KOTAKBANK,7,0.0,180814.5072854082,flat
2022-12-19,HDFCBANK__KOTAKBANK,7,0.0,180814.5072854082,flat
2022-12-20,HDFCBANK__KOTAKBANK,7,0.0,180814.5072854082,flat
2022-12-21,HDFCBANK__KOTAKBANK,7,0.0,180814.5072854082,flat
2022-12-22,HDFCBANK__KOTAKBANK,7,0.0,180814.5072854082,flat
2022-12-23,HDFCBANK__KOTAKBANK,7,0.0,180814.5072854082,flat
2022-12-26,HDFCBANK__KOTAKBANK,7,0.0,180814.5072854082,flat
2022-12-27,HDFCBANK__KOTAKBANK,7,0.0,180814.5072854082,flat
2022-12-28,HDFCBANK__KOTAKBANK,7,0.0,180814.5072854082,flat
2022-12-29,HDFCBANK__KOTAKBANK,7,0.0,180814.5072854082,flat
2022-12-30,HDFCBANK__KOTAKBANK,7,0.0,180814.5072854082,flat
2023-01-02,HDFCBANK__KOTAKBANK,7,0.0,180814.5072854082,flat
2023-01-03,HDFCBANK__KOTAKBANK,7,0.0,180814.5072854082,flat
2023-01-04,HDFCBANK__KOTAKBANK,7,0.0,180814.5072854082,flat
2023-01-05,HDFCBANK__KOTAKBANK,7,0.0,180814.5072854082,flat
2023-01-06,HDFCBANK__KOTAKBANK,7,0.0,180814.5072854082,flat
2023-01-09,HDFCBANK__KOTAKBANK,7,0.0,180814.5072854082,flat
2023-01-10,HDFCBANK__KOTAKBANK,7,0.0,180814.5072854082,flat
2023-01-11,HDFCBANK__KOTAKBANK,7,0.0,180814.5072854082,flat
2023-01-12,HDFCBANK__KOTAKBANK,7,-955.9302070244839,179858.57707838374,entry
2023-01-13,HDFCBANK__KOTAKBANK,7,-32.41427361140839,179826.16280477232,hold
2023-01-16,HDFCBANK__KOTAKBANK,7,614.7310562326091,180440.89386100494,hold
2023-01-17,HDFCBANK__KOTAKBANK,7,-462.1618681172484,179978.73199288768,hold
2023-01-18,HDFCBANK__KOTAKBANK,7,-917.2283935613689,179061.5035993263,hold
2023-01-19,HDFCBANK__KOTAKBANK,7,-1061.9927193720569,177999.51087995424,hold
2023-01-20,HDFCBANK__KOTAKBANK,7,-685.5629657734984,177313.94791418072,hold
2023-01-23,HDFCBANK__KOTAKBANK,7,124.87736815068493,177438.8252823314,hold
2023-01-24,HDFCBANK__KOTAKBANK,7,-1365.1583744180684,176073.66690791334,hold
2023-01-25,HDFCBANK__KOTAKBANK,7,1272.584400236783,177346.25130815012,hold
2023-01-27,HDFCBANK__KOTAKBANK,7,127.60780771083049,177473.85911586095,hold
2023-01-30,HDFCBANK__KOTAKBANK,7,383.87719818198843,177857.73631404294,hold
2023-01-31,HDFCBANK__KOTAKBANK,7,465.0518055035317,178322.78811954646,hold
2023-02-01,HDFCBANK__KOTAKBANK,7,-455.21756370398117,177867.57055584248,hold
2023-02-02,HDFCBANK__KOTAKBANK,7,1233.732156805169,179101.30271264765,hold
2023-02-03,HDFCBANK__KOTAKBANK,7,-1372.217791229666,177729.084921418,hold
2023-02-06,HDFCBANK__KOTAKBANK,7,-641.1074697600064,177087.977451658,hold
2023-02-07,HDFCBANK__KOTAKBANK,7,642.7569045577376,177730.73435621572,hold
2023-02-08,HDFCBANK__KOTAKBANK,7,-262.0064102967145,177468.727945919,hold
2023-02-09,HDFCBANK__KOTAKBANK,7,242.49714854452054,177711.22509446353,hold
2023-02-10,HDFCBANK__KOTAKBANK,7,-199.7094497270976,177511.51564473644,hold
2023-02-13,HDFCBANK__KOTAKBANK,7,-8.201028393889128,177503.31461634254,hold
2023-02-14,HDFCBANK__KOTAKBANK,7,-611.2386311871254,176892.07598515542,hold
2023-02-15,HDFCBANK__KOTAKBANK,7,493.41812842465754,177385.49411358006,hold
2023-02-16,HDFCBANK__KOTAKBANK,7,252.25384041228926,177637.74795399234,hold
2023-02-17,HDFCBANK__KOTAKBANK,7,-478.738011056553,177159.00994293578,hold
2023-02-20,HDFCBANK__KOTAKBANK,7,-64.61441799550514,177094.39552494028,hold
2023-02-21,HDFCBANK__KOTAKBANK,7,-400.1943265865796,176694.2011983537,hold
2023-02-22,HDFCBANK__KOTAKBANK,7,292.0958304861408,176986.29702883982,hold
2023-02-23,HDFCBANK__KOTAKBANK,7,522.949620010167,177509.24664884998,hold
2023-02-24,HDFCBANK__KOTAKBANK,7,207.8894938864512,177717.13614273642,hold
2023-02-27,HDFCBANK__KOTAKBANK,7,599.8893764514662,178317.02551918788,hold
2023-02-28,HDFCBANK__KOTAKBANK,7,-148.54866047062285,178168.47685871727,hold
2023-03-01,HDFCBANK__KOTAKBANK,7,445.4813551744435,178613.95821389172,hold
2023-03-02,HDFCBANK__KOTAKBANK,7,-161.35070913152825,178452.60750476018,hold
2023-03-03,HDFCBANK__KOTAKBANK,7,-296.4531622765946,178156.15434248358,hold
2023-03-06,HDFCBANK__KOTAKBANK,7,-390.3308575957834,177765.8234848878,hold
2023-03-08,HDFCBANK__KOTAKBANK,7,-399.70973172624144,177366.11375316157,hold
2023-03-09,HDFCBANK__KOTAKBANK,7,-625.9653393755351,176740.14841378602,hold
2023-03-10,HDFCBANK__KOTAKBANK,7,933.506239893247,177673.65465367926,hold
2023-03-13,HDFCBANK__KOTAKBANK,7,-613.529117178764,177060.1255365005,stop_out
2023-03-14,HDFCBANK__KOTAKBANK,7,0.0,177060.1255365005,flat
2023-03-15,HDFCBANK__KOTAKBANK,7,0.0,177060.1255365005,flat
2023-03-16,HDFCBANK__KOTAKBANK,7,0.0,177060.1255365005,flat
2023-03-17,HDFCBANK__KOTAKBANK,7,0.0,177060.1255365005,flat
2023-03-20,HDFCBANK__KOTAKBANK,7,0.0,177060.1255365005,flat
2023-03-21,HDFCBANK__KOTAKBANK,7,0.0,177060.1255365005,flat
2023-03-22,HDFCBANK__KOTAKBANK,7,0.0,177060.1255365005,flat
2023-03-23,HDFCBANK__KOTAKBANK,7,0.0,177060.1255365005,flat
2023-03-24,HDFCBANK__KOTAKBANK,7,0.0,177060.1255365005,flat
2023-03-27,HDFCBANK__KOTAKBANK,7,0.0,177060.1255365005,flat
2023-03-28,HDFCBANK__KOTAKBANK,7,0.0,177060.1255365005,flat
2023-03-29,HDFCBANK__KOTAKBANK,7,0.0,177060.1255365005,flat
2023-03-31,HDFCBANK__KOTAKBANK,7,0.0,177060.1255365005,flat
2023-04-03,HDFCBANK__KOTAKBANK,7,0.0,177060.1255365005,flat
2023-04-05,HDFCBANK__KOTAKBANK,7,0.0,177060.1255365005,flat
2023-04-06,HDFCBANK__KOTAKBANK,7,0.0,177060.1255365005,flat
2023-04-10,HDFCBANK__KOTAKBANK,7,0.0,177060.1255365005,flat
2023-04-11,HDFCBANK__KOTAKBANK,7,0.0,177060.1255365005,flat
2023-04-12,HDFCBANK__KOTAKBANK,7,0.0,177060.1255365005,flat
2023-04-13,HDFCBANK__KOTAKBANK,7,0.0,177060.1255365005,flat
2023-04-17,HDFCBANK__KOTAKBANK,7,0.0,177060.1255365005,flat
2023-04-18,HDFCBANK__KOTAKBANK,7,0.0,177060.1255365005,flat
2023-04-19,HDFCBANK__KOTAKBANK,7,0.0,177060.1255365005,flat
2023-04-20,HDFCBANK__KOTAKBANK,7,0.0,177060.1255365005,flat
2023-04-21,HDFCBANK__KOTAKBANK,7,0.0,177060.1255365005,flat
2023-04-24,HDFCBANK__KOTAKBANK,7,0.0,177060.1255365005,flat
2023-04-25,HDFCBANK__KOTAKBANK,7,0.0,177060.1255365005,flat
2023-04-26,HDFCBANK__KOTAKBANK,7,0.0,177060.1255365005,flat
2023-04-27,HDFCBANK__KOTAKBANK,7,0.0,177060.1255365005,flat
2023-04-28,HDFCBANK__KOTAKBANK,7,0.0,177060.1255365005,flat
2023-05-02,HDFCBANK__KOTAKBANK,7,0.0,177060.1255365005,flat
2023-05-03,HDFCBANK__KOTAKBANK,7,0.0,177060.1255365005,flat
2023-05-04,HDFCBANK__KOTAKBANK,7,0.0,177060.1255365005,flat
2023-05-05,HDFCBANK__KOTAKBANK,7,0.0,177060.1255365005,flat
2023-05-08,HDFCBANK__KOTAKBANK,7,0.0,177060.1255365005,flat
2023-05-09,HDFCBANK__KOTAKBANK,7,0.0,177060.1255365005,flat
2023-05-10,HDFCBANK__KOTAKBANK,7,0.0,177060.1255365005,flat
2023-05-11,HDFCBANK__KOTAKBANK,7,0.0,177060.1255365005,flat
2023-05-12,HDFCBANK__KOTAKBANK,7,0.0,177060.1255365005,flat
2023-05-15,HDFCBANK__KOTAKBANK,7,0.0,177060.1255365005,flat
2023-05-16,HDFCBANK__KOTAKBANK,7,0.0,177060.1255365005,flat
2023-05-17,HDFCBANK__KOTAKBANK,7,0.0,177060.1255365005,flat
2023-05-18,HDFCBANK__KOTAKBANK,7,0.0,177060.1255365005,flat
2023-05-19,HDFCBANK__KOTAKBANK,7,0.0,177060.1255365005,flat
2023-05-22,HDFCBANK__KOTAKBANK,7,0.0,177060.1255365005,flat
2023-05-23,HDFCBANK__KOTAKBANK,7,0.0,177060.1255365005,flat
2023-05-24,HDFCBANK__KOTAKBANK,7,0.0,177060.1255365005,flat
2023-05-25,HDFCBANK__KOTAKBANK,7,0.0,177060.1255365005,flat
2023-05-26,HDFCBANK__KOTAKBANK,7,0.0,177060.1255365005,flat
2023-05-29,HDFCBANK__KOTAKBANK,7,0.0,177060.1255365005,flat
2023-05-30,HDFCBANK__KOTAKBANK,8,0.0,177060.1255365005,flat
2023-05-31,HDFCBANK__KOTAKBANK,8,0.0,177060.1255365005,flat
2023-06-01,HDFCBANK__KOTAKBANK,8,0.0,177060.1255365005,flat
2023-06-02,HDFCBANK__KOTAKBANK,8,0.0,177060.1255365005,flat
2023-06-05,HDFCBANK__KOTAKBANK,8,0.0,177060.1255365005,flat
2023-06-06,HDFCBANK__KOTAKBANK,8,-771.3584729644226,176288.76706353607,entry
2023-06-07,HDFCBANK__KOTAKBANK,8,673.4177615849791,176962.18482512105,hold
2023-06-08,HDFCBANK__KOTAKBANK,8,921.4109643822239,177883.59578950328,hold
2023-06-09,HDFCBANK__KOTAKBANK,8,316.43703134364296,178200.0328208469,hold
2023-06-12,HDFCBANK__KOTAKBANK,8,-546.6231534407154,177653.4096674062,hold
2023-06-13,HDFCBANK__KOTAKBANK,8,501.0878678296233,178154.49753523583,hold
2023-06-14,HDFCBANK__KOTAKBANK,8,-226.65207654644215,177927.84545868938,hold
2023-06-15,HDFCBANK__KOTAKBANK,8,-319.1396565041738,177608.7058021852,hold
2023-06-16,HDFCBANK__KOTAKBANK,8,469.3573250615368,178078.06312724674,hold
2023-06-19,HDFCBANK__KOTAKBANK,8,602.7750340726669,178680.8381613194,hold
2023-06-20,HDFCBANK__KOTAKBANK,8,-190.68045937901806,178490.1577019404,hold
2023-06-21,HDFCBANK__KOTAKBANK,8,225.7512141226323,178715.90891606302,exit
2023-06-22,HDFCBANK__KOTAKBANK,8,0.0,178715.90891606302,flat
2023-06-23,HDFCBANK__KOTAKBANK,8,0.0,178715.90891606302,flat
2023-06-26,HDFCBANK__KOTAKBANK,8,0.0,178715.90891606302,flat
2023-06-27,HDFCBANK__KOTAKBANK,8,0.0,178715.90891606302,flat
2023-06-28,HDFCBANK__KOTAKBANK,8,0.0,178715.90891606302,flat
2023-06-30,HDFCBANK__KOTAKBANK,8,-702.8074445179647,178013.10147154506,entry
2023-07-03,HDFCBANK__KOTAKBANK,8,-903.9243580940978,177109.17711345095,hold
2023-07-04,HDFCBANK__KOTAKBANK,8,-161.69219091127997,176947.48492253968,hold
2023-07-05,HDFCBANK__KOTAKBANK,8,2564.6948408069347,179512.17976334662,hold
2023-07-06,HDFCBANK__KOTAKBANK,8,75.70871031878745,179587.8884736654,hold
2023-07-07,HDFCBANK__KOTAKBANK,8,330.7709384698737,179918.65941213528,hold
2023-07-10,HDFCBANK__KOTAKBANK,8,350.1973500876231,180268.85676222292,hold
2023-07-11,HDFCBANK__KOTAKBANK,8,351.3579969432256,180620.21475916615,hold
2023-07-12,HDFCBANK__KOTAKBANK,8,856.0008312821062,181476.21559044826,hold
2023-07-13,HDFCBANK__KOTAKBANK,8,-509.0086996000107,180967.20689084826,hold
2023-07-14,HDFCBANK__KOTAKBANK,8,-183.5031468555986,180783.70374399266,hold
2023-07-17,HDFCBANK__KOTAKBANK,8,-1221.5946661460603,179562.1090778466,hold
2023-07-18,HDFCBANK__KOTAKBANK,8,-37.56647186697346,179524.54260597963,hold
2023-07-19,HDFCBANK__KOTAKBANK,8,-151.77367451706976,179372.76893146255,hold
2023-07-20,HDFCBANK__KOTAKBANK,8,506.1369381588491,179878.9058696214,hold
2023-07-21,HDFCBANK__KOTAKBANK,8,767.0465377180544,180645.95240733947,hold
2023-07-24,HDFCBANK__KOTAKBANK,8,-1143.1501460663299,179502.80226127314,hold
2023-07-25,HDFCBANK__KOTAKBANK,8,-1157.9071822493045,178344.89507902385,hold
2023-07-26,HDFCBANK__KOTAKBANK,8,528.0648397701734,178872.95991879402,hold
2023-07-27,HDFCBANK__KOTAKBANK,8,497.98426232742935,179370.94418112145,hold
2023-07-28,HDFCBANK__KOTAKBANK,8,1396.8668198175299,180767.811000939,hold
2023-07-31,HDFCBANK__KOTAKBANK,8,-652.0141862425086,180115.79681469648,hold
2023-08-01,HDFCBANK__KOTAKBANK,8,-617.863684633856,179497.93313006262,hold
2023-08-02,HDFCBANK__KOTAKBANK,8,627.1623277470837,180125.09545780972,hold
2023-08-03,HDFCBANK__KOTAKBANK,8,525.1879297376697,180650.2833875474,hold
2023-08-04,HDFCBANK__KOTAKBANK,8,-874.9380774761918,179775.3453100712,hold
2023-08-07,HDFCBANK__KOTAKBANK,8,-68.51081885768943,179706.8344912135,hold
2023-08-08,HDFCBANK__KOTAKBANK,8,-3.186226137762201,179703.64826507572,hold
2023-08-09,HDFCBANK__KOTAKBANK,8,3.7300585770280392,179707.37832365275,hold
2023-08-10,HDFCBANK__KOTAKBANK,8,238.75095420523866,179946.12927785798,hold
2023-08-11,HDFCBANK__KOTAKBANK,8,642.471158246602,180588.60043610458,hold
2023-08-14,HDFCBANK__KOTAKBANK,8,385.4181879749037,180974.01862407947,hold
2023-08-16,HDFCBANK__KOTAKBANK,8,92.25857273049158,181066.27719680997,hold
2023-08-17,HDFCBANK__KOTAKBANK,8,113.03598656223637,181179.3131833722,hold
2023-08-18,HDFCBANK__KOTAKBANK,8,81.56534622819456,181260.8785296004,hold
2023-08-21,HDFCBANK__KOTAKBANK,8,173.18574130123608,181434.06427090164,hold
2023-08-22,HDFCBANK__KOTAKBANK,8,-171.93045613933566,181262.13381476232,exit
2023-08-23,HDFCBANK__KOTAKBANK,8,0.0,181262.13381476232,flat
2023-08-24,HDFCBANK__KOTAKBANK,8,0.0,181262.13381476232,flat
2023-08-25,HDFCBANK__KOTAKBANK,8,0.0,181262.13381476232,flat
2023-08-28,HDFCBANK__KOTAKBANK,8,0.0,181262.13381476232,flat
2023-08-29,HDFCBANK__KOTAKBANK,8,0.0,181262.13381476232,flat
2023-08-30,HDFCBANK__KOTAKBANK,8,0.0,181262.13381476232,flat
2023-08-31,HDFCBANK__KOTAKBANK,8,0.0,181262.13381476232,flat
2023-09-01,HDFCBANK__KOTAKBANK,8,0.0,181262.13381476232,flat
2023-09-04,HDFCBANK__KOTAKBANK,8,0.0,181262.13381476232,flat
2023-09-05,HDFCBANK__KOTAKBANK,8,0.0,181262.13381476232,flat
2023-09-06,HDFCBANK__KOTAKBANK,8,0.0,181262.13381476232,flat
2023-09-07,HDFCBANK__KOTAKBANK,8,0.0,181262.13381476232,flat
2023-09-08,HDFCBANK__KOTAKBANK,8,0.0,181262.13381476232,flat
2023-09-11,HDFCBANK__KOTAKBANK,8,0.0,181262.13381476232,flat
2023-09-12,HDFCBANK__KOTAKBANK,8,0.0,181262.13381476232,flat
2023-09-13,HDFCBANK__KOTAKBANK,8,0.0,181262.13381476232,flat
2023-09-14,HDFCBANK__KOTAKBANK,8,0.0,181262.13381476232,flat
2023-09-15,HDFCBANK__KOTAKBANK,8,0.0,181262.13381476232,flat
2023-09-18,HDFCBANK__KOTAKBANK,8,0.0,181262.13381476232,flat
2023-09-20,HDFCBANK__KOTAKBANK,8,0.0,181262.13381476232,flat
2023-09-21,HDFCBANK__KOTAKBANK,8,0.0,181262.13381476232,flat
2023-09-22,HDFCBANK__KOTAKBANK,8,0.0,181262.13381476232,flat
2023-09-25,HDFCBANK__KOTAKBANK,8,0.0,181262.13381476232,flat
2023-09-26,HDFCBANK__KOTAKBANK,8,0.0,181262.13381476232,flat
2023-09-27,HDFCBANK__KOTAKBANK,8,0.0,181262.13381476232,flat
2023-09-28,HDFCBANK__KOTAKBANK,8,0.0,181262.13381476232,flat
2023-09-29,HDFCBANK__KOTAKBANK,8,0.0,181262.13381476232,flat
2023-10-03,HDFCBANK__KOTAKBANK,8,0.0,181262.13381476232,flat
2023-10-04,HDFCBANK__KOTAKBANK,8,0.0,181262.13381476232,flat
2023-10-05,HDFCBANK__KOTAKBANK,8,0.0,181262.13381476232,flat
2023-10-06,HDFCBANK__KOTAKBANK,8,0.0,181262.13381476232,flat
2023-10-09,HDFCBANK__KOTAKBANK,8,0.0,181262.13381476232,flat
2023-10-10,HDFCBANK__KOTAKBANK,8,0.0,181262.13381476232,flat
2023-10-11,HDFCBANK__KOTAKBANK,8,0.0,181262.13381476232,flat
2023-10-12,HDFCBANK__KOTAKBANK,8,0.0,181262.13381476232,flat
2023-10-13,HDFCBANK__KOTAKBANK,8,0.0,181262.13381476232,flat
2023-10-16,HDFCBANK__KOTAKBANK,8,0.0,181262.13381476232,flat
2023-10-17,HDFCBANK__KOTAKBANK,8,0.0,181262.13381476232,flat
2023-10-18,HDFCBANK__KOTAKBANK,8,0.0,181262.13381476232,flat
2023-10-19,HDFCBANK__KOTAKBANK,8,0.0,181262.13381476232,flat
2023-10-20,HDFCBANK__KOTAKBANK,8,0.0,181262.13381476232,flat
2023-10-23,HDFCBANK__KOTAKBANK,8,0.0,181262.13381476232,flat
2023-10-25,HDFCBANK__KOTAKBANK,8,0.0,181262.13381476232,flat
2023-10-26,HDFCBANK__KOTAKBANK,8,0.0,181262.13381476232,flat
2023-10-27,HDFCBANK__KOTAKBANK,8,0.0,181262.13381476232,flat
2023-10-30,HDFCBANK__KOTAKBANK,8,0.0,181262.13381476232,flat
2023-10-31,HDFCBANK__KOTAKBANK,8,0.0,181262.13381476232,flat
2023-11-01,HDFCBANK__KOTAKBANK,8,0.0,181262.13381476232,flat
2023-11-02,HDFCBANK__KOTAKBANK,8,0.0,181262.13381476232,flat
2023-11-03,HDFCBANK__KOTAKBANK,8,0.0,181262.13381476232,flat
2023-11-06,HDFCBANK__KOTAKBANK,8,0.0,181262.13381476232,flat
2023-11-07,HDFCBANK__KOTAKBANK,8,0.0,181262.13381476232,flat
2023-11-08,HDFCBANK__KOTAKBANK,8,0.0,181262.13381476232,flat
2023-11-09,HDFCBANK__KOTAKBANK,8,0.0,181262.13381476232,flat
2023-11-10,HDFCBANK__KOTAKBANK,8,0.0,181262.13381476232,flat
2023-11-13,HDFCBANK__KOTAKBANK,8,0.0,181262.13381476232,flat
2023-11-15,HDFCBANK__KOTAKBANK,8,0.0,181262.13381476232,flat
2023-11-16,HDFCBANK__KOTAKBANK,8,0.0,181262.13381476232,flat
2023-11-17,HDFCBANK__KOTAKBANK,8,0.0,181262.13381476232,flat
2023-11-20,HDFCBANK__KOTAKBANK,8,0.0,181262.13381476232,flat
2023-11-21,HDFCBANK__KOTAKBANK,8,0.0,181262.13381476232,flat
2023-11-22,HDFCBANK__KOTAKBANK,8,0.0,181262.13381476232,flat
2023-11-23,HDFCBANK__KOTAKBANK,8,0.0,181262.13381476232,flat
2023-11-24,HDFCBANK__KOTAKBANK,8,0.0,181262.13381476232,flat
2023-11-28,HDFCBANK__KOTAKBANK,8,0.0,181262.13381476232,flat
2023-11-29,HDFCBANK__KOTAKBANK,8,0.0,181262.13381476232,flat
2023-11-30,HDFCBANK__KOTAKBANK,9,0.0,181262.13381476232,flat
2023-12-01,HDFCBANK__KOTAKBANK,9,0.0,181262.13381476232,flat
2023-12-04,HDFCBANK__KOTAKBANK,9,0.0,181262.13381476232,flat
2023-12-05,HDFCBANK__KOTAKBANK,9,0.0,181262.13381476232,flat
2023-12-06,HDFCBANK__KOTAKBANK,9,0.0,181262.13381476232,flat
2023-12-07,HDFCBANK__KOTAKBANK,9,0.0,181262.13381476232,flat
2023-12-08,HDFCBANK__KOTAKBANK,9,0.0,181262.13381476232,flat
2023-12-11,HDFCBANK__KOTAKBANK,9,0.0,181262.13381476232,flat
2023-12-12,HDFCBANK__KOTAKBANK,9,0.0,181262.13381476232,flat
2023-12-13,HDFCBANK__KOTAKBANK,9,0.0,181262.13381476232,flat
2023-12-14,HDFCBANK__KOTAKBANK,9,0.0,181262.13381476232,flat
2023-12-15,HDFCBANK__KOTAKBANK,9,0.0,181262.13381476232,flat
2023-12-18,HDFCBANK__KOTAKBANK,9,0.0,181262.13381476232,flat
2023-12-19,HDFCBANK__KOTAKBANK,9,0.0,181262.13381476232,flat
2023-12-20,HDFCBANK__KOTAKBANK,9,0.0,181262.13381476232,flat
2023-12-21,HDFCBANK__KOTAKBANK,9,0.0,181262.13381476232,flat
2023-12-22,HDFCBANK__KOTAKBANK,9,0.0,181262.13381476232,flat
2023-12-26,HDFCBANK__KOTAKBANK,9,0.0,181262.13381476232,flat
2023-12-27,HDFCBANK__KOTAKBANK,9,0.0,181262.13381476232,flat
2023-12-28,HDFCBANK__KOTAKBANK,9,0.0,181262.13381476232,flat
2023-12-29,HDFCBANK__KOTAKBANK,9,0.0,181262.13381476232,flat
2024-01-01,HDFCBANK__KOTAKBANK,9,0.0,181262.13381476232,flat
2024-01-02,HDFCBANK__KOTAKBANK,9,0.0,181262.13381476232,flat
2024-01-03,HDFCBANK__KOTAKBANK,9,0.0,181262.13381476232,flat
2024-01-04,HDFCBANK__KOTAKBANK,9,0.0,181262.13381476232,flat
2024-01-05,HDFCBANK__KOTAKBANK,9,0.0,181262.13381476232,flat
2024-01-08,HDFCBANK__KOTAKBANK,9,0.0,181262.13381476232,flat
2024-01-09,HDFCBANK__KOTAKBANK,9,0.0,181262.13381476232,flat
2024-01-10,HDFCBANK__KOTAKBANK,9,0.0,181262.13381476232,flat
2024-01-11,HDFCBANK__KOTAKBANK,9,0.0,181262.13381476232,flat
2024-01-12,HDFCBANK__KOTAKBANK,9,0.0,181262.13381476232,flat
2024-01-15,HDFCBANK__KOTAKBANK,9,0.0,181262.13381476232,flat
2024-01-16,HDFCBANK__KOTAKBANK,9,0.0,181262.13381476232,flat
2024-01-17,HDFCBANK__KOTAKBANK,9,0.0,181262.13381476232,flat
2024-01-18,HDFCBANK__KOTAKBANK,9,0.0,181262.13381476232,flat
2024-01-19,HDFCBANK__KOTAKBANK,9,0.0,181262.13381476232,flat
2024-01-23,HDFCBANK__KOTAKBANK,9,0.0,181262.13381476232,flat
2024-01-24,HDFCBANK__KOTAKBANK,9,0.0,181262.13381476232,flat
2024-01-25,HDFCBANK__KOTAKBANK,9,0.0,181262.13381476232,flat
2024-01-29,HDFCBANK__KOTAKBANK,9,0.0,181262.13381476232,flat
2024-01-30,HDFCBANK__KOTAKBANK,9,0.0,181262.13381476232,flat
2024-01-31,HDFCBANK__KOTAKBANK,9,0.0,181262.13381476232,flat
2024-02-01,HDFCBANK__KOTAKBANK,9,0.0,181262.13381476232,flat
2024-02-02,HDFCBANK__KOTAKBANK,9,0.0,181262.13381476232,flat
2024-02-05,HDFCBANK__KOTAKBANK,9,0.0,181262.13381476232,flat
2024-02-06,HDFCBANK__KOTAKBANK,9,0.0,181262.13381476232,flat
2024-02-07,HDFCBANK__KOTAKBANK,9,0.0,181262.13381476232,flat
2024-02-08,HDFCBANK__KOTAKBANK,9,0.0,181262.13381476232,flat
2024-02-09,HDFCBANK__KOTAKBANK,9,0.0,181262.13381476232,flat
2024-02-12,HDFCBANK__KOTAKBANK,9,0.0,181262.13381476232,flat
2024-02-13,HDFCBANK__KOTAKBANK,9,0.0,181262.13381476232,flat
2024-02-14,HDFCBANK__KOTAKBANK,9,0.0,181262.13381476232,flat
2024-02-15,HDFCBANK__KOTAKBANK,9,0.0,181262.13381476232,flat
2024-02-16,HDFCBANK__KOTAKBANK,9,0.0,181262.13381476232,flat
2024-02-19,HDFCBANK__KOTAKBANK,9,0.0,181262.13381476232,flat
2024-02-20,HDFCBANK__KOTAKBANK,9,0.0,181262.13381476232,flat
2024-02-21,HDFCBANK__KOTAKBANK,9,0.0,181262.13381476232,flat
2024-02-22,HDFCBANK__KOTAKBANK,9,0.0,181262.13381476232,flat
2024-02-23,HDFCBANK__KOTAKBANK,9,0.0,181262.13381476232,flat
2024-02-26,HDFCBANK__KOTAKBANK,9,0.0,181262.13381476232,flat
2024-02-27,HDFCBANK__KOTAKBANK,9,0.0,181262.13381476232,flat
2024-02-28,HDFCBANK__KOTAKBANK,9,0.0,181262.13381476232,flat
2024-02-29,HDFCBANK__KOTAKBANK,9,0.0,181262.13381476232,flat
2024-03-01,HDFCBANK__KOTAKBANK,9,0.0,181262.13381476232,flat
2024-03-04,HDFCBANK__KOTAKBANK,9,0.0,181262.13381476232,flat
2024-03-05,HDFCBANK__KOTAKBANK,9,0.0,181262.13381476232,flat
2024-03-06,HDFCBANK__KOTAKBANK,9,0.0,181262.13381476232,flat
2024-03-07,HDFCBANK__KOTAKBANK,9,0.0,181262.13381476232,flat
2024-03-11,HDFCBANK__KOTAKBANK,9,0.0,181262.13381476232,flat
2024-03-12,HDFCBANK__KOTAKBANK,9,0.0,181262.13381476232,flat
2024-03-13,HDFCBANK__KOTAKBANK,9,0.0,181262.13381476232,flat
2024-03-14,HDFCBANK__KOTAKBANK,9,0.0,181262.13381476232,flat
2024-03-15,HDFCBANK__KOTAKBANK,9,0.0,181262.13381476232,flat
2024-03-18,HDFCBANK__KOTAKBANK,9,0.0,181262.13381476232,flat
2024-03-19,HDFCBANK__KOTAKBANK,9,0.0,181262.13381476232,flat
2024-03-20,HDFCBANK__KOTAKBANK,9,0.0,181262.13381476232,flat
2024-03-21,HDFCBANK__KOTAKBANK,9,0.0,181262.13381476232,flat
2024-03-22,HDFCBANK__KOTAKBANK,9,0.0,181262.13381476232,flat
2024-03-26,HDFCBANK__KOTAKBANK,9,0.0,181262.13381476232,flat
2024-03-27,HDFCBANK__KOTAKBANK,9,0.0,181262.13381476232,flat
2024-03-28,HDFCBANK__KOTAKBANK,9,0.0,181262.13381476232,flat
2024-04-01,HDFCBANK__KOTAKBANK,9,0.0,181262.13381476232,flat
2024-04-02,HDFCBANK__KOTAKBANK,9,0.0,181262.13381476232,flat
2024-04-03,HDFCBANK__KOTAKBANK,9,0.0,181262.13381476232,flat
2024-04-04,HDFCBANK__KOTAKBANK,9,0.0,181262.13381476232,flat
2024-04-05,HDFCBANK__KOTAKBANK,9,0.0,181262.13381476232,flat
2024-04-08,HDFCBANK__KOTAKBANK,9,0.0,181262.13381476232,flat
2024-04-09,HDFCBANK__KOTAKBANK,9,0.0,181262.13381476232,flat
2024-04-10,HDFCBANK__KOTAKBANK,9,0.0,181262.13381476232,flat
2024-04-12,HDFCBANK__KOTAKBANK,9,0.0,181262.13381476232,flat
2024-04-15,HDFCBANK__KOTAKBANK,9,0.0,181262.13381476232,flat
2024-04-16,HDFCBANK__KOTAKBANK,9,0.0,181262.13381476232,flat
2024-04-18,HDFCBANK__KOTAKBANK,9,0.0,181262.13381476232,flat
2024-04-19,HDFCBANK__KOTAKBANK,9,0.0,181262.13381476232,flat
2024-04-22,HDFCBANK__KOTAKBANK,9,0.0,181262.13381476232,flat
2024-04-23,HDFCBANK__KOTAKBANK,9,0.0,181262.13381476232,flat
2024-04-24,HDFCBANK__KOTAKBANK,9,0.0,181262.13381476232,flat
2024-04-25,HDFCBANK__KOTAKBANK,9,0.0,181262.13381476232,flat
2024-04-26,HDFCBANK__KOTAKBANK,9,0.0,181262.13381476232,flat
2024-04-29,HDFCBANK__KOTAKBANK,9,0.0,181262.13381476232,flat
2024-04-30,HDFCBANK__KOTAKBANK,9,0.0,181262.13381476232,flat
2024-05-02,HDFCBANK__KOTAKBANK,9,0.0,181262.13381476232,flat
2024-05-03,HDFCBANK__KOTAKBANK,9,0.0,181262.13381476232,flat
2024-05-06,HDFCBANK__KOTAKBANK,9,0.0,181262.13381476232,flat
2024-05-07,HDFCBANK__KOTAKBANK,9,0.0,181262.13381476232,flat
2024-05-08,HDFCBANK__KOTAKBANK,9,0.0,181262.13381476232,flat
2024-05-09,HDFCBANK__KOTAKBANK,9,0.0,181262.13381476232,flat
2024-05-10,HDFCBANK__KOTAKBANK,9,0.0,181262.13381476232,flat
2024-05-13,HDFCBANK__KOTAKBANK,9,0.0,181262.13381476232,flat
2024-05-14,HDFCBANK__KOTAKBANK,9,0.0,181262.13381476232,flat
2024-05-15,HDFCBANK__KOTAKBANK,9,0.0,181262.13381476232,flat
2024-05-16,HDFCBANK__KOTAKBANK,9,0.0,181262.13381476232,flat
2024-05-17,HDFCBANK__KOTAKBANK,9,0.0,181262.13381476232,flat
2024-05-21,HDFCBANK__KOTAKBANK,9,0.0,181262.13381476232,flat
2024-05-22,HDFCBANK__KOTAKBANK,9,0.0,181262.13381476232,flat
2024-05-23,HDFCBANK__KOTAKBANK,9,0.0,181262.13381476232,flat
2024-05-24,HDFCBANK__KOTAKBANK,9,0.0,181262.13381476232,flat
2024-05-27,HDFCBANK__KOTAKBANK,9,0.0,181262.13381476232,flat
2024-05-28,HDFCBANK__KOTAKBANK,9,0.0,181262.13381476232,flat
2024-05-29,HDFCBANK__KOTAKBANK,9,0.0,181262.13381476232,flat
2024-05-30,HDFCBANK__KOTAKBANK,10,0.0,181262.13381476232,flat
2024-05-31,HDFCBANK__KOTAKBANK,10,0.0,181262.13381476232,flat
2024-06-03,HDFCBANK__KOTAKBANK,10,0.0,181262.13381476232,flat
2024-06-04,HDFCBANK__KOTAKBANK,10,0.0,181262.13381476232,flat
2024-06-05,HDFCBANK__KOTAKBANK,10,0.0,181262.13381476232,flat
2024-06-06,HDFCBANK__KOTAKBANK,10,0.0,181262.13381476232,flat
2024-06-07,HDFCBANK__KOTAKBANK,10,0.0,181262.13381476232,flat
2024-06-10,HDFCBANK__KOTAKBANK,10,0.0,181262.13381476232,flat
2024-06-11,HDFCBANK__KOTAKBANK,10,0.0,181262.13381476232,flat
2024-06-12,HDFCBANK__KOTAKBANK,10,0.0,181262.13381476232,flat
2024-06-13,HDFCBANK__KOTAKBANK,10,0.0,181262.13381476232,flat
2024-06-14,HDFCBANK__KOTAKBANK,10,0.0,181262.13381476232,flat
2024-06-18,HDFCBANK__KOTAKBANK,10,0.0,181262.13381476232,flat
2024-06-19,HDFCBANK__KOTAKBANK,10,0.0,181262.13381476232,flat
2024-06-20,HDFCBANK__KOTAKBANK,10,0.0,181262.13381476232,flat
2024-06-21,HDFCBANK__KOTAKBANK,10,0.0,181262.13381476232,flat
2024-06-24,HDFCBANK__KOTAKBANK,10,0.0,181262.13381476232,flat
2024-06-25,HDFCBANK__KOTAKBANK,10,0.0,181262.13381476232,flat
2024-06-26,HDFCBANK__KOTAKBANK,10,0.0,181262.13381476232,flat
2024-06-27,HDFCBANK__KOTAKBANK,10,0.0,181262.13381476232,flat
2024-06-28,HDFCBANK__KOTAKBANK,10,0.0,181262.13381476232,flat
2024-07-01,HDFCBANK__KOTAKBANK,10,0.0,181262.13381476232,flat
2024-07-02,HDFCBANK__KOTAKBANK,10,0.0,181262.13381476232,flat
2024-07-03,HDFCBANK__KOTAKBANK,10,0.0,181262.13381476232,flat
2024-07-04,HDFCBANK__KOTAKBANK,10,0.0,181262.13381476232,flat
2024-07-05,HDFCBANK__KOTAKBANK,10,0.0,181262.13381476232,flat
2024-07-08,HDFCBANK__KOTAKBANK,10,-984.3934887862024,180277.7403259761,entry
2024-07-09,HDFCBANK__KOTAKBANK,10,103.46068961031143,180381.2010155864,hold
2024-07-10,HDFCBANK__KOTAKBANK,10,96.52319487772903,180477.72421046413,hold
2024-07-11,HDFCBANK__KOTAKBANK,10,-328.0749699004709,180149.64924056365,hold
2024-07-12,HDFCBANK__KOTAKBANK,10,201.29898680971746,180350.94822737336,hold
2024-07-15,HDFCBANK__KOTAKBANK,10,-195.1599000963185,180155.78832727703,hold
2024-07-16,HDFCBANK__KOTAKBANK,10,582.91639332058,180738.7047205976,hold
2024-07-18,HDFCBANK__KOTAKBANK,10,-454.69836989311324,180284.0063507045,hold
2024-07-19,HDFCBANK__KOTAKBANK,10,-94.98852753103596,180189.01782317346,hold
2024-07-22,HDFCBANK__KOTAKBANK,10,478.4887637601221,180667.5065869336,exit
2024-07-23,HDFCBANK__KOTAKBANK,10,0.0,180667.5065869336,flat
2024-07-24,HDFCBANK__KOTAKBANK,10,0.0,180667.5065869336,flat
2024-07-25,HDFCBANK__KOTAKBANK,10,0.0,180667.5065869336,flat
2024-07-26,HDFCBANK__KOTAKBANK,10,0.0,180667.5065869336,flat
2024-07-29,HDFCBANK__KOTAKBANK,10,0.0,180667.5065869336,flat
2024-07-30,HDFCBANK__KOTAKBANK,10,0.0,180667.5065869336,flat
2024-07-31,HDFCBANK__KOTAKBANK,10,0.0,180667.5065869336,flat
2024-08-01,HDFCBANK__KOTAKBANK,10,0.0,180667.5065869336,flat
2024-08-02,HDFCBANK__KOTAKBANK,10,0.0,180667.5065869336,flat
2024-08-05,HDFCBANK__KOTAKBANK,10,0.0,180667.5065869336,flat
2024-08-06,HDFCBANK__KOTAKBANK,10,0.0,180667.5065869336,flat
2024-08-07,HDFCBANK__KOTAKBANK,10,0.0,180667.5065869336,flat
2024-08-08,HDFCBANK__KOTAKBANK,10,0.0,180667.5065869336,flat
2024-08-09,HDFCBANK__KOTAKBANK,10,0.0,180667.5065869336,flat
2024-08-12,HDFCBANK__KOTAKBANK,10,0.0,180667.5065869336,flat
2024-08-13,HDFCBANK__KOTAKBANK,10,0.0,180667.5065869336,flat
2024-08-14,HDFCBANK__KOTAKBANK,10,0.0,180667.5065869336,flat
2024-08-16,HDFCBANK__KOTAKBANK,10,0.0,180667.5065869336,flat
2024-08-19,HDFCBANK__KOTAKBANK,10,0.0,180667.5065869336,flat
2024-08-20,HDFCBANK__KOTAKBANK,10,0.0,180667.5065869336,flat
2024-08-21,HDFCBANK__KOTAKBANK,10,0.0,180667.5065869336,flat
2024-08-22,HDFCBANK__KOTAKBANK,10,0.0,180667.5065869336,flat
2024-08-23,HDFCBANK__KOTAKBANK,10,0.0,180667.5065869336,flat
2024-08-26,HDFCBANK__KOTAKBANK,10,0.0,180667.5065869336,flat
2024-08-27,HDFCBANK__KOTAKBANK,10,0.0,180667.5065869336,flat
2024-08-28,HDFCBANK__KOTAKBANK,10,0.0,180667.5065869336,flat
2024-08-29,HDFCBANK__KOTAKBANK,10,0.0,180667.5065869336,flat
2024-08-30,HDFCBANK__KOTAKBANK,10,0.0,180667.5065869336,flat
2024-09-02,HDFCBANK__KOTAKBANK,10,0.0,180667.5065869336,flat
2024-09-03,HDFCBANK__KOTAKBANK,10,0.0,180667.5065869336,flat
2024-09-04,HDFCBANK__KOTAKBANK,10,0.0,180667.5065869336,flat
2024-09-05,HDFCBANK__KOTAKBANK,10,0.0,180667.5065869336,flat
2024-09-06,HDFCBANK__KOTAKBANK,10,0.0,180667.5065869336,flat
2024-09-09,HDFCBANK__KOTAKBANK,10,0.0,180667.5065869336,flat
2024-09-10,HDFCBANK__KOTAKBANK,10,0.0,180667.5065869336,flat
2024-09-11,HDFCBANK__KOTAKBANK,10,0.0,180667.5065869336,flat
2024-09-12,HDFCBANK__KOTAKBANK,10,0.0,180667.5065869336,flat
2024-09-13,HDFCBANK__KOTAKBANK,10,0.0,180667.5065869336,flat
2024-09-16,HDFCBANK__KOTAKBANK,10,0.0,180667.5065869336,flat
2024-09-17,HDFCBANK__KOTAKBANK,10,0.0,180667.5065869336,flat
2024-09-18,HDFCBANK__KOTAKBANK,10,0.0,180667.5065869336,flat
2024-09-19,HDFCBANK__KOTAKBANK,10,0.0,180667.5065869336,flat
2024-09-20,HDFCBANK__KOTAKBANK,10,0.0,180667.5065869336,flat
2024-09-23,HDFCBANK__KOTAKBANK,10,0.0,180667.5065869336,flat
2024-09-24,HDFCBANK__KOTAKBANK,10,0.0,180667.5065869336,flat
2024-09-25,HDFCBANK__KOTAKBANK,10,0.0,180667.5065869336,flat
2024-09-26,HDFCBANK__KOTAKBANK,10,0.0,180667.5065869336,flat
2024-09-27,HDFCBANK__KOTAKBANK,10,0.0,180667.5065869336,flat
2024-09-30,HDFCBANK__KOTAKBANK,10,0.0,180667.5065869336,flat
2024-10-01,HDFCBANK__KOTAKBANK,10,0.0,180667.5065869336,flat
2024-10-03,HDFCBANK__KOTAKBANK,10,0.0,180667.5065869336,flat
2024-10-04,HDFCBANK__KOTAKBANK,10,0.0,180667.5065869336,flat
2024-10-07,HDFCBANK__KOTAKBANK,10,0.0,180667.5065869336,flat
2024-10-08,HDFCBANK__KOTAKBANK,10,0.0,180667.5065869336,flat
2024-10-09,HDFCBANK__KOTAKBANK,10,0.0,180667.5065869336,flat
2024-10-10,HDFCBANK__KOTAKBANK,10,0.0,180667.5065869336,flat
2024-10-11,HDFCBANK__KOTAKBANK,10,0.0,180667.5065869336,flat
2024-10-14,HDFCBANK__KOTAKBANK,10,0.0,180667.5065869336,flat
2024-10-15,HDFCBANK__KOTAKBANK,10,0.0,180667.5065869336,flat
2024-10-16,HDFCBANK__KOTAKBANK,10,0.0,180667.5065869336,flat
2024-10-17,HDFCBANK__KOTAKBANK,10,0.0,180667.5065869336,flat
2024-10-18,HDFCBANK__KOTAKBANK,10,0.0,180667.5065869336,flat
2024-10-21,HDFCBANK__KOTAKBANK,10,0.0,180667.5065869336,flat
2024-10-22,HDFCBANK__KOTAKBANK,10,0.0,180667.5065869336,flat
2024-10-23,HDFCBANK__KOTAKBANK,10,0.0,180667.5065869336,flat
2024-10-24,HDFCBANK__KOTAKBANK,10,0.0,180667.5065869336,flat
2024-10-25,HDFCBANK__KOTAKBANK,10,0.0,180667.5065869336,flat
2024-10-28,HDFCBANK__KOTAKBANK,10,0.0,180667.5065869336,flat
2024-10-29,HDFCBANK__KOTAKBANK,10,0.0,180667.5065869336,flat
2024-10-30,HDFCBANK__KOTAKBANK,10,0.0,180667.5065869336,flat
2024-10-31,HDFCBANK__KOTAKBANK,10,0.0,180667.5065869336,flat
2024-11-01,HDFCBANK__KOTAKBANK,10,0.0,180667.5065869336,flat
2024-11-04,HDFCBANK__KOTAKBANK,10,0.0,180667.5065869336,flat
2024-11-05,HDFCBANK__KOTAKBANK,10,0.0,180667.5065869336,flat
2024-11-06,HDFCBANK__KOTAKBANK,10,0.0,180667.5065869336,flat
2024-11-07,HDFCBANK__KOTAKBANK,10,0.0,180667.5065869336,flat
2024-11-08,HDFCBANK__KOTAKBANK,10,0.0,180667.5065869336,flat
2024-11-11,HDFCBANK__KOTAKBANK,10,0.0,180667.5065869336,flat
2024-11-12,HDFCBANK__KOTAKBANK,10,0.0,180667.5065869336,flat
2024-11-13,HDFCBANK__KOTAKBANK,10,0.0,180667.5065869336,flat
2024-11-14,HDFCBANK__KOTAKBANK,10,0.0,180667.5065869336,flat
2024-11-18,HDFCBANK__KOTAKBANK,10,0.0,180667.5065869336,flat
2024-11-19,HDFCBANK__KOTAKBANK,10,0.0,180667.5065869336,flat
2024-11-21,HDFCBANK__KOTAKBANK,10,0.0,180667.5065869336,flat
2024-11-22,HDFCBANK__KOTAKBANK,10,0.0,180667.5065869336,flat
2024-11-25,HDFCBANK__KOTAKBANK,10,0.0,180667.5065869336,flat
2024-11-26,HDFCBANK__KOTAKBANK,10,0.0,180667.5065869336,flat
2024-11-27,HDFCBANK__KOTAKBANK,10,0.0,180667.5065869336,flat
2024-11-28,HDFCBANK__KOTAKBANK,10,0.0,180667.5065869336,flat
2024-11-29,HDFCBANK__KOTAKBANK,10,0.0,180667.5065869336,flat
2024-12-02,HDFCBANK__KOTAKBANK,11,0.0,180667.5065869336,flat
2024-12-03,HDFCBANK__KOTAKBANK,11,0.0,180667.5065869336,flat
2024-12-04,HDFCBANK__KOTAKBANK,11,0.0,180667.5065869336,flat
2024-12-05,HDFCBANK__KOTAKBANK,11,0.0,180667.5065869336,flat
2024-12-06,HDFCBANK__KOTAKBANK,11,0.0,180667.5065869336,flat
2024-12-09,HDFCBANK__KOTAKBANK,11,0.0,180667.5065869336,flat
2024-12-10,HDFCBANK__KOTAKBANK,11,0.0,180667.5065869336,flat
2024-12-11,HDFCBANK__KOTAKBANK,11,0.0,180667.5065869336,flat
2024-12-12,HDFCBANK__KOTAKBANK,11,0.0,180667.5065869336,flat
2024-12-13,HDFCBANK__KOTAKBANK,11,0.0,180667.5065869336,flat
2024-12-16,HDFCBANK__KOTAKBANK,11,0.0,180667.5065869336,flat
2024-12-17,HDFCBANK__KOTAKBANK,11,0.0,180667.5065869336,flat
2024-12-18,HDFCBANK__KOTAKBANK,11,0.0,180667.5065869336,flat
2024-12-19,HDFCBANK__KOTAKBANK,11,0.0,180667.5065869336,flat
2024-12-20,HDFCBANK__KOTAKBANK,11,0.0,180667.5065869336,flat
2024-12-23,HDFCBANK__KOTAKBANK,11,0.0,180667.5065869336,flat
2024-12-24,HDFCBANK__KOTAKBANK,11,0.0,180667.5065869336,flat
2024-12-26,HDFCBANK__KOTAKBANK,11,0.0,180667.5065869336,flat
2024-12-27,HDFCBANK__KOTAKBANK,11,0.0,180667.5065869336,flat
2024-12-30,HDFCBANK__KOTAKBANK,11,0.0,180667.5065869336,flat
2024-12-31,HDFCBANK__KOTAKBANK,11,0.0,180667.5065869336,flat
2019-05-30,HEROMOTOCO__EICHERMOT,0,0.0,200000.0,flat
2019-05-31,HEROMOTOCO__EICHERMOT,0,0.0,200000.0,flat
2019-06-03,HEROMOTOCO__EICHERMOT,0,0.0,200000.0,flat
2019-06-04,HEROMOTOCO__EICHERMOT,0,0.0,200000.0,flat
2019-06-06,HEROMOTOCO__EICHERMOT,0,0.0,200000.0,flat
2019-06-07,HEROMOTOCO__EICHERMOT,0,0.0,200000.0,flat
2019-06-10,HEROMOTOCO__EICHERMOT,0,0.0,200000.0,flat
2019-06-11,HEROMOTOCO__EICHERMOT,0,0.0,200000.0,flat
2019-06-12,HEROMOTOCO__EICHERMOT,0,0.0,200000.0,flat
2019-06-13,HEROMOTOCO__EICHERMOT,0,0.0,200000.0,flat
2019-06-14,HEROMOTOCO__EICHERMOT,0,0.0,200000.0,flat
2019-06-17,HEROMOTOCO__EICHERMOT,0,0.0,200000.0,flat
2019-06-18,HEROMOTOCO__EICHERMOT,0,0.0,200000.0,flat
2019-06-19,HEROMOTOCO__EICHERMOT,0,0.0,200000.0,flat
2019-06-20,HEROMOTOCO__EICHERMOT,0,0.0,200000.0,flat
2019-06-21,HEROMOTOCO__EICHERMOT,0,0.0,200000.0,flat
2019-06-24,HEROMOTOCO__EICHERMOT,0,0.0,200000.0,flat
2019-06-25,HEROMOTOCO__EICHERMOT,0,0.0,200000.0,flat
2019-06-26,HEROMOTOCO__EICHERMOT,0,0.0,200000.0,flat
2019-06-27,HEROMOTOCO__EICHERMOT,0,0.0,200000.0,flat
2019-06-28,HEROMOTOCO__EICHERMOT,0,0.0,200000.0,flat
2019-07-01,HEROMOTOCO__EICHERMOT,0,0.0,200000.0,flat
2019-07-02,HEROMOTOCO__EICHERMOT,0,0.0,200000.0,flat
2019-07-03,HEROMOTOCO__EICHERMOT,0,0.0,200000.0,flat
2019-07-04,HEROMOTOCO__EICHERMOT,0,0.0,200000.0,flat
2019-07-05,HEROMOTOCO__EICHERMOT,0,0.0,200000.0,flat
2019-07-08,HEROMOTOCO__EICHERMOT,0,-912.8559036281113,199087.1440963719,entry
2019-07-09,HEROMOTOCO__EICHERMOT,0,1738.3175710348887,200825.46166740678,hold
2019-07-10,HEROMOTOCO__EICHERMOT,0,-653.1646937205694,200172.2969736862,hold
2019-07-11,HEROMOTOCO__EICHERMOT,0,1272.008530581849,201444.30550426804,exit
2019-07-12,HEROMOTOCO__EICHERMOT,0,0.0,201444.30550426804,flat
2019-07-15,HEROMOTOCO__EICHERMOT,0,0.0,201444.30550426804,flat
2019-07-16,HEROMOTOCO__EICHERMOT,0,0.0,201444.30550426804,flat
2019-07-17,HEROMOTOCO__EICHERMOT,0,0.0,201444.30550426804,flat
2019-07-18,HEROMOTOCO__EICHERMOT,0,0.0,201444.30550426804,flat
2019-07-19,HEROMOTOCO__EICHERMOT,0,0.0,201444.30550426804,flat
2019-07-22,HEROMOTOCO__EICHERMOT,0,0.0,201444.30550426804,flat
2019-07-23,HEROMOTOCO__EICHERMOT,0,0.0,201444.30550426804,flat
2019-07-24,HEROMOTOCO__EICHERMOT,0,0.0,201444.30550426804,flat
2019-07-25,HEROMOTOCO__EICHERMOT,0,0.0,201444.30550426804,flat
2019-07-26,HEROMOTOCO__EICHERMOT,0,0.0,201444.30550426804,flat
2019-07-29,HEROMOTOCO__EICHERMOT,0,0.0,201444.30550426804,flat
2019-07-30,HEROMOTOCO__EICHERMOT,0,0.0,201444.30550426804,flat
2019-07-31,HEROMOTOCO__EICHERMOT,0,0.0,201444.30550426804,flat
2019-08-01,HEROMOTOCO__EICHERMOT,0,0.0,201444.30550426804,flat
2019-08-02,HEROMOTOCO__EICHERMOT,0,0.0,201444.30550426804,flat
2019-08-05,HEROMOTOCO__EICHERMOT,0,0.0,201444.30550426804,flat
2019-08-06,HEROMOTOCO__EICHERMOT,0,0.0,201444.30550426804,flat
2019-08-07,HEROMOTOCO__EICHERMOT,0,0.0,201444.30550426804,flat
2019-08-08,HEROMOTOCO__EICHERMOT,0,0.0,201444.30550426804,flat
2019-08-09,HEROMOTOCO__EICHERMOT,0,0.0,201444.30550426804,flat
2019-08-13,HEROMOTOCO__EICHERMOT,0,0.0,201444.30550426804,flat
2019-08-14,HEROMOTOCO__EICHERMOT,0,-780.9267600554712,200663.37874421256,entry
2019-08-16,HEROMOTOCO__EICHERMOT,0,-618.9146511932792,200044.46409301928,hold
2019-08-19,HEROMOTOCO__EICHERMOT,0,377.16782815175515,200421.63192117104,hold
2019-08-20,HEROMOTOCO__EICHERMOT,0,-1202.921514849101,199218.71040632194,hold
2019-08-21,HEROMOTOCO__EICHERMOT,0,-715.1532066299229,198503.55719969203,hold
2019-08-22,HEROMOTOCO__EICHERMOT,0,1057.6156352472174,199561.17283493927,hold
2019-08-23,HEROMOTOCO__EICHERMOT,0,-424.5777479666096,199136.59508697267,hold
2019-08-26,HEROMOTOCO__EICHERMOT,0,1077.5462287296662,200214.14131570232,hold
2019-08-27,HEROMOTOCO__EICHERMOT,0,67.26890424336473,200281.41021994568,hold
2019-08-28,HEROMOTOCO__EICHERMOT,0,1173.1175637173587,201454.52778366304,hold
2019-08-29,HEROMOTOCO__EICHERMOT,0,642.4164572720463,202096.9442409351,hold
2019-08-30,HEROMOTOCO__EICHERMOT,0,-772.1557035664598,201324.78853736861,hold
2019-09-03,HEROMOTOCO__EICHERMOT,0,-291.0551769450985,201033.7333604235,hold
2019-09-04,HEROMOTOCO__EICHERMOT,0,-319.92859928831336,200713.8047611352,hold
2019-09-05,HEROMOTOCO__EICHERMOT,0,-611.5929329917594,200102.21182814342,hold
2019-09-06,HEROMOTOCO__EICHERMOT,0,-258.1010216449058,199844.11080649853,hold
2019-09-09,HEROMOTOCO__EICHERMOT,0,-817.3641521029538,199026.74665439557,hold
2019-09-11,HEROMOTOCO__EICHERMOT,0,-349.0955344873716,198677.6511199082,hold
2019-09-12,HEROMOTOCO__EICHERMOT,0,-34.2169719338613,198643.43414797433,hold
2019-09-13,HEROMOTOCO__EICHERMOT,0,-656.8997733572346,197986.5343746171,hold
2019-09-16,HEROMOTOCO__EICHERMOT,0,768.2648362050513,198754.79921082215,hold
2019-09-17,HEROMOTOCO__EICHERMOT,0,2549.866491879816,201304.66570270195,hold
2019-09-18,HEROMOTOCO__EICHERMOT,0,-430.06891455747,200874.5967881445,hold
2019-09-19,HEROMOTOCO__EICHERMOT,0,-180.1784250777826,200694.4183630667,exit
2019-09-20,HEROMOTOCO__EICHERMOT,0,0.0,200694.4183630667,flat
2019-09-23,HEROMOTOCO__EICHERMOT,0,0.0,200694.4183630667,flat
2019-09-24,HEROMOTOCO__EICHERMOT,0,0.0,200694.4183630667,flat
2019-09-25,HEROMOTOCO__EICHERMOT,0,0.0,200694.4183630667,flat
2019-09-26,HEROMOTOCO__EICHERMOT,0,0.0,200694.4183630667,flat
2019-09-27,HEROMOTOCO__EICHERMOT,0,0.0,200694.4183630667,flat
2019-09-30,HEROMOTOCO__EICHERMOT,0,0.0,200694.4183630667,flat
2019-10-01,HEROMOTOCO__EICHERMOT,0,0.0,200694.4183630667,flat
2019-10-03,HEROMOTOCO__EICHERMOT,0,0.0,200694.4183630667,flat
2019-10-04,HEROMOTOCO__EICHERMOT,0,0.0,200694.4183630667,flat
2019-10-07,HEROMOTOCO__EICHERMOT,0,0.0,200694.4183630667,flat
2019-10-09,HEROMOTOCO__EICHERMOT,0,0.0,200694.4183630667,flat
2019-10-10,HEROMOTOCO__EICHERMOT,0,0.0,200694.4183630667,flat
2019-10-11,HEROMOTOCO__EICHERMOT,0,0.0,200694.4183630667,flat
2019-10-14,HEROMOTOCO__EICHERMOT,0,0.0,200694.4183630667,flat
2019-10-15,HEROMOTOCO__EICHERMOT,0,0.0,200694.4183630667,flat
2019-10-16,HEROMOTOCO__EICHERMOT,0,0.0,200694.4183630667,flat
2019-10-17,HEROMOTOCO__EICHERMOT,0,0.0,200694.4183630667,flat
2019-10-18,HEROMOTOCO__EICHERMOT,0,0.0,200694.4183630667,flat
2019-10-22,HEROMOTOCO__EICHERMOT,0,0.0,200694.4183630667,flat
2019-10-23,HEROMOTOCO__EICHERMOT,0,0.0,200694.4183630667,flat
2019-10-24,HEROMOTOCO__EICHERMOT,0,0.0,200694.4183630667,flat
2019-10-25,HEROMOTOCO__EICHERMOT,0,0.0,200694.4183630667,flat
2019-10-27,HEROMOTOCO__EICHERMOT,0,0.0,200694.4183630667,flat
2019-10-29,HEROMOTOCO__EICHERMOT,0,0.0,200694.4183630667,flat
2019-10-30,HEROMOTOCO__EICHERMOT,0,0.0,200694.4183630667,flat
2019-10-31,HEROMOTOCO__EICHERMOT,0,0.0,200694.4183630667,flat
2019-11-01,HEROMOTOCO__EICHERMOT,0,0.0,200694.4183630667,flat
2019-11-04,HEROMOTOCO__EICHERMOT,0,0.0,200694.4183630667,flat
2019-11-05,HEROMOTOCO__EICHERMOT,0,0.0,200694.4183630667,flat
2019-11-06,HEROMOTOCO__EICHERMOT,0,0.0,200694.4183630667,flat
2019-11-07,HEROMOTOCO__EICHERMOT,0,0.0,200694.4183630667,flat
2019-11-08,HEROMOTOCO__EICHERMOT,0,0.0,200694.4183630667,flat
2019-11-11,HEROMOTOCO__EICHERMOT,0,0.0,200694.4183630667,flat
2019-11-13,HEROMOTOCO__EICHERMOT,0,0.0,200694.4183630667,flat
2019-11-14,HEROMOTOCO__EICHERMOT,0,0.0,200694.4183630667,flat
2019-11-15,HEROMOTOCO__EICHERMOT,0,0.0,200694.4183630667,flat
2019-11-18,HEROMOTOCO__EICHERMOT,0,-840.4474582669919,199853.97090479973,entry
2019-11-19,HEROMOTOCO__EICHERMOT,0,-1548.8427321810789,198305.12817261866,hold
2019-11-20,HEROMOTOCO__EICHERMOT,0,457.1363485525471,198762.2645211712,hold
2019-11-21,HEROMOTOCO__EICHERMOT,0,-1637.2320623260916,197125.0324588451,hold
2019-11-22,HEROMOTOCO__EICHERMOT,0,-1352.5722496789383,195772.46020916617,hold
2019-11-25,HEROMOTOCO__EICHERMOT,0,394.3004241224315,196166.7606332886,hold
2019-11-26,HEROMOTOCO__EICHERMOT,0,1233.312687192316,197400.0733204809,hold
2019-11-27,HEROMOTOCO__EICHERMOT,0,578.8682894905822,197978.9416099715,hold
2019-11-28,HEROMOTOCO__EICHERMOT,0,-1977.7044602151207,196001.23714975637,hold
2019-11-29,HEROMOTOCO__EICHERMOT,0,-737.9954867963306,195263.24166296003,hold
2019-12-02,HEROMOTOCO__EICHERMOT,1,1003.6899699941046,196266.93163295413,hold
2019-12-03,HEROMOTOCO__EICHERMOT,1,194.0447724081556,196460.97640536228,exit
2019-12-04,HEROMOTOCO__EICHERMOT,1,0.0,196460.97640536228,flat
2019-12-05,HEROMOTOCO__EICHERMOT,1,0.0,196460.97640536228,flat
2019-12-06,HEROMOTOCO__EICHERMOT,1,0.0,196460.97640536228,flat
2019-12-09,HEROMOTOCO__EICHERMOT,1,0.0,196460.97640536228,flat
2019-12-10,HEROMOTOCO__EICHERMOT,1,0.0,196460.97640536228,flat
2019-12-11,HEROMOTOCO__EICHERMOT,1,0.0,196460.97640536228,flat
2019-12-12,HEROMOTOCO__EICHERMOT,1,0.0,196460.97640536228,flat
2019-12-13,HEROMOTOCO__EICHERMOT,1,0.0,196460.97640536228,flat
2019-12-16,HEROMOTOCO__EICHERMOT,1,0.0,196460.97640536228,flat
2019-12-17,HEROMOTOCO__EICHERMOT,1,0.0,196460.97640536228,flat
2019-12-18,HEROMOTOCO__EICHERMOT,1,0.0,196460.97640536228,flat
2019-12-19,HEROMOTOCO__EICHERMOT,1,-755.13742117675,195705.83898418554,entry
2019-12-20,HEROMOTOCO__EICHERMOT,1,-1193.3949655260153,194512.44401865953,hold
2019-12-23,HEROMOTOCO__EICHERMOT,1,-941.3151328927654,193571.12888576675,hold
2019-12-24,HEROMOTOCO__EICHERMOT,1,-746.5721842760059,192824.55670149074,hold
2019-12-26,HEROMOTOCO__EICHERMOT,1,-28.85945252300942,192795.69724896774,hold
2019-12-27,HEROMOTOCO__EICHERMOT,1,42.441759163634416,192838.13900813137,hold
2019-12-30,HEROMOTOCO__EICHERMOT,1,-626.2866266186858,192211.8523815127,hold
2019-12-31,HEROMOTOCO__EICHERMOT,1,876.3031905099529,193088.15557202266,hold
2020-01-01,HEROMOTOCO__EICHERMOT,1,-132.25408953606592,192955.9014824866,hold
2020-01-02,HEROMOTOCO__EICHERMOT,1,-410.4733882036626,192545.42809428295,hold
2020-01-03,HEROMOTOCO__EICHERMOT,1,-540.2395997699033,192005.18849451304,hold
2020-01-06,HEROMOTOCO__EICHERMOT,1,1734.456677935036,193739.64517244807,hold
2020-01-07,HEROMOTOCO__EICHERMOT,1,579.6938373689023,194319.33900981696,hold
2020-01-08,HEROMOTOCO__EICHERMOT,1,29.469565737371575,194348.80857555434,hold
2020-01-09,HEROMOTOCO__EICHERMOT,1,-768.9682205961044,193579.84035495823,hold
2020-01-10,HEROMOTOCO__EICHERMOT,1,-199.0380523464255,193380.80230261182,hold
2020-01-13,HEROMOTOCO__EICHERMOT,1,-283.4705747404752,193097.33172787135,hold
2020-01-14,HEROMOTOCO__EICHERMOT,1,-1255.0121047597413,191842.3196231116,hold
2020-01-15,HEROMOTOCO__EICHERMOT,1,-1993.443240809608,189848.876382302,hold
2020-01-16,HEROMOTOCO__EICHERMOT,1,2294.0311679152396,192142.90755021723,hold
2020-01-17,HEROMOTOCO__EICHERMOT,1,-907.3430631153707,191235.56448710186,hold
2020-01-20,HEROMOTOCO__EICHERMOT,1,1310.7538941299254,192546.31838123177,hold
2020-01-21,HEROMOTOCO__EICHERMOT,1,212.8970204275471,192759.2154016593,hold
2020-01-22,HEROMOTOCO__EICHERMOT,1,16.642319897795375,192775.8577215571,hold
2020-01-23,HEROMOTOCO__EICHERMOT,1,-1210.1596136959547,191565.69810786116,hold
2020-01-24,HEROMOTOCO__EICHERMOT,1,-1270.4729177814547,190295.2251900797,hold
2020-01-27,HEROMOTOCO__EICHERMOT,1,574.1687202349008,190869.39391031463,hold
2020-01-28,HEROMOTOCO__EICHERMOT,1,-453.7142130912885,190415.67969722333,hold
2020-01-29,HEROMOTOCO__EICHERMOT,1,-1519.0874607769717,188896.59223644636,hold
2020-01-30,HEROMOTOCO__EICHERMOT,1,268.37214878531927,189164.9643852317,hold
2020-01-31,HEROMOTOCO__EICHERMOT,1,-708.4431136825677,188456.52127154914,hold
2020-02-03,HEROMOTOCO__EICHERMOT,1,3659.6617058941474,192116.18297744327,hold
2020-02-04,HEROMOTOCO__EICHERMOT,1,-3204.5339016748717,188911.6490757684,hold
2020-02-05,HEROMOTOCO__EICHERMOT,1,2852.0951559824457,191763.74423175084,hold
2020-02-06,HEROMOTOCO__EICHERMOT,1,-317.2294093134632,191446.51482243737,hold
2020-02-07,HEROMOTOCO__EICHERMOT,1,-1747.2915904056053,189699.22323203177,hold
2020-02-10,HEROMOTOCO__EICHERMOT,1,-1.7054246350317044,189697.51780739674,exit
2020-02-11,HEROMOTOCO__EICHERMOT,1,0.0,189697.51780739674,flat
2020-02-12,HEROMOTOCO__EICHERMOT,1,0.0,189697.51780739674,flat
2020-02-13,HEROMOTOCO__EICHERMOT,1,0.0,189697.51780739674,flat
2020-02-14,HEROMOTOCO__EICHERMOT,1,0.0,189697.51780739674,flat
2020-02-17,HEROMOTOCO__EICHERMOT,1,0.0,189697.51780739674,flat
2020-02-18,HEROMOTOCO__EICHERMOT,1,0.0,189697.51780739674,flat
2020-02-19,HEROMOTOCO__EICHERMOT,1,0.0,189697.51780739674,flat
2020-02-20,HEROMOTOCO__EICHERMOT,1,0.0,189697.51780739674,flat
2020-02-24,HEROMOTOCO__EICHERMOT,1,0.0,189697.51780739674,flat
2020-02-25,HEROMOTOCO__EICHERMOT,1,0.0,189697.51780739674,flat
2020-02-26,HEROMOTOCO__EICHERMOT,1,0.0,189697.51780739674,flat
2020-02-27,HEROMOTOCO__EICHERMOT,1,0.0,189697.51780739674,flat
2020-02-28,HEROMOTOCO__EICHERMOT,1,0.0,189697.51780739674,flat
2020-03-02,HEROMOTOCO__EICHERMOT,1,0.0,189697.51780739674,flat
2020-03-03,HEROMOTOCO__EICHERMOT,1,0.0,189697.51780739674,flat
2020-03-04,HEROMOTOCO__EICHERMOT,1,0.0,189697.51780739674,flat
2020-03-05,HEROMOTOCO__EICHERMOT,1,0.0,189697.51780739674,flat
2020-03-06,HEROMOTOCO__EICHERMOT,1,0.0,189697.51780739674,flat
2020-03-09,HEROMOTOCO__EICHERMOT,1,0.0,189697.51780739674,flat
2020-03-11,HEROMOTOCO__EICHERMOT,1,0.0,189697.51780739674,flat
2020-03-12,HEROMOTOCO__EICHERMOT,1,0.0,189697.51780739674,flat
2020-03-13,HEROMOTOCO__EICHERMOT,1,0.0,189697.51780739674,flat
2020-03-16,HEROMOTOCO__EICHERMOT,1,0.0,189697.51780739674,flat
2020-03-17,HEROMOTOCO__EICHERMOT,1,0.0,189697.51780739674,flat
2020-03-18,HEROMOTOCO__EICHERMOT,1,-595.6985276843561,189101.8192797124,entry
2020-03-19,HEROMOTOCO__EICHERMOT,1,811.7305753424657,189913.54985505485,hold
2020-03-20,HEROMOTOCO__EICHERMOT,1,1760.5613168610873,191674.11117191595,hold
2020-03-23,HEROMOTOCO__EICHERMOT,1,-3193.365196021511,188480.74597589445,hold
2020-03-24,HEROMOTOCO__EICHERMOT,1,63.23134803082192,188543.97732392527,hold
2020-03-25,HEROMOTOCO__EICHERMOT,1,674.7172823870933,189218.69460631238,hold
2020-03-26,HEROMOTOCO__EICHERMOT,1,2455.512577161815,191674.20718347418,hold
2020-03-27,HEROMOTOCO__EICHERMOT,1,-2522.3886663901967,189151.81851708397,hold
2020-03-30,HEROMOTOCO__EICHERMOT,1,-1744.6332073790668,187407.18530970492,hold
2020-03-31,HEROMOTOCO__EICHERMOT,1,874.98530028628,188282.17060999118,hold
2020-04-01,HEROMOTOCO__EICHERMOT,1,838.824708088078,189120.99531807925,hold
2020-04-03,HEROMOTOCO__EICHERMOT,1,-992.3743724181293,188128.62094566113,hold
2020-04-07,HEROMOTOCO__EICHERMOT,1,3400.7888797624146,191529.40982542353,hold
2020-04-08,HEROMOTOCO__EICHERMOT,1,967.9944375535102,192497.40426297704,hold
2020-04-09,HEROMOTOCO__EICHERMOT,1,3016.031081603168,195513.4353445802,hold
2020-04-13,HEROMOTOCO__EICHERMOT,1,-1254.705429005244,194258.72991557498,hold
2020-04-15,HEROMOTOCO__EICHERMOT,1,-1762.5110945660317,192496.21882100895,hold
2020-04-16,HEROMOTOCO__EICHERMOT,1,-796.7299654992509,191699.4888555097,hold
2020-04-17,HEROMOTOCO__EICHERMOT,1,600.6527910022475,192300.14164651194,hold
2020-04-20,HEROMOTOCO__EICHERMOT,1,-407.1830873822774,191892.95855912965,hold
2020-04-21,HEROMOTOCO__EICHERMOT,1,613.1471706442637,192506.1057297739,hold
2020-04-22,HEROMOTOCO__EICHERMOT,1,1070.148150511023,193576.25388028493,hold
2020-04-23,HEROMOTOCO__EICHERMOT,1,-531.3805936563571,193044.87328662857,hold
2020-04-24,HEROMOTOCO__EICHERMOT,1,696.7837214121362,193741.6570080407,hold
2020-04-27,HEROMOTOCO__EICHERMOT,1,641.7565351161173,194383.4135431568,hold
2020-04-28,HEROMOTOCO__EICHERMOT,1,54.091116197559934,194437.50465935437,hold
2020-04-29,HEROMOTOCO__EICHERMOT,1,513.0112456924229,194950.51590504678,hold
2020-04-30,HEROMOTOCO__EICHERMOT,1,3582.454798520441,198532.9707035672,hold
2020-05-04,HEROMOTOCO__EICHERMOT,1,-3786.166829316092,194746.8038742511,exit
2020-05-05,HEROMOTOCO__EICHERMOT,1,0.0,194746.8038742511,flat
2020-05-06,HEROMOTOCO__EICHERMOT,1,0.0,194746.8038742511,flat
2020-05-07,HEROMOTOCO__EICHERMOT,1,0.0,194746.8038742511,flat
2020-05-08,HEROMOTOCO__EICHERMOT,1,0.0,194746.8038742511,flat
2020-05-11,HEROMOTOCO__EICHERMOT,1,0.0,194746.8038742511,flat
2020-05-12,HEROMOTOCO__EICHERMOT,1,0.0,194746.8038742511,flat
2020-05-13,HEROMOTOCO__EICHERMOT,1,0.0,194746.8038742511,flat
2020-05-14,HEROMOTOCO__EICHERMOT,1,0.0,194746.8038742511,flat
2020-05-15,HEROMOTOCO__EICHERMOT,1,0.0,194746.8038742511,flat
2020-05-18,HEROMOTOCO__EICHERMOT,1,0.0,194746.8038742511,flat
2020-05-19,HEROMOTOCO__EICHERMOT,1,0.0,194746.8038742511,flat
2020-05-20,HEROMOTOCO__EICHERMOT,1,0.0,194746.8038742511,flat
2020-05-21,HEROMOTOCO__EICHERMOT,1,0.0,194746.8038742511,flat
2020-05-22,HEROMOTOCO__EICHERMOT,1,0.0,194746.8038742511,flat
2020-05-26,HEROMOTOCO__EICHERMOT,1,0.0,194746.8038742511,flat
2020-05-27,HEROMOTOCO__EICHERMOT,1,0.0,194746.8038742511,flat
2020-05-28,HEROMOTOCO__EICHERMOT,1,0.0,194746.8038742511,flat
2020-05-29,HEROMOTOCO__EICHERMOT,1,0.0,194746.8038742511,flat
2020-06-01,HEROMOTOCO__EICHERMOT,2,0.0,194746.8038742511,flat
2020-06-02,HEROMOTOCO__EICHERMOT,2,0.0,194746.8038742511,flat
2020-06-03,HEROMOTOCO__EICHERMOT,2,0.0,194746.8038742511,flat
2020-06-04,HEROMOTOCO__EICHERMOT,2,0.0,194746.8038742511,flat
2020-06-05,HEROMOTOCO__EICHERMOT,2,0.0,194746.8038742511,flat
2020-06-08,HEROMOTOCO__EICHERMOT,2,0.0,194746.8038742511,flat
2020-06-09,HEROMOTOCO__EICHERMOT,2,0.0,194746.8038742511,flat
2020-06-10,HEROMOTOCO__EICHERMOT,2,0.0,194746.8038742511,flat
2020-06-11,HEROMOTOCO__EICHERMOT,2,0.0,194746.8038742511,flat
2020-06-12,HEROMOTOCO__EICHERMOT,2,0.0,194746.8038742511,flat
2020-06-15,HEROMOTOCO__EICHERMOT,2,0.0,194746.8038742511,flat
2020-06-16,HEROMOTOCO__EICHERMOT,2,0.0,194746.8038742511,flat
2020-06-17,HEROMOTOCO__EICHERMOT,2,0.0,194746.8038742511,flat
2020-06-18,HEROMOTOCO__EICHERMOT,2,0.0,194746.8038742511,flat
2020-06-19,HEROMOTOCO__EICHERMOT,2,0.0,194746.8038742511,flat
2020-06-22,HEROMOTOCO__EICHERMOT,2,0.0,194746.8038742511,flat
2020-06-23,HEROMOTOCO__EICHERMOT,2,0.0,194746.8038742511,flat
2020-06-24,HEROMOTOCO__EICHERMOT,2,0.0,194746.8038742511,flat
2020-06-25,HEROMOTOCO__EICHERMOT,2,0.0,194746.8038742511,flat
2020-06-26,HEROMOTOCO__EICHERMOT,2,0.0,194746.8038742511,flat
2020-06-29,HEROMOTOCO__EICHERMOT,2,0.0,194746.8038742511,flat
2020-06-30,HEROMOTOCO__EICHERMOT,2,0.0,194746.8038742511,flat
2020-07-01,HEROMOTOCO__EICHERMOT,2,0.0,194746.8038742511,flat
2020-07-02,HEROMOTOCO__EICHERMOT,2,0.0,194746.8038742511,flat
2020-07-03,HEROMOTOCO__EICHERMOT,2,0.0,194746.8038742511,flat
2020-07-06,HEROMOTOCO__EICHERMOT,2,0.0,194746.8038742511,flat
2020-07-07,HEROMOTOCO__EICHERMOT,2,0.0,194746.8038742511,flat
2020-07-08,HEROMOTOCO__EICHERMOT,2,0.0,194746.8038742511,flat
2020-07-09,HEROMOTOCO__EICHERMOT,2,0.0,194746.8038742511,flat
2020-07-10,HEROMOTOCO__EICHERMOT,2,0.0,194746.8038742511,flat
2020-07-13,HEROMOTOCO__EICHERMOT,2,0.0,194746.8038742511,flat
2020-07-14,HEROMOTOCO__EICHERMOT,2,0.0,194746.8038742511,flat
2020-07-15,HEROMOTOCO__EICHERMOT,2,0.0,194746.8038742511,flat
2020-07-16,HEROMOTOCO__EICHERMOT,2,0.0,194746.8038742511,flat
2020-07-17,HEROMOTOCO__EICHERMOT,2,0.0,194746.8038742511,flat
2020-07-20,HEROMOTOCO__EICHERMOT,2,0.0,194746.8038742511,flat
2020-07-21,HEROMOTOCO__EICHERMOT,2,0.0,194746.8038742511,flat
2020-07-22,HEROMOTOCO__EICHERMOT,2,0.0,194746.8038742511,flat
2020-07-23,HEROMOTOCO__EICHERMOT,2,0.0,194746.8038742511,flat
2020-07-24,HEROMOTOCO__EICHERMOT,2,0.0,194746.8038742511,flat
2020-07-27,HEROMOTOCO__EICHERMOT,2,0.0,194746.8038742511,flat
2020-07-28,HEROMOTOCO__EICHERMOT,2,0.0,194746.8038742511,flat
2020-07-29,HEROMOTOCO__EICHERMOT,2,0.0,194746.8038742511,flat
2020-07-30,HEROMOTOCO__EICHERMOT,2,0.0,194746.8038742511,flat
2020-07-31,HEROMOTOCO__EICHERMOT,2,0.0,194746.8038742511,flat
2020-08-03,HEROMOTOCO__EICHERMOT,2,0.0,194746.8038742511,flat
2020-08-04,HEROMOTOCO__EICHERMOT,2,0.0,194746.8038742511,flat
2020-08-05,HEROMOTOCO__EICHERMOT,2,-823.4647318210983,193923.33914243002,entry
2020-08-06,HEROMOTOCO__EICHERMOT,2,477.1357591235017,194400.47490155353,hold
2020-08-07,HEROMOTOCO__EICHERMOT,2,-116.46518469071061,194284.0097168628,hold
2020-08-10,HEROMOTOCO__EICHERMOT,2,437.47586999678936,194721.4855868596,hold
2020-08-11,HEROMOTOCO__EICHERMOT,2,95.28617861729452,194816.7717654769,hold
2020-08-12,HEROMOTOCO__EICHERMOT,2,384.1154582887414,195200.88722376566,hold
2020-08-13,HEROMOTOCO__EICHERMOT,2,1178.901280821918,196379.78850458757,hold
2020-08-14,HEROMOTOCO__EICHERMOT,2,762.4716386453791,197142.26014323294,exit
2020-08-17,HEROMOTOCO__EICHERMOT,2,0.0,197142.26014323294,flat
2020-08-18,HEROMOTOCO__EICHERMOT,2,0.0,197142.26014323294,flat
2020-08-19,HEROMOTOCO__EICHERMOT,2,0.0,197142.26014323294,flat
2020-08-20,HEROMOTOCO__EICHERMOT,2,0.0,197142.26014323294,flat
2020-08-21,HEROMOTOCO__EICHERMOT,2,0.0,197142.26014323294,flat
2020-08-24,HEROMOTOCO__EICHERMOT,2,0.0,197142.26014323294,flat
2020-08-25,HEROMOTOCO__EICHERMOT,2,0.0,197142.26014323294,flat
2020-08-26,HEROMOTOCO__EICHERMOT,2,0.0,197142.26014323294,flat
2020-08-27,HEROMOTOCO__EICHERMOT,2,0.0,197142.26014323294,flat
2020-08-28,HEROMOTOCO__EICHERMOT,2,0.0,197142.26014323294,flat
2020-08-31,HEROMOTOCO__EICHERMOT,2,0.0,197142.26014323294,flat
2020-09-01,HEROMOTOCO__EICHERMOT,2,0.0,197142.26014323294,flat
2020-09-02,HEROMOTOCO__EICHERMOT,2,-857.0714406597314,196285.1887025732,entry
2020-09-03,HEROMOTOCO__EICHERMOT,2,-801.3049050995292,195483.88379747368,hold
2020-09-04,HEROMOTOCO__EICHERMOT,2,185.0304665828339,195668.9142640565,hold
2020-09-07,HEROMOTOCO__EICHERMOT,2,-1063.9815151969178,194604.9327488596,hold
2020-09-08,HEROMOTOCO__EICHERMOT,2,433.6528563516695,195038.58560521126,hold
2020-09-09,HEROMOTOCO__EICHERMOT,2,476.0503384257277,195514.635943637,hold
2020-09-10,HEROMOTOCO__EICHERMOT,2,749.4763683914812,196264.11231202848,hold
2020-09-11,HEROMOTOCO__EICHERMOT,2,901.8016232074058,197165.91393523588,hold
2020-09-14,HEROMOTOCO__EICHERMOT,2,603.639517578125,197769.553452814,hold
2020-09-15,HEROMOTOCO__EICHERMOT,2,369.9861200904353,198139.53957290444,hold
2020-09-16,HEROMOTOCO__EICHERMOT,2,21.6385651086229,198161.17813801306,hold
2020-09-17,HEROMOTOCO__EICHERMOT,2,300.2213582245291,198461.39949623757,hold
2020-09-18,HEROMOTOCO__EICHERMOT,2,753.7434656731592,199215.14296191072,hold
2020-09-21,HEROMOTOCO__EICHERMOT,2,-331.8190730013883,198883.32388890933,hold
2020-09-22,HEROMOTOCO__EICHERMOT,2,-438.33726111676236,198444.98662779256,hold
2020-09-23,HEROMOTOCO__EICHERMOT,2,-876.333605843322,197568.65302194923,hold
2020-09-24,HEROMOTOCO__EICHERMOT,2,-115.30877018675086,197453.34425176246,hold
2020-09-25,HEROMOTOCO__EICHERMOT,2,346.50858964308645,197799.85284140555,hold
2020-09-28,HEROMOTOCO__EICHERMOT,2,642.0653508401113,198441.91819224565,hold
2020-09-29,HEROMOTOCO__EICHERMOT,2,1196.8772940389554,199638.7954862846,hold
2020-09-30,HEROMOTOCO__EICHERMOT,2,-515.6771109535531,199123.11837533105,hold
2020-10-01,HEROMOTOCO__EICHERMOT,2,126.35982815175514,199249.4782034828,hold
2020-10-05,HEROMOTOCO__EICHERMOT,2,-528.1936590592894,198721.2845444235,hold
2020-10-06,HEROMOTOCO__EICHERMOT,2,267.5955595034247,198988.88010392693,hold
2020-10-07,HEROMOTOCO__EICHERMOT,2,1099.2643759364298,200088.14447986337,hold
2020-10-08,HEROMOTOCO__EICHERMOT,2,1106.961130672089,201195.10561053545,hold
2020-10-09,HEROMOTOCO__EICHERMOT,2,676.9982860124144,201872.10389654787,hold
2020-10-12,HEROMOTOCO__EICHERMOT,2,-257.125921286387,201614.97797526148,hold
2020-10-13,HEROMOTOCO__EICHERMOT,2,-424.1955134310788,201190.78246183041,hold
2020-10-14,HEROMOTOCO__EICHERMOT,2,-56.335945553296234,201134.44651627712,hold
2020-10-15,HEROMOTOCO__EICHERMOT,2,117.36033604452055,201251.80685232164,hold
2020-10-16,HEROMOTOCO__EICHERMOT,2,260.5099941673801,201512.316846489,hold
2020-10-19,HEROMOTOCO__EICHERMOT,2,-730.1798591074486,200782.13698738156,hold
2020-10-20,HEROMOTOCO__EICHERMOT,2,-143.32044266374143,200638.81654471782,hold
2020-10-21,HEROMOTOCO__EICHERMOT,2,-821.568304098887,199817.24824061894,hold
2020-10-22,HEROMOTOCO__EICHERMOT,2,-1333.0881571329196,198484.16008348603,hold
2020-10-23,HEROMOTOCO__EICHERMOT,2,203.59182346960617,198687.75190695564,hold
2020-10-26,HEROMOTOCO__EICHERMOT,2,-2608.5667054660744,196079.18520148957,hold
2020-10-27,HEROMOTOCO__EICHERMOT,2,99.54817776113309,196178.7333792507,hold
2020-10-28,HEROMOTOCO__EICHERMOT,2,351.94029809235576,196530.67367734306,hold
2020-10-29,HEROMOTOCO__EICHERMOT,2,-1503.9659293611935,195026.70774798185,stop_out
2020-10-30,HEROMOTOCO__EICHERMOT,2,0.0,195026.70774798185,flat
2020-11-02,HEROMOTOCO__EICHERMOT,2,0.0,195026.70774798185,flat
2020-11-03,HEROMOTOCO__EICHERMOT,2,0.0,195026.70774798185,flat
2020-11-04,HEROMOTOCO__EICHERMOT,2,0.0,195026.70774798185,flat
2020-11-05,HEROMOTOCO__EICHERMOT,2,0.0,195026.70774798185,flat
2020-11-06,HEROMOTOCO__EICHERMOT,2,0.0,195026.70774798185,flat
2020-11-09,HEROMOTOCO__EICHERMOT,2,0.0,195026.70774798185,flat
2020-11-10,HEROMOTOCO__EICHERMOT,2,0.0,195026.70774798185,flat
2020-11-11,HEROMOTOCO__EICHERMOT,2,0.0,195026.70774798185,flat
2020-11-12,HEROMOTOCO__EICHERMOT,2,0.0,195026.70774798185,flat
2020-11-13,HEROMOTOCO__EICHERMOT,2,0.0,195026.70774798185,flat
2020-11-14,HEROMOTOCO__EICHERMOT,2,0.0,195026.70774798185,flat
2020-11-17,HEROMOTOCO__EICHERMOT,2,-1021.9873535566652,194004.72039442518,entry
2020-11-18,HEROMOTOCO__EICHERMOT,2,-2120.0550600652828,191884.6653343599,hold
2020-11-19,HEROMOTOCO__EICHERMOT,2,1220.067720703125,193104.733055063,hold
2020-11-20,HEROMOTOCO__EICHERMOT,2,-556.4571182577055,192548.2759368053,hold
2020-11-23,HEROMOTOCO__EICHERMOT,2,876.8614957726884,193425.137432578,hold
2020-11-24,HEROMOTOCO__EICHERMOT,2,-1511.0990477311643,191914.03838484682,hold
2020-11-25,HEROMOTOCO__EICHERMOT,2,689.0362009578339,192603.07458580466,hold
2020-11-26,HEROMOTOCO__EICHERMOT,2,1082.1527656785104,193685.22735148316,hold
2020-11-27,HEROMOTOCO__EICHERMOT,2,1644.9905625802653,195330.21791406343,hold
2020-12-01,HEROMOTOCO__EICHERMOT,3,48.36866502568493,195378.5865790891,hold
2020-12-02,HEROMOTOCO__EICHERMOT,3,256.8391866438356,195635.42576573294,hold
2020-12-03,HEROMOTOCO__EICHERMOT,3,-92.75223549871575,195542.67353023423,hold
2020-12-04,HEROMOTOCO__EICHERMOT,3,587.5573221586045,196130.23085239282,hold
2020-12-07,HEROMOTOCO__EICHERMOT,3,-254.38393926583905,195875.846913127,hold
2020-12-08,HEROMOTOCO__EICHERMOT,3,123.78612938784246,195999.63304251485,hold
2020-12-09,HEROMOTOCO__EICHERMOT,3,-854.2128202511785,195145.42022226367,exit
2020-12-10,HEROMOTOCO__EICHERMOT,3,0.0,195145.42022226367,flat
2020-12-11,HEROMOTOCO__EICHERMOT,3,0.0,195145.42022226367,flat
2020-12-14,HEROMOTOCO__EICHERMOT,3,0.0,195145.42022226367,flat
2020-12-15,HEROMOTOCO__EICHERMOT,3,0.0,195145.42022226367,flat
2020-12-16,HEROMOTOCO__EICHERMOT,3,0.0,195145.42022226367,flat
2020-12-17,HEROMOTOCO__EICHERMOT,3,0.0,195145.42022226367,flat
2020-12-18,HEROMOTOCO__EICHERMOT,3,0.0,195145.42022226367,flat
2020-12-21,HEROMOTOCO__EICHERMOT,3,0.0,195145.42022226367,flat
2020-12-22,HEROMOTOCO__EICHERMOT,3,0.0,195145.42022226367,flat
2020-12-23,HEROMOTOCO__EICHERMOT,3,0.0,195145.42022226367,flat
2020-12-24,HEROMOTOCO__EICHERMOT,3,0.0,195145.42022226367,flat
2020-12-28,HEROMOTOCO__EICHERMOT,3,0.0,195145.42022226367,flat
2020-12-29,HEROMOTOCO__EICHERMOT,3,0.0,195145.42022226367,flat
2020-12-30,HEROMOTOCO__EICHERMOT,3,0.0,195145.42022226367,flat
2020-12-31,HEROMOTOCO__EICHERMOT,3,0.0,195145.42022226367,flat
2021-01-01,HEROMOTOCO__EICHERMOT,3,0.0,195145.42022226367,flat
2021-01-04,HEROMOTOCO__EICHERMOT,3,-1144.8153709225874,194000.60485134108,entry
2021-01-05,HEROMOTOCO__EICHERMOT,3,-9.908071516481165,193990.6967798246,hold
2021-01-06,HEROMOTOCO__EICHERMOT,3,932.1326321703767,194922.82941199496,hold
2021-01-07,HEROMOTOCO__EICHERMOT,3,-624.158284353596,194298.67112764137,hold
2021-01-08,HEROMOTOCO__EICHERMOT,3,-526.4722862799657,193772.19884136142,hold
2021-01-11,HEROMOTOCO__EICHERMOT,3,293.76968493150684,194065.9685262929,hold
2021-01-12,HEROMOTOCO__EICHERMOT,3,-1387.508928510274,192678.45959778264,hold
2021-01-13,HEROMOTOCO__EICHERMOT,3,426.51644167380135,193104.97603945644,hold
2021-01-14,HEROMOTOCO__EICHERMOT,3,-229.54028823309076,192875.43575122335,hold
2021-01-15,HEROMOTOCO__EICHERMOT,3,-526.0278841235017,192349.40786709986,hold
2021-01-18,HEROMOTOCO__EICHERMOT,3,-1081.645333984375,191267.76253311548,hold
2021-01-19,HEROMOTOCO__EICHERMOT,3,1022.3498552011986,192290.1123883167,hold
2021-01-20,HEROMOTOCO__EICHERMOT,3,-456.74811425637245,191833.36427406032,exit
2021-01-21,HEROMOTOCO__EICHERMOT,3,0.0,191833.36427406032,flat
2021-01-22,HEROMOTOCO__EICHERMOT,3,0.0,191833.36427406032,flat
2021-01-25,HEROMOTOCO__EICHERMOT,3,0.0,191833.36427406032,flat
2021-01-27,HEROMOTOCO__EICHERMOT,3,0.0,191833.36427406032,flat
2021-01-28,HEROMOTOCO__EICHERMOT,3,0.0,191833.36427406032,flat
2021-01-29,HEROMOTOCO__EICHERMOT,3,0.0,191833.36427406032,flat
2021-02-01,HEROMOTOCO__EICHERMOT,3,0.0,191833.36427406032,flat
2021-02-02,HEROMOTOCO__EICHERMOT,3,0.0,191833.36427406032,flat
2021-02-03,HEROMOTOCO__EICHERMOT,3,0.0,191833.36427406032,flat
2021-02-04,HEROMOTOCO__EICHERMOT,3,0.0,191833.36427406032,flat
2021-02-05,HEROMOTOCO__EICHERMOT,3,0.0,191833.36427406032,flat
2021-02-08,HEROMOTOCO__EICHERMOT,3,0.0,191833.36427406032,flat
2021-02-09,HEROMOTOCO__EICHERMOT,3,0.0,191833.36427406032,flat
2021-02-10,HEROMOTOCO__EICHERMOT,3,0.0,191833.36427406032,flat
2021-02-11,HEROMOTOCO__EICHERMOT,3,0.0,191833.36427406032,flat
2021-02-12,HEROMOTOCO__EICHERMOT,3,0.0,191833.36427406032,flat
2021-02-15,HEROMOTOCO__EICHERMOT,3,0.0,191833.36427406032,flat
2021-02-16,HEROMOTOCO__EICHERMOT,3,0.0,191833.36427406032,flat
2021-02-17,HEROMOTOCO__EICHERMOT,3,0.0,191833.36427406032,flat
2021-02-18,HEROMOTOCO__EICHERMOT,3,0.0,191833.36427406032,flat
2021-02-19,HEROMOTOCO__EICHERMOT,3,0.0,191833.36427406032,flat
2021-02-22,HEROMOTOCO__EICHERMOT,3,0.0,191833.36427406032,flat
2021-02-23,HEROMOTOCO__EICHERMOT,3,0.0,191833.36427406032,flat
2021-02-24,HEROMOTOCO__EICHERMOT,3,0.0,191833.36427406032,flat
2021-02-25,HEROMOTOCO__EICHERMOT,3,0.0,191833.36427406032,flat
2021-02-26,HEROMOTOCO__EICHERMOT,3,0.0,191833.36427406032,flat
2021-03-01,HEROMOTOCO__EICHERMOT,3,0.0,191833.36427406032,flat
2021-03-02,HEROMOTOCO__EICHERMOT,3,0.0,191833.36427406032,flat
2021-03-03,HEROMOTOCO__EICHERMOT,3,0.0,191833.36427406032,flat
2021-03-04,HEROMOTOCO__EICHERMOT,3,0.0,191833.36427406032,flat
2021-03-05,HEROMOTOCO__EICHERMOT,3,0.0,191833.36427406032,flat
2021-03-08,HEROMOTOCO__EICHERMOT,3,0.0,191833.36427406032,flat
2021-03-09,HEROMOTOCO__EICHERMOT,3,0.0,191833.36427406032,flat
2021-03-10,HEROMOTOCO__EICHERMOT,3,0.0,191833.36427406032,flat
2021-03-12,HEROMOTOCO__EICHERMOT,3,0.0,191833.36427406032,flat
2021-03-15,HEROMOTOCO__EICHERMOT,3,0.0,191833.36427406032,flat
2021-03-16,HEROMOTOCO__EICHERMOT,3,0.0,191833.36427406032,flat
2021-03-17,HEROMOTOCO__EICHERMOT,3,0.0,191833.36427406032,flat
2021-03-18,HEROMOTOCO__EICHERMOT,3,0.0,191833.36427406032,flat
2021-03-19,HEROMOTOCO__EICHERMOT,3,0.0,191833.36427406032,flat
2021-03-22,HEROMOTOCO__EICHERMOT,3,0.0,191833.36427406032,flat
2021-03-23,HEROMOTOCO__EICHERMOT,3,0.0,191833.36427406032,flat
2021-03-24,HEROMOTOCO__EICHERMOT,3,0.0,191833.36427406032,flat
2021-03-25,HEROMOTOCO__EICHERMOT,3,0.0,191833.36427406032,flat
2021-03-26,HEROMOTOCO__EICHERMOT,3,0.0,191833.36427406032,flat
2021-03-30,HEROMOTOCO__EICHERMOT,3,0.0,191833.36427406032,flat
2021-03-31,HEROMOTOCO__EICHERMOT,3,0.0,191833.36427406032,flat
2021-04-01,HEROMOTOCO__EICHERMOT,3,0.0,191833.36427406032,flat
2021-04-05,HEROMOTOCO__EICHERMOT,3,0.0,191833.36427406032,flat
2021-04-06,HEROMOTOCO__EICHERMOT,3,0.0,191833.36427406032,flat
2021-04-07,HEROMOTOCO__EICHERMOT,3,0.0,191833.36427406032,flat
2021-04-08,HEROMOTOCO__EICHERMOT,3,0.0,191833.36427406032,flat
2021-04-09,HEROMOTOCO__EICHERMOT,3,0.0,191833.36427406032,flat
2021-04-12,HEROMOTOCO__EICHERMOT,3,0.0,191833.36427406032,flat
2021-04-13,HEROMOTOCO__EICHERMOT,3,0.0,191833.36427406032,flat
2021-04-15,HEROMOTOCO__EICHERMOT,3,0.0,191833.36427406032,flat
2021-04-16,HEROMOTOCO__EICHERMOT,3,0.0,191833.36427406032,flat
2021-04-19,HEROMOTOCO__EICHERMOT,3,0.0,191833.36427406032,flat
2021-04-20,HEROMOTOCO__EICHERMOT,3,0.0,191833.36427406032,flat
2021-04-22,HEROMOTOCO__EICHERMOT,3,0.0,191833.36427406032,flat
2021-04-23,HEROMOTOCO__EICHERMOT,3,0.0,191833.36427406032,flat
2021-04-26,HEROMOTOCO__EICHERMOT,3,0.0,191833.36427406032,flat
2021-04-27,HEROMOTOCO__EICHERMOT,3,0.0,191833.36427406032,flat
2021-04-28,HEROMOTOCO__EICHERMOT,3,0.0,191833.36427406032,flat
2021-04-29,HEROMOTOCO__EICHERMOT,3,0.0,191833.36427406032,flat
2021-04-30,HEROMOTOCO__EICHERMOT,3,0.0,191833.36427406032,flat
2021-05-03,HEROMOTOCO__EICHERMOT,3,0.0,191833.36427406032,flat
2021-05-04,HEROMOTOCO__EICHERMOT,3,0.0,191833.36427406032,flat
2021-05-05,HEROMOTOCO__EICHERMOT,3,0.0,191833.36427406032,flat
2021-05-06,HEROMOTOCO__EICHERMOT,3,0.0,191833.36427406032,flat
2021-05-07,HEROMOTOCO__EICHERMOT,3,0.0,191833.36427406032,flat
2021-05-10,HEROMOTOCO__EICHERMOT,3,0.0,191833.36427406032,flat
2021-05-11,HEROMOTOCO__EICHERMOT,3,0.0,191833.36427406032,flat
2021-05-12,HEROMOTOCO__EICHERMOT,3,0.0,191833.36427406032,flat
2021-05-14,HEROMOTOCO__EICHERMOT,3,0.0,191833.36427406032,flat
2021-05-17,HEROMOTOCO__EICHERMOT,3,0.0,191833.36427406032,flat
2021-05-18,HEROMOTOCO__EICHERMOT,3,0.0,191833.36427406032,flat
2021-05-19,HEROMOTOCO__EICHERMOT,3,0.0,191833.36427406032,flat
2021-05-20,HEROMOTOCO__EICHERMOT,3,0.0,191833.36427406032,flat
2021-05-21,HEROMOTOCO__EICHERMOT,3,0.0,191833.36427406032,flat
2021-05-24,HEROMOTOCO__EICHERMOT,3,0.0,191833.36427406032,flat
2021-05-25,HEROMOTOCO__EICHERMOT,3,0.0,191833.36427406032,flat
2021-05-26,HEROMOTOCO__EICHERMOT,3,0.0,191833.36427406032,flat
2021-05-27,HEROMOTOCO__EICHERMOT,3,0.0,191833.36427406032,flat
2021-05-28,HEROMOTOCO__EICHERMOT,3,0.0,191833.36427406032,flat
2021-05-31,HEROMOTOCO__EICHERMOT,4,0.0,191833.36427406032,flat
2021-06-01,HEROMOTOCO__EICHERMOT,4,0.0,191833.36427406032,flat
2021-06-02,HEROMOTOCO__EICHERMOT,4,0.0,191833.36427406032,flat
2021-06-03,HEROMOTOCO__EICHERMOT,4,0.0,191833.36427406032,flat
2021-06-04,HEROMOTOCO__EICHERMOT,4,0.0,191833.36427406032,flat
2021-06-07,HEROMOTOCO__EICHERMOT,4,0.0,191833.36427406032,flat
2021-06-08,HEROMOTOCO__EICHERMOT,4,0.0,191833.36427406032,flat
2021-06-09,HEROMOTOCO__EICHERMOT,4,0.0,191833.36427406032,flat
2021-06-10,HEROMOTOCO__EICHERMOT,4,0.0,191833.36427406032,flat
2021-06-11,HEROMOTOCO__EICHERMOT,4,0.0,191833.36427406032,flat
2021-06-14,HEROMOTOCO__EICHERMOT,4,0.0,191833.36427406032,flat
2021-06-15,HEROMOTOCO__EICHERMOT,4,0.0,191833.36427406032,flat
2021-06-16,HEROMOTOCO__EICHERMOT,4,0.0,191833.36427406032,flat
2021-06-17,HEROMOTOCO__EICHERMOT,4,0.0,191833.36427406032,flat
2021-06-18,HEROMOTOCO__EICHERMOT,4,0.0,191833.36427406032,flat
2021-06-21,HEROMOTOCO__EICHERMOT,4,0.0,191833.36427406032,flat
2021-06-22,HEROMOTOCO__EICHERMOT,4,0.0,191833.36427406032,flat
2021-06-23,HEROMOTOCO__EICHERMOT,4,0.0,191833.36427406032,flat
2021-06-24,HEROMOTOCO__EICHERMOT,4,0.0,191833.36427406032,flat
2021-06-25,HEROMOTOCO__EICHERMOT,4,0.0,191833.36427406032,flat
2021-06-28,HEROMOTOCO__EICHERMOT,4,0.0,191833.36427406032,flat
2021-06-29,HEROMOTOCO__EICHERMOT,4,0.0,191833.36427406032,flat
2021-06-30,HEROMOTOCO__EICHERMOT,4,0.0,191833.36427406032,flat
2021-07-01,HEROMOTOCO__EICHERMOT,4,0.0,191833.36427406032,flat
2021-07-02,HEROMOTOCO__EICHERMOT,4,0.0,191833.36427406032,flat
2021-07-05,HEROMOTOCO__EICHERMOT,4,0.0,191833.36427406032,flat
2021-07-06,HEROMOTOCO__EICHERMOT,4,0.0,191833.36427406032,flat
2021-07-07,HEROMOTOCO__EICHERMOT,4,0.0,191833.36427406032,flat
2021-07-08,HEROMOTOCO__EICHERMOT,4,0.0,191833.36427406032,flat
2021-07-09,HEROMOTOCO__EICHERMOT,4,0.0,191833.36427406032,flat
2021-07-12,HEROMOTOCO__EICHERMOT,4,0.0,191833.36427406032,flat
2021-07-13,HEROMOTOCO__EICHERMOT,4,0.0,191833.36427406032,flat
2021-07-14,HEROMOTOCO__EICHERMOT,4,0.0,191833.36427406032,flat
2021-07-15,HEROMOTOCO__EICHERMOT,4,0.0,191833.36427406032,flat
2021-07-16,HEROMOTOCO__EICHERMOT,4,0.0,191833.36427406032,flat
2021-07-19,HEROMOTOCO__EICHERMOT,4,0.0,191833.36427406032,flat
2021-07-20,HEROMOTOCO__EICHERMOT,4,0.0,191833.36427406032,flat
2021-07-22,HEROMOTOCO__EICHERMOT,4,0.0,191833.36427406032,flat
2021-07-23,HEROMOTOCO__EICHERMOT,4,0.0,191833.36427406032,flat
2021-07-26,HEROMOTOCO__EICHERMOT,4,0.0,191833.36427406032,flat
2021-07-27,HEROMOTOCO__EICHERMOT,4,0.0,191833.36427406032,flat
2021-07-28,HEROMOTOCO__EICHERMOT,4,0.0,191833.36427406032,flat
2021-07-29,HEROMOTOCO__EICHERMOT,4,0.0,191833.36427406032,flat
2021-07-30,HEROMOTOCO__EICHERMOT,4,0.0,191833.36427406032,flat
2021-08-02,HEROMOTOCO__EICHERMOT,4,0.0,191833.36427406032,flat
2021-08-03,HEROMOTOCO__EICHERMOT,4,0.0,191833.36427406032,flat
2021-08-04,HEROMOTOCO__EICHERMOT,4,0.0,191833.36427406032,flat
2021-08-05,HEROMOTOCO__EICHERMOT,4,0.0,191833.36427406032,flat
2021-08-06,HEROMOTOCO__EICHERMOT,4,0.0,191833.36427406032,flat
2021-08-09,HEROMOTOCO__EICHERMOT,4,0.0,191833.36427406032,flat
2021-08-10,HEROMOTOCO__EICHERMOT,4,0.0,191833.36427406032,flat
2021-08-11,HEROMOTOCO__EICHERMOT,4,0.0,191833.36427406032,flat
2021-08-12,HEROMOTOCO__EICHERMOT,4,0.0,191833.36427406032,flat
2021-08-13,HEROMOTOCO__EICHERMOT,4,0.0,191833.36427406032,flat
2021-08-16,HEROMOTOCO__EICHERMOT,4,0.0,191833.36427406032,flat
2021-08-17,HEROMOTOCO__EICHERMOT,4,0.0,191833.36427406032,flat
2021-08-18,HEROMOTOCO__EICHERMOT,4,0.0,191833.36427406032,flat
2021-08-20,HEROMOTOCO__EICHERMOT,4,0.0,191833.36427406032,flat
2021-08-23,HEROMOTOCO__EICHERMOT,4,0.0,191833.36427406032,flat
2021-08-24,HEROMOTOCO__EICHERMOT,4,0.0,191833.36427406032,flat
2021-08-25,HEROMOTOCO__EICHERMOT,4,0.0,191833.36427406032,flat
2021-08-26,HEROMOTOCO__EICHERMOT,4,0.0,191833.36427406032,flat
2021-08-27,HEROMOTOCO__EICHERMOT,4,0.0,191833.36427406032,flat
2021-08-30,HEROMOTOCO__EICHERMOT,4,0.0,191833.36427406032,flat
2021-08-31,HEROMOTOCO__EICHERMOT,4,0.0,191833.36427406032,flat
2021-09-01,HEROMOTOCO__EICHERMOT,4,0.0,191833.36427406032,flat
2021-09-02,HEROMOTOCO__EICHERMOT,4,0.0,191833.36427406032,flat
2021-09-03,HEROMOTOCO__EICHERMOT,4,0.0,191833.36427406032,flat
2021-09-06,HEROMOTOCO__EICHERMOT,4,0.0,191833.36427406032,flat
2021-09-07,HEROMOTOCO__EICHERMOT,4,0.0,191833.36427406032,flat
2021-09-08,HEROMOTOCO__EICHERMOT,4,0.0,191833.36427406032,flat
2021-09-09,HEROMOTOCO__EICHERMOT,4,0.0,191833.36427406032,flat
2021-09-13,HEROMOTOCO__EICHERMOT,4,0.0,191833.36427406032,flat
2021-09-14,HEROMOTOCO__EICHERMOT,4,0.0,191833.36427406032,flat
2021-09-15,HEROMOTOCO__EICHERMOT,4,0.0,191833.36427406032,flat
2021-09-16,HEROMOTOCO__EICHERMOT,4,0.0,191833.36427406032,flat
2021-09-17,HEROMOTOCO__EICHERMOT,4,0.0,191833.36427406032,flat
2021-09-20,HEROMOTOCO__EICHERMOT,4,0.0,191833.36427406032,flat
2021-09-21,HEROMOTOCO__EICHERMOT,4,0.0,191833.36427406032,flat
2021-09-22,HEROMOTOCO__EICHERMOT,4,0.0,191833.36427406032,flat
2021-09-23,HEROMOTOCO__EICHERMOT,4,0.0,191833.36427406032,flat
2021-09-24,HEROMOTOCO__EICHERMOT,4,0.0,191833.36427406032,flat
2021-09-27,HEROMOTOCO__EICHERMOT,4,0.0,191833.36427406032,flat
2021-09-28,HEROMOTOCO__EICHERMOT,4,0.0,191833.36427406032,flat
2021-09-29,HEROMOTOCO__EICHERMOT,4,0.0,191833.36427406032,flat
2021-09-30,HEROMOTOCO__EICHERMOT,4,0.0,191833.36427406032,flat
2021-10-01,HEROMOTOCO__EICHERMOT,4,0.0,191833.36427406032,flat
2021-10-04,HEROMOTOCO__EICHERMOT,4,0.0,191833.36427406032,flat
2021-10-05,HEROMOTOCO__EICHERMOT,4,0.0,191833.36427406032,flat
2021-10-06,HEROMOTOCO__EICHERMOT,4,0.0,191833.36427406032,flat
2021-10-07,HEROMOTOCO__EICHERMOT,4,0.0,191833.36427406032,flat
2021-10-08,HEROMOTOCO__EICHERMOT,4,0.0,191833.36427406032,flat
2021-10-11,HEROMOTOCO__EICHERMOT,4,0.0,191833.36427406032,flat
2021-10-12,HEROMOTOCO__EICHERMOT,4,0.0,191833.36427406032,flat
2021-10-13,HEROMOTOCO__EICHERMOT,4,0.0,191833.36427406032,flat
2021-10-14,HEROMOTOCO__EICHERMOT,4,0.0,191833.36427406032,flat
2021-10-18,HEROMOTOCO__EICHERMOT,4,0.0,191833.36427406032,flat
2021-10-19,HEROMOTOCO__EICHERMOT,4,0.0,191833.36427406032,flat
2021-10-20,HEROMOTOCO__EICHERMOT,4,0.0,191833.36427406032,flat
2021-10-21,HEROMOTOCO__EICHERMOT,4,0.0,191833.36427406032,flat
2021-10-22,HEROMOTOCO__EICHERMOT,4,0.0,191833.36427406032,flat
2021-10-25,HEROMOTOCO__EICHERMOT,4,0.0,191833.36427406032,flat
2021-10-26,HEROMOTOCO__EICHERMOT,4,0.0,191833.36427406032,flat
2021-10-27,HEROMOTOCO__EICHERMOT,4,0.0,191833.36427406032,flat
2021-10-28,HEROMOTOCO__EICHERMOT,4,0.0,191833.36427406032,flat
2021-10-29,HEROMOTOCO__EICHERMOT,4,0.0,191833.36427406032,flat
2021-11-01,HEROMOTOCO__EICHERMOT,4,0.0,191833.36427406032,flat
2021-11-02,HEROMOTOCO__EICHERMOT,4,0.0,191833.36427406032,flat
2021-11-03,HEROMOTOCO__EICHERMOT,4,0.0,191833.36427406032,flat
2021-11-04,HEROMOTOCO__EICHERMOT,4,0.0,191833.36427406032,flat
2021-11-08,HEROMOTOCO__EICHERMOT,4,0.0,191833.36427406032,flat
2021-11-09,HEROMOTOCO__EICHERMOT,4,0.0,191833.36427406032,flat
2021-11-10,HEROMOTOCO__EICHERMOT,4,0.0,191833.36427406032,flat
2021-11-11,HEROMOTOCO__EICHERMOT,4,0.0,191833.36427406032,flat
2021-11-12,HEROMOTOCO__EICHERMOT,4,0.0,191833.36427406032,flat
2021-11-15,HEROMOTOCO__EICHERMOT,4,0.0,191833.36427406032,flat
2021-11-16,HEROMOTOCO__EICHERMOT,4,0.0,191833.36427406032,flat
2021-11-17,HEROMOTOCO__EICHERMOT,4,0.0,191833.36427406032,flat
2021-11-18,HEROMOTOCO__EICHERMOT,4,0.0,191833.36427406032,flat
2021-11-22,HEROMOTOCO__EICHERMOT,4,0.0,191833.36427406032,flat
2021-11-23,HEROMOTOCO__EICHERMOT,4,0.0,191833.36427406032,flat
2021-11-24,HEROMOTOCO__EICHERMOT,4,0.0,191833.36427406032,flat
2021-11-25,HEROMOTOCO__EICHERMOT,4,0.0,191833.36427406032,flat
2021-11-26,HEROMOTOCO__EICHERMOT,4,0.0,191833.36427406032,flat
2021-11-29,HEROMOTOCO__EICHERMOT,4,0.0,191833.36427406032,flat
2021-11-30,HEROMOTOCO__EICHERMOT,5,0.0,191833.36427406032,flat
2021-12-01,HEROMOTOCO__EICHERMOT,5,0.0,191833.36427406032,flat
2021-12-02,HEROMOTOCO__EICHERMOT,5,0.0,191833.36427406032,flat
2021-12-03,HEROMOTOCO__EICHERMOT,5,0.0,191833.36427406032,flat
2021-12-06,HEROMOTOCO__EICHERMOT,5,0.0,191833.36427406032,flat
2021-12-07,HEROMOTOCO__EICHERMOT,5,0.0,191833.36427406032,flat
2021-12-08,HEROMOTOCO__EICHERMOT,5,0.0,191833.36427406032,flat
2021-12-09,HEROMOTOCO__EICHERMOT,5,0.0,191833.36427406032,flat
2021-12-10,HEROMOTOCO__EICHERMOT,5,0.0,191833.36427406032,flat
2021-12-13,HEROMOTOCO__EICHERMOT,5,0.0,191833.36427406032,flat
2021-12-14,HEROMOTOCO__EICHERMOT,5,0.0,191833.36427406032,flat
2021-12-15,HEROMOTOCO__EICHERMOT,5,0.0,191833.36427406032,flat
2021-12-16,HEROMOTOCO__EICHERMOT,5,0.0,191833.36427406032,flat
2021-12-17,HEROMOTOCO__EICHERMOT,5,0.0,191833.36427406032,flat
2021-12-20,HEROMOTOCO__EICHERMOT,5,0.0,191833.36427406032,flat
2021-12-21,HEROMOTOCO__EICHERMOT,5,0.0,191833.36427406032,flat
2021-12-22,HEROMOTOCO__EICHERMOT,5,0.0,191833.36427406032,flat
2021-12-23,HEROMOTOCO__EICHERMOT,5,0.0,191833.36427406032,flat
2021-12-24,HEROMOTOCO__EICHERMOT,5,0.0,191833.36427406032,flat
2021-12-27,HEROMOTOCO__EICHERMOT,5,0.0,191833.36427406032,flat
2021-12-28,HEROMOTOCO__EICHERMOT,5,0.0,191833.36427406032,flat
2021-12-29,HEROMOTOCO__EICHERMOT,5,0.0,191833.36427406032,flat
2021-12-30,HEROMOTOCO__EICHERMOT,5,0.0,191833.36427406032,flat
2021-12-31,HEROMOTOCO__EICHERMOT,5,0.0,191833.36427406032,flat
2022-01-03,HEROMOTOCO__EICHERMOT,5,0.0,191833.36427406032,flat
2022-01-04,HEROMOTOCO__EICHERMOT,5,0.0,191833.36427406032,flat
2022-01-05,HEROMOTOCO__EICHERMOT,5,0.0,191833.36427406032,flat
2022-01-06,HEROMOTOCO__EICHERMOT,5,0.0,191833.36427406032,flat
2022-01-07,HEROMOTOCO__EICHERMOT,5,0.0,191833.36427406032,flat
2022-01-10,HEROMOTOCO__EICHERMOT,5,0.0,191833.36427406032,flat
2022-01-11,HEROMOTOCO__EICHERMOT,5,0.0,191833.36427406032,flat
2022-01-12,HEROMOTOCO__EICHERMOT,5,0.0,191833.36427406032,flat
2022-01-13,HEROMOTOCO__EICHERMOT,5,0.0,191833.36427406032,flat
2022-01-14,HEROMOTOCO__EICHERMOT,5,0.0,191833.36427406032,flat
2022-01-17,HEROMOTOCO__EICHERMOT,5,0.0,191833.36427406032,flat
2022-01-18,HEROMOTOCO__EICHERMOT,5,0.0,191833.36427406032,flat
2022-01-19,HEROMOTOCO__EICHERMOT,5,0.0,191833.36427406032,flat
2022-01-20,HEROMOTOCO__EICHERMOT,5,0.0,191833.36427406032,flat
2022-01-21,HEROMOTOCO__EICHERMOT,5,0.0,191833.36427406032,flat
2022-01-24,HEROMOTOCO__EICHERMOT,5,0.0,191833.36427406032,flat
2022-01-25,HEROMOTOCO__EICHERMOT,5,0.0,191833.36427406032,flat
2022-01-27,HEROMOTOCO__EICHERMOT,5,0.0,191833.36427406032,flat
2022-01-28,HEROMOTOCO__EICHERMOT,5,0.0,191833.36427406032,flat
2022-01-31,HEROMOTOCO__EICHERMOT,5,0.0,191833.36427406032,flat
2022-02-01,HEROMOTOCO__EICHERMOT,5,0.0,191833.36427406032,flat
2022-02-02,HEROMOTOCO__EICHERMOT,5,0.0,191833.36427406032,flat
2022-02-03,HEROMOTOCO__EICHERMOT,5,0.0,191833.36427406032,flat
2022-02-04,HEROMOTOCO__EICHERMOT,5,0.0,191833.36427406032,flat
2022-02-07,HEROMOTOCO__EICHERMOT,5,0.0,191833.36427406032,flat
2022-02-08,HEROMOTOCO__EICHERMOT,5,0.0,191833.36427406032,flat
2022-02-09,HEROMOTOCO__EICHERMOT,5,0.0,191833.36427406032,flat
2022-02-10,HEROMOTOCO__EICHERMOT,5,0.0,191833.36427406032,flat
2022-02-11,HEROMOTOCO__EICHERMOT,5,0.0,191833.36427406032,flat
2022-02-14,HEROMOTOCO__EICHERMOT,5,0.0,191833.36427406032,flat
2022-02-15,HEROMOTOCO__EICHERMOT,5,0.0,191833.36427406032,flat
2022-02-16,HEROMOTOCO__EICHERMOT,5,0.0,191833.36427406032,flat
2022-02-17,HEROMOTOCO__EICHERMOT,5,0.0,191833.36427406032,flat
2022-02-18,HEROMOTOCO__EICHERMOT,5,0.0,191833.36427406032,flat
2022-02-21,HEROMOTOCO__EICHERMOT,5,0.0,191833.36427406032,flat
2022-02-22,HEROMOTOCO__EICHERMOT,5,0.0,191833.36427406032,flat
2022-02-23,HEROMOTOCO__EICHERMOT,5,0.0,191833.36427406032,flat
2022-02-24,HEROMOTOCO__EICHERMOT,5,0.0,191833.36427406032,flat
2022-02-25,HEROMOTOCO__EICHERMOT,5,0.0,191833.36427406032,flat
2022-02-28,HEROMOTOCO__EICHERMOT,5,0.0,191833.36427406032,flat
2022-03-02,HEROMOTOCO__EICHERMOT,5,0.0,191833.36427406032,flat
2022-03-03,HEROMOTOCO__EICHERMOT,5,0.0,191833.36427406032,flat
2022-03-04,HEROMOTOCO__EICHERMOT,5,0.0,191833.36427406032,flat
2022-03-07,HEROMOTOCO__EICHERMOT,5,0.0,191833.36427406032,flat
2022-03-08,HEROMOTOCO__EICHERMOT,5,0.0,191833.36427406032,flat
2022-03-09,HEROMOTOCO__EICHERMOT,5,0.0,191833.36427406032,flat
2022-03-10,HEROMOTOCO__EICHERMOT,5,0.0,191833.36427406032,flat
2022-03-11,HEROMOTOCO__EICHERMOT,5,0.0,191833.36427406032,flat
2022-03-14,HEROMOTOCO__EICHERMOT,5,0.0,191833.36427406032,flat
2022-03-15,HEROMOTOCO__EICHERMOT,5,0.0,191833.36427406032,flat
2022-03-16,HEROMOTOCO__EICHERMOT,5,0.0,191833.36427406032,flat
2022-03-17,HEROMOTOCO__EICHERMOT,5,0.0,191833.36427406032,flat
2022-03-21,HEROMOTOCO__EICHERMOT,5,0.0,191833.36427406032,flat
2022-03-22,HEROMOTOCO__EICHERMOT,5,0.0,191833.36427406032,flat
2022-03-23,HEROMOTOCO__EICHERMOT,5,0.0,191833.36427406032,flat
2022-03-24,HEROMOTOCO__EICHERMOT,5,0.0,191833.36427406032,flat
2022-03-25,HEROMOTOCO__EICHERMOT,5,0.0,191833.36427406032,flat
2022-03-28,HEROMOTOCO__EICHERMOT,5,0.0,191833.36427406032,flat
2022-03-29,HEROMOTOCO__EICHERMOT,5,0.0,191833.36427406032,flat
2022-03-30,HEROMOTOCO__EICHERMOT,5,0.0,191833.36427406032,flat
2022-03-31,HEROMOTOCO__EICHERMOT,5,0.0,191833.36427406032,flat
2022-04-01,HEROMOTOCO__EICHERMOT,5,0.0,191833.36427406032,flat
2022-04-04,HEROMOTOCO__EICHERMOT,5,0.0,191833.36427406032,flat
2022-04-05,HEROMOTOCO__EICHERMOT,5,0.0,191833.36427406032,flat
2022-04-06,HEROMOTOCO__EICHERMOT,5,0.0,191833.36427406032,flat
2022-04-07,HEROMOTOCO__EICHERMOT,5,0.0,191833.36427406032,flat
2022-04-08,HEROMOTOCO__EICHERMOT,5,0.0,191833.36427406032,flat
2022-04-11,HEROMOTOCO__EICHERMOT,5,0.0,191833.36427406032,flat
2022-04-12,HEROMOTOCO__EICHERMOT,5,0.0,191833.36427406032,flat
2022-04-13,HEROMOTOCO__EICHERMOT,5,0.0,191833.36427406032,flat
2022-04-18,HEROMOTOCO__EICHERMOT,5,0.0,191833.36427406032,flat
2022-04-19,HEROMOTOCO__EICHERMOT,5,0.0,191833.36427406032,flat
2022-04-20,HEROMOTOCO__EICHERMOT,5,0.0,191833.36427406032,flat
2022-04-21,HEROMOTOCO__EICHERMOT,5,0.0,191833.36427406032,flat
2022-04-22,HEROMOTOCO__EICHERMOT,5,0.0,191833.36427406032,flat
2022-04-25,HEROMOTOCO__EICHERMOT,5,0.0,191833.36427406032,flat
2022-04-26,HEROMOTOCO__EICHERMOT,5,0.0,191833.36427406032,flat
2022-04-27,HEROMOTOCO__EICHERMOT,5,0.0,191833.36427406032,flat
2022-04-28,HEROMOTOCO__EICHERMOT,5,0.0,191833.36427406032,flat
2022-04-29,HEROMOTOCO__EICHERMOT,5,0.0,191833.36427406032,flat
2022-05-02,HEROMOTOCO__EICHERMOT,5,0.0,191833.36427406032,flat
2022-05-04,HEROMOTOCO__EICHERMOT,5,0.0,191833.36427406032,flat
2022-05-05,HEROMOTOCO__EICHERMOT,5,0.0,191833.36427406032,flat
2022-05-06,HEROMOTOCO__EICHERMOT,5,0.0,191833.36427406032,flat
2022-05-09,HEROMOTOCO__EICHERMOT,5,0.0,191833.36427406032,flat
2022-05-10,HEROMOTOCO__EICHERMOT,5,0.0,191833.36427406032,flat
2022-05-11,HEROMOTOCO__EICHERMOT,5,0.0,191833.36427406032,flat
2022-05-12,HEROMOTOCO__EICHERMOT,5,0.0,191833.36427406032,flat
2022-05-13,HEROMOTOCO__EICHERMOT,5,0.0,191833.36427406032,flat
2022-05-16,HEROMOTOCO__EICHERMOT,5,-961.9102440164501,190871.45403004388,entry
2022-05-17,HEROMOTOCO__EICHERMOT,5,-705.3532315389555,190166.10079850492,hold
2022-05-18,HEROMOTOCO__EICHERMOT,5,355.70287184289384,190521.8036703478,hold
2022-05-19,HEROMOTOCO__EICHERMOT,5,212.06064260488014,190733.8643129527,hold
2022-05-20,HEROMOTOCO__EICHERMOT,5,383.8976681827911,191117.7619811355,hold
2022-05-23,HEROMOTOCO__EICHERMOT,5,86.56049159888698,191204.32247273438,hold
2022-05-24,HEROMOTOCO__EICHERMOT,5,449.16091093214897,191653.48338366652,hold
2022-05-25,HEROMOTOCO__EICHERMOT,5,-220.57562358197774,191432.90776008455,hold
2022-05-26,HEROMOTOCO__EICHERMOT,5,125.29398252889555,191558.20174261346,hold
2022-05-27,HEROMOTOCO__EICHERMOT,5,1015.2963423319777,192573.49808494543,hold
2022-05-30,HEROMOTOCO__EICHERMOT,6,540.3900776969178,193113.88816264234,hold
2022-05-31,HEROMOTOCO__EICHERMOT,6,-236.0846962489298,192877.8034663934,hold
2022-06-01,HEROMOTOCO__EICHERMOT,6,-136.19399202696917,192741.60947436644,hold
2022-06-02,HEROMOTOCO__EICHERMOT,6,-806.911984749572,191934.69748961687,hold
2022-06-03,HEROMOTOCO__EICHERMOT,6,-705.2284365635702,191229.4690530533,hold
2022-06-06,HEROMOTOCO__EICHERMOT,6,-243.33025374571918,190986.13879930758,hold
2022-06-07,HEROMOTOCO__EICHERMOT,6,503.53405848672946,191489.6728577943,hold
2022-06-08,HEROMOTOCO__EICHERMOT,6,200.87072942529966,191690.5435872196,hold
2022-06-09,HEROMOTOCO__EICHERMOT,6,-661.1364645761986,191029.4071226434,hold
2022-06-10,HEROMOTOCO__EICHERMOT,6,88.89436138163528,191118.30148402503,hold
2022-06-13,HEROMOTOCO__EICHERMOT,6,-440.49643606304346,190677.80504796197,exit
2022-06-14,HEROMOTOCO__EICHERMOT,6,0.0,190677.80504796197,flat
2022-06-15,HEROMOTOCO__EICHERMOT,6,0.0,190677.80504796197,flat
2022-06-16,HEROMOTOCO__EICHERMOT,6,0.0,190677.80504796197,flat
2022-06-17,HEROMOTOCO__EICHERMOT,6,0.0,190677.80504796197,flat
2022-06-20,HEROMOTOCO__EICHERMOT,6,0.0,190677.80504796197,flat
2022-06-21,HEROMOTOCO__EICHERMOT,6,0.0,190677.80504796197,flat
2022-06-22,HEROMOTOCO__EICHERMOT,6,0.0,190677.80504796197,flat
2022-06-23,HEROMOTOCO__EICHERMOT,6,0.0,190677.80504796197,flat
2022-06-24,HEROMOTOCO__EICHERMOT,6,0.0,190677.80504796197,flat
2022-06-27,HEROMOTOCO__EICHERMOT,6,0.0,190677.80504796197,flat
2022-06-28,HEROMOTOCO__EICHERMOT,6,0.0,190677.80504796197,flat
2022-06-29,HEROMOTOCO__EICHERMOT,6,0.0,190677.80504796197,flat
2022-06-30,HEROMOTOCO__EICHERMOT,6,0.0,190677.80504796197,flat
2022-07-01,HEROMOTOCO__EICHERMOT,6,0.0,190677.80504796197,flat
2022-07-04,HEROMOTOCO__EICHERMOT,6,0.0,190677.80504796197,flat
2022-07-05,HEROMOTOCO__EICHERMOT,6,0.0,190677.80504796197,flat
2022-07-06,HEROMOTOCO__EICHERMOT,6,0.0,190677.80504796197,flat
2022-07-07,HEROMOTOCO__EICHERMOT,6,0.0,190677.80504796197,flat
2022-07-08,HEROMOTOCO__EICHERMOT,6,0.0,190677.80504796197,flat
2022-07-11,HEROMOTOCO__EICHERMOT,6,0.0,190677.80504796197,flat
2022-07-12,HEROMOTOCO__EICHERMOT,6,0.0,190677.80504796197,flat
2022-07-13,HEROMOTOCO__EICHERMOT,6,0.0,190677.80504796197,flat
2022-07-14,HEROMOTOCO__EICHERMOT,6,0.0,190677.80504796197,flat
2022-07-15,HEROMOTOCO__EICHERMOT,6,0.0,190677.80504796197,flat
2022-07-18,HEROMOTOCO__EICHERMOT,6,0.0,190677.80504796197,flat
2022-07-19,HEROMOTOCO__EICHERMOT,6,0.0,190677.80504796197,flat
2022-07-20,HEROMOTOCO__EICHERMOT,6,0.0,190677.80504796197,flat
2022-07-21,HEROMOTOCO__EICHERMOT,6,0.0,190677.80504796197,flat
2022-07-22,HEROMOTOCO__EICHERMOT,6,0.0,190677.80504796197,flat
2022-07-25,HEROMOTOCO__EICHERMOT,6,0.0,190677.80504796197,flat
2022-07-26,HEROMOTOCO__EICHERMOT,6,0.0,190677.80504796197,flat
2022-07-27,HEROMOTOCO__EICHERMOT,6,0.0,190677.80504796197,flat
2022-07-28,HEROMOTOCO__EICHERMOT,6,0.0,190677.80504796197,flat
2022-07-29,HEROMOTOCO__EICHERMOT,6,0.0,190677.80504796197,flat
2022-08-01,HEROMOTOCO__EICHERMOT,6,0.0,190677.80504796197,flat
2022-08-02,HEROMOTOCO__EICHERMOT,6,0.0,190677.80504796197,flat
2022-08-03,HEROMOTOCO__EICHERMOT,6,0.0,190677.80504796197,flat
2022-08-04,HEROMOTOCO__EICHERMOT,6,0.0,190677.80504796197,flat
2022-08-05,HEROMOTOCO__EICHERMOT,6,0.0,190677.80504796197,flat
2022-08-08,HEROMOTOCO__EICHERMOT,6,0.0,190677.80504796197,flat
2022-08-10,HEROMOTOCO__EICHERMOT,6,0.0,190677.80504796197,flat
2022-08-11,HEROMOTOCO__EICHERMOT,6,0.0,190677.80504796197,flat
2022-08-12,HEROMOTOCO__EICHERMOT,6,0.0,190677.80504796197,flat
2022-08-16,HEROMOTOCO__EICHERMOT,6,0.0,190677.80504796197,flat
2022-08-17,HEROMOTOCO__EICHERMOT,6,0.0,190677.80504796197,flat
2022-08-18,HEROMOTOCO__EICHERMOT,6,0.0,190677.80504796197,flat
2022-08-19,HEROMOTOCO__EICHERMOT,6,0.0,190677.80504796197,flat
2022-08-22,HEROMOTOCO__EICHERMOT,6,0.0,190677.80504796197,flat
2022-08-23,HEROMOTOCO__EICHERMOT,6,0.0,190677.80504796197,flat
2022-08-24,HEROMOTOCO__EICHERMOT,6,0.0,190677.80504796197,flat
2022-08-25,HEROMOTOCO__EICHERMOT,6,0.0,190677.80504796197,flat
2022-08-26,HEROMOTOCO__EICHERMOT,6,0.0,190677.80504796197,flat
2022-08-29,HEROMOTOCO__EICHERMOT,6,0.0,190677.80504796197,flat
2022-08-30,HEROMOTOCO__EICHERMOT,6,0.0,190677.80504796197,flat
2022-09-01,HEROMOTOCO__EICHERMOT,6,0.0,190677.80504796197,flat
2022-09-02,HEROMOTOCO__EICHERMOT,6,0.0,190677.80504796197,flat
2022-09-05,HEROMOTOCO__EICHERMOT,6,0.0,190677.80504796197,flat
2022-09-06,HEROMOTOCO__EICHERMOT,6,0.0,190677.80504796197,flat
2022-09-07,HEROMOTOCO__EICHERMOT,6,0.0,190677.80504796197,flat
2022-09-08,HEROMOTOCO__EICHERMOT,6,0.0,190677.80504796197,flat
2022-09-09,HEROMOTOCO__EICHERMOT,6,0.0,190677.80504796197,flat
2022-09-12,HEROMOTOCO__EICHERMOT,6,0.0,190677.80504796197,flat
2022-09-13,HEROMOTOCO__EICHERMOT,6,0.0,190677.80504796197,flat
2022-09-14,HEROMOTOCO__EICHERMOT,6,0.0,190677.80504796197,flat
2022-09-15,HEROMOTOCO__EICHERMOT,6,0.0,190677.80504796197,flat
2022-09-16,HEROMOTOCO__EICHERMOT,6,0.0,190677.80504796197,flat
2022-09-19,HEROMOTOCO__EICHERMOT,6,0.0,190677.80504796197,flat
2022-09-20,HEROMOTOCO__EICHERMOT,6,0.0,190677.80504796197,flat
2022-09-21,HEROMOTOCO__EICHERMOT,6,0.0,190677.80504796197,flat
2022-09-22,HEROMOTOCO__EICHERMOT,6,0.0,190677.80504796197,flat
2022-09-23,HEROMOTOCO__EICHERMOT,6,0.0,190677.80504796197,flat
2022-09-26,HEROMOTOCO__EICHERMOT,6,0.0,190677.80504796197,flat
2022-09-27,HEROMOTOCO__EICHERMOT,6,0.0,190677.80504796197,flat
2022-09-28,HEROMOTOCO__EICHERMOT,6,0.0,190677.80504796197,flat
2022-09-29,HEROMOTOCO__EICHERMOT,6,0.0,190677.80504796197,flat
2022-09-30,HEROMOTOCO__EICHERMOT,6,0.0,190677.80504796197,flat
2022-10-03,HEROMOTOCO__EICHERMOT,6,0.0,190677.80504796197,flat
2022-10-04,HEROMOTOCO__EICHERMOT,6,-823.4068991199866,189854.39814884198,entry
2022-10-06,HEROMOTOCO__EICHERMOT,6,-754.4494541952055,189099.94869464677,hold
2022-10-07,HEROMOTOCO__EICHERMOT,6,168.84104973779966,189268.78974438456,hold
2022-10-10,HEROMOTOCO__EICHERMOT,6,1476.0950643461044,190744.88480873065,hold
2022-10-11,HEROMOTOCO__EICHERMOT,6,-593.5063349475599,190151.3784737831,hold
2022-10-12,HEROMOTOCO__EICHERMOT,6,382.06138163527396,190533.43985541837,hold
2022-10-13,HEROMOTOCO__EICHERMOT,6,180.09783149614725,190713.53768691453,hold
2022-10-14,HEROMOTOCO__EICHERMOT,6,272.636882625214,190986.17456953973,hold
2022-10-17,HEROMOTOCO__EICHERMOT,6,-79.11935466609589,190907.05521487363,hold
2022-10-18,HEROMOTOCO__EICHERMOT,6,654.5153133026541,191561.5705281763,hold
2022-10-19,HEROMOTOCO__EICHERMOT,6,444.8729739672517,192006.44350214355,hold
2022-10-20,HEROMOTOCO__EICHERMOT,6,-211.9456977739726,191794.49780436957,hold
2022-10-21,HEROMOTOCO__EICHERMOT,6,-295.47113053831333,191499.02667383125,hold
2022-10-24,HEROMOTOCO__EICHERMOT,6,-176.63388872538528,191322.39278510585,hold
2022-10-25,HEROMOTOCO__EICHERMOT,6,509.495192770762,191831.8879778766,hold
2022-10-27,HEROMOTOCO__EICHERMOT,6,-567.4765163473887,191264.41146152923,hold
2022-10-28,HEROMOTOCO__EICHERMOT,6,-570.3709078017979,190694.04055372745,hold
2022-10-31,HEROMOTOCO__EICHERMOT,6,301.3854967091182,190995.42605043657,hold
2022-11-01,HEROMOTOCO__EICHERMOT,6,-383.68645454302225,190611.73959589354,hold
2022-11-02,HEROMOTOCO__EICHERMOT,6,29.9720756635274,190641.71167155707,hold
2022-11-03,HEROMOTOCO__EICHERMOT,6,-534.6557416523973,190107.0559299047,hold
2022-11-04,HEROMOTOCO__EICHERMOT,6,1182.3640002943066,191289.419930199,hold
2022-11-07,HEROMOTOCO__EICHERMOT,6,45.05399721746575,191334.47392741646,hold
2022-11-09,HEROMOTOCO__EICHERMOT,6,-877.5453887521404,190456.92853866433,hold
2022-11-10,HEROMOTOCO__EICHERMOT,6,-1637.8860077322347,188819.04253093209,hold
2022-11-11,HEROMOTOCO__EICHERMOT,6,-617.0892638324058,188201.95326709969,hold
2022-11-14,HEROMOTOCO__EICHERMOT,6,-478.5272842198202,187723.42598287985,hold
2022-11-15,HEROMOTOCO__EICHERMOT,6,-1022.7144899133134,186700.71149296654,hold
2022-11-16,HEROMOTOCO__EICHERMOT,6,-247.77120679045376,186452.94028617608,hold
2022-11-17,HEROMOTOCO__EICHERMOT,6,-645.5776340432363,185807.36265213284,hold
2022-11-18,HEROMOTOCO__EICHERMOT,6,-1.6457566352739725,185805.71689549758,hold
2022-11-21,HEROMOTOCO__EICHERMOT,6,894.0241993525257,186699.7410948501,hold
2022-11-22,HEROMOTOCO__EICHERMOT,6,-220.3409019156678,186479.40019293444,hold
2022-11-23,HEROMOTOCO__EICHERMOT,6,624.8265390892551,187104.2267320237,hold
2022-11-24,HEROMOTOCO__EICHERMOT,6,-358.1534975652825,186746.07323445842,hold
2022-11-25,HEROMOTOCO__EICHERMOT,6,-466.95359722816784,186279.11963723027,hold
2022-11-28,HEROMOTOCO__EICHERMOT,6,-1438.546955265411,184840.57268196484,hold
2022-11-29,HEROMOTOCO__EICHERMOT,6,-1220.83975880244,183619.7329231624,hold
2022-11-30,HEROMOTOCO__EICHERMOT,7,58.95335509417808,183678.6862782566,hold
2022-12-01,HEROMOTOCO__EICHERMOT,7,-861.8577161815068,182816.82856207507,hold
2022-12-02,HEROMOTOCO__EICHERMOT,7,-490.917646240712,182325.91091583436,stop_out
2022-12-05,HEROMOTOCO__EICHERMOT,7,0.0,182325.91091583436,flat
2022-12-06,HEROMOTOCO__EICHERMOT,7,0.0,182325.91091583436,flat
2022-12-07,HEROMOTOCO__EICHERMOT,7,0.0,182325.91091583436,flat
2022-12-08,HEROMOTOCO__EICHERMOT,7,0.0,182325.91091583436,flat
2022-12-09,HEROMOTOCO__EICHERMOT,7,0.0,182325.91091583436,flat
2022-12-12,HEROMOTOCO__EICHERMOT,7,0.0,182325.91091583436,flat
2022-12-13,HEROMOTOCO__EICHERMOT,7,0.0,182325.91091583436,flat
2022-12-14,HEROMOTOCO__EICHERMOT,7,0.0,182325.91091583436,flat
2022-12-15,HEROMOTOCO__EICHERMOT,7,0.0,182325.91091583436,flat
2022-12-16,HEROMOTOCO__EICHERMOT,7,0.0,182325.91091583436,flat
2022-12-19,HEROMOTOCO__EICHERMOT,7,0.0,182325.91091583436,flat
2022-12-20,HEROMOTOCO__EICHERMOT,7,0.0,182325.91091583436,flat
2022-12-21,HEROMOTOCO__EICHERMOT,7,0.0,182325.91091583436,flat
2022-12-22,HEROMOTOCO__EICHERMOT,7,0.0,182325.91091583436,flat
2022-12-23,HEROMOTOCO__EICHERMOT,7,0.0,182325.91091583436,flat
2022-12-26,HEROMOTOCO__EICHERMOT,7,0.0,182325.91091583436,flat
2022-12-27,HEROMOTOCO__EICHERMOT,7,0.0,182325.91091583436,flat
2022-12-28,HEROMOTOCO__EICHERMOT,7,0.0,182325.91091583436,flat
2022-12-29,HEROMOTOCO__EICHERMOT,7,0.0,182325.91091583436,flat
2022-12-30,HEROMOTOCO__EICHERMOT,7,0.0,182325.91091583436,flat
2023-01-02,HEROMOTOCO__EICHERMOT,7,0.0,182325.91091583436,flat
2023-01-03,HEROMOTOCO__EICHERMOT,7,0.0,182325.91091583436,flat
2023-01-04,HEROMOTOCO__EICHERMOT,7,0.0,182325.91091583436,flat
2023-01-05,HEROMOTOCO__EICHERMOT,7,0.0,182325.91091583436,flat
2023-01-06,HEROMOTOCO__EICHERMOT,7,0.0,182325.91091583436,flat
2023-01-09,HEROMOTOCO__EICHERMOT,7,0.0,182325.91091583436,flat
2023-01-10,HEROMOTOCO__EICHERMOT,7,0.0,182325.91091583436,flat
2023-01-11,HEROMOTOCO__EICHERMOT,7,0.0,182325.91091583436,flat
2023-01-12,HEROMOTOCO__EICHERMOT,7,0.0,182325.91091583436,flat
2023-01-13,HEROMOTOCO__EICHERMOT,7,0.0,182325.91091583436,flat
2023-01-16,HEROMOTOCO__EICHERMOT,7,0.0,182325.91091583436,flat
2023-01-17,HEROMOTOCO__EICHERMOT,7,0.0,182325.91091583436,flat
2023-01-18,HEROMOTOCO__EICHERMOT,7,0.0,182325.91091583436,flat
2023-01-19,HEROMOTOCO__EICHERMOT,7,0.0,182325.91091583436,flat
2023-01-20,HEROMOTOCO__EICHERMOT,7,0.0,182325.91091583436,flat
2023-01-23,HEROMOTOCO__EICHERMOT,7,0.0,182325.91091583436,flat
2023-01-24,HEROMOTOCO__EICHERMOT,7,0.0,182325.91091583436,flat
2023-01-25,HEROMOTOCO__EICHERMOT,7,0.0,182325.91091583436,flat
2023-01-27,HEROMOTOCO__EICHERMOT,7,0.0,182325.91091583436,flat
2023-01-30,HEROMOTOCO__EICHERMOT,7,0.0,182325.91091583436,flat
2023-01-31,HEROMOTOCO__EICHERMOT,7,0.0,182325.91091583436,flat
2023-02-01,HEROMOTOCO__EICHERMOT,7,0.0,182325.91091583436,flat
2023-02-02,HEROMOTOCO__EICHERMOT,7,0.0,182325.91091583436,flat
2023-02-03,HEROMOTOCO__EICHERMOT,7,0.0,182325.91091583436,flat
2023-02-06,HEROMOTOCO__EICHERMOT,7,0.0,182325.91091583436,flat
2023-02-07,HEROMOTOCO__EICHERMOT,7,0.0,182325.91091583436,flat
2023-02-08,HEROMOTOCO__EICHERMOT,7,0.0,182325.91091583436,flat
2023-02-09,HEROMOTOCO__EICHERMOT,7,0.0,182325.91091583436,flat
2023-02-10,HEROMOTOCO__EICHERMOT,7,0.0,182325.91091583436,flat
2023-02-13,HEROMOTOCO__EICHERMOT,7,0.0,182325.91091583436,flat
2023-02-14,HEROMOTOCO__EICHERMOT,7,0.0,182325.91091583436,flat
2023-02-15,HEROMOTOCO__EICHERMOT,7,0.0,182325.91091583436,flat
2023-02-16,HEROMOTOCO__EICHERMOT,7,0.0,182325.91091583436,flat
2023-02-17,HEROMOTOCO__EICHERMOT,7,0.0,182325.91091583436,flat
2023-02-20,HEROMOTOCO__EICHERMOT,7,0.0,182325.91091583436,flat
2023-02-21,HEROMOTOCO__EICHERMOT,7,0.0,182325.91091583436,flat
2023-02-22,HEROMOTOCO__EICHERMOT,7,0.0,182325.91091583436,flat
2023-02-23,HEROMOTOCO__EICHERMOT,7,0.0,182325.91091583436,flat
2023-02-24,HEROMOTOCO__EICHERMOT,7,0.0,182325.91091583436,flat
2023-02-27,HEROMOTOCO__EICHERMOT,7,0.0,182325.91091583436,flat
2023-02-28,HEROMOTOCO__EICHERMOT,7,0.0,182325.91091583436,flat
2023-03-01,HEROMOTOCO__EICHERMOT,7,0.0,182325.91091583436,flat
2023-03-02,HEROMOTOCO__EICHERMOT,7,0.0,182325.91091583436,flat
2023-03-03,HEROMOTOCO__EICHERMOT,7,0.0,182325.91091583436,flat
2023-03-06,HEROMOTOCO__EICHERMOT,7,0.0,182325.91091583436,flat
2023-03-08,HEROMOTOCO__EICHERMOT,7,0.0,182325.91091583436,flat
2023-03-09,HEROMOTOCO__EICHERMOT,7,0.0,182325.91091583436,flat
2023-03-10,HEROMOTOCO__EICHERMOT,7,0.0,182325.91091583436,flat
2023-03-13,HEROMOTOCO__EICHERMOT,7,0.0,182325.91091583436,flat
2023-03-14,HEROMOTOCO__EICHERMOT,7,0.0,182325.91091583436,flat
2023-03-15,HEROMOTOCO__EICHERMOT,7,0.0,182325.91091583436,flat
2023-03-16,HEROMOTOCO__EICHERMOT,7,0.0,182325.91091583436,flat
2023-03-17,HEROMOTOCO__EICHERMOT,7,0.0,182325.91091583436,flat
2023-03-20,HEROMOTOCO__EICHERMOT,7,0.0,182325.91091583436,flat
2023-03-21,HEROMOTOCO__EICHERMOT,7,0.0,182325.91091583436,flat
2023-03-22,HEROMOTOCO__EICHERMOT,7,0.0,182325.91091583436,flat
2023-03-23,HEROMOTOCO__EICHERMOT,7,0.0,182325.91091583436,flat
2023-03-24,HEROMOTOCO__EICHERMOT,7,0.0,182325.91091583436,flat
2023-03-27,HEROMOTOCO__EICHERMOT,7,0.0,182325.91091583436,flat
2023-03-28,HEROMOTOCO__EICHERMOT,7,0.0,182325.91091583436,flat
2023-03-29,HEROMOTOCO__EICHERMOT,7,0.0,182325.91091583436,flat
2023-03-31,HEROMOTOCO__EICHERMOT,7,0.0,182325.91091583436,flat
2023-04-03,HEROMOTOCO__EICHERMOT,7,0.0,182325.91091583436,flat
2023-04-05,HEROMOTOCO__EICHERMOT,7,0.0,182325.91091583436,flat
2023-04-06,HEROMOTOCO__EICHERMOT,7,0.0,182325.91091583436,flat
2023-04-10,HEROMOTOCO__EICHERMOT,7,0.0,182325.91091583436,flat
2023-04-11,HEROMOTOCO__EICHERMOT,7,0.0,182325.91091583436,flat
2023-04-12,HEROMOTOCO__EICHERMOT,7,0.0,182325.91091583436,flat
2023-04-13,HEROMOTOCO__EICHERMOT,7,0.0,182325.91091583436,flat
2023-04-17,HEROMOTOCO__EICHERMOT,7,0.0,182325.91091583436,flat
2023-04-18,HEROMOTOCO__EICHERMOT,7,0.0,182325.91091583436,flat
2023-04-19,HEROMOTOCO__EICHERMOT,7,0.0,182325.91091583436,flat
2023-04-20,HEROMOTOCO__EICHERMOT,7,0.0,182325.91091583436,flat
2023-04-21,HEROMOTOCO__EICHERMOT,7,0.0,182325.91091583436,flat
2023-04-24,HEROMOTOCO__EICHERMOT,7,0.0,182325.91091583436,flat
2023-04-25,HEROMOTOCO__EICHERMOT,7,0.0,182325.91091583436,flat
2023-04-26,HEROMOTOCO__EICHERMOT,7,0.0,182325.91091583436,flat
2023-04-27,HEROMOTOCO__EICHERMOT,7,0.0,182325.91091583436,flat
2023-04-28,HEROMOTOCO__EICHERMOT,7,0.0,182325.91091583436,flat
2023-05-02,HEROMOTOCO__EICHERMOT,7,0.0,182325.91091583436,flat
2023-05-03,HEROMOTOCO__EICHERMOT,7,0.0,182325.91091583436,flat
2023-05-04,HEROMOTOCO__EICHERMOT,7,0.0,182325.91091583436,flat
2023-05-05,HEROMOTOCO__EICHERMOT,7,0.0,182325.91091583436,flat
2023-05-08,HEROMOTOCO__EICHERMOT,7,0.0,182325.91091583436,flat
2023-05-09,HEROMOTOCO__EICHERMOT,7,0.0,182325.91091583436,flat
2023-05-10,HEROMOTOCO__EICHERMOT,7,0.0,182325.91091583436,flat
2023-05-11,HEROMOTOCO__EICHERMOT,7,0.0,182325.91091583436,flat
2023-05-12,HEROMOTOCO__EICHERMOT,7,0.0,182325.91091583436,flat
2023-05-15,HEROMOTOCO__EICHERMOT,7,0.0,182325.91091583436,flat
2023-05-16,HEROMOTOCO__EICHERMOT,7,0.0,182325.91091583436,flat
2023-05-17,HEROMOTOCO__EICHERMOT,7,0.0,182325.91091583436,flat
2023-05-18,HEROMOTOCO__EICHERMOT,7,0.0,182325.91091583436,flat
2023-05-19,HEROMOTOCO__EICHERMOT,7,0.0,182325.91091583436,flat
2023-05-22,HEROMOTOCO__EICHERMOT,7,0.0,182325.91091583436,flat
2023-05-23,HEROMOTOCO__EICHERMOT,7,0.0,182325.91091583436,flat
2023-05-24,HEROMOTOCO__EICHERMOT,7,0.0,182325.91091583436,flat
2023-05-25,HEROMOTOCO__EICHERMOT,7,0.0,182325.91091583436,flat
2023-05-26,HEROMOTOCO__EICHERMOT,7,0.0,182325.91091583436,flat
2023-05-29,HEROMOTOCO__EICHERMOT,7,0.0,182325.91091583436,flat
2023-05-30,HEROMOTOCO__EICHERMOT,8,0.0,182325.91091583436,flat
2023-05-31,HEROMOTOCO__EICHERMOT,8,0.0,182325.91091583436,flat
2023-06-01,HEROMOTOCO__EICHERMOT,8,0.0,182325.91091583436,flat
2023-06-02,HEROMOTOCO__EICHERMOT,8,0.0,182325.91091583436,flat
2023-06-05,HEROMOTOCO__EICHERMOT,8,0.0,182325.91091583436,flat
2023-06-06,HEROMOTOCO__EICHERMOT,8,0.0,182325.91091583436,flat
2023-06-07,HEROMOTOCO__EICHERMOT,8,0.0,182325.91091583436,flat
2023-06-08,HEROMOTOCO__EICHERMOT,8,0.0,182325.91091583436,flat
2023-06-09,HEROMOTOCO__EICHERMOT,8,0.0,182325.91091583436,flat
2023-06-12,HEROMOTOCO__EICHERMOT,8,0.0,182325.91091583436,flat
2023-06-13,HEROMOTOCO__EICHERMOT,8,0.0,182325.91091583436,flat
2023-06-14,HEROMOTOCO__EICHERMOT,8,0.0,182325.91091583436,flat
2023-06-15,HEROMOTOCO__EICHERMOT,8,0.0,182325.91091583436,flat
2023-06-16,HEROMOTOCO__EICHERMOT,8,0.0,182325.91091583436,flat
2023-06-19,HEROMOTOCO__EICHERMOT,8,0.0,182325.91091583436,flat
2023-06-20,HEROMOTOCO__EICHERMOT,8,0.0,182325.91091583436,flat
2023-06-21,HEROMOTOCO__EICHERMOT,8,0.0,182325.91091583436,flat
2023-06-22,HEROMOTOCO__EICHERMOT,8,0.0,182325.91091583436,flat
2023-06-23,HEROMOTOCO__EICHERMOT,8,0.0,182325.91091583436,flat
2023-06-26,HEROMOTOCO__EICHERMOT,8,0.0,182325.91091583436,flat
2023-06-27,HEROMOTOCO__EICHERMOT,8,0.0,182325.91091583436,flat
2023-06-28,HEROMOTOCO__EICHERMOT,8,0.0,182325.91091583436,flat
2023-06-30,HEROMOTOCO__EICHERMOT,8,0.0,182325.91091583436,flat
2023-07-03,HEROMOTOCO__EICHERMOT,8,0.0,182325.91091583436,flat
2023-07-04,HEROMOTOCO__EICHERMOT,8,0.0,182325.91091583436,flat
2023-07-05,HEROMOTOCO__EICHERMOT,8,0.0,182325.91091583436,flat
2023-07-06,HEROMOTOCO__EICHERMOT,8,0.0,182325.91091583436,flat
2023-07-07,HEROMOTOCO__EICHERMOT,8,0.0,182325.91091583436,flat
2023-07-10,HEROMOTOCO__EICHERMOT,8,0.0,182325.91091583436,flat
2023-07-11,HEROMOTOCO__EICHERMOT,8,0.0,182325.91091583436,flat
2023-07-12,HEROMOTOCO__EICHERMOT,8,0.0,182325.91091583436,flat
2023-07-13,HEROMOTOCO__EICHERMOT,8,0.0,182325.91091583436,flat
2023-07-14,HEROMOTOCO__EICHERMOT,8,0.0,182325.91091583436,flat
2023-07-17,HEROMOTOCO__EICHERMOT,8,0.0,182325.91091583436,flat
2023-07-18,HEROMOTOCO__EICHERMOT,8,0.0,182325.91091583436,flat
2023-07-19,HEROMOTOCO__EICHERMOT,8,0.0,182325.91091583436,flat
2023-07-20,HEROMOTOCO__EICHERMOT,8,0.0,182325.91091583436,flat
2023-07-21,HEROMOTOCO__EICHERMOT,8,0.0,182325.91091583436,flat
2023-07-24,HEROMOTOCO__EICHERMOT,8,0.0,182325.91091583436,flat
2023-07-25,HEROMOTOCO__EICHERMOT,8,0.0,182325.91091583436,flat
2023-07-26,HEROMOTOCO__EICHERMOT,8,0.0,182325.91091583436,flat
2023-07-27,HEROMOTOCO__EICHERMOT,8,0.0,182325.91091583436,flat
2023-07-28,HEROMOTOCO__EICHERMOT,8,0.0,182325.91091583436,flat
2023-07-31,HEROMOTOCO__EICHERMOT,8,0.0,182325.91091583436,flat
2023-08-01,HEROMOTOCO__EICHERMOT,8,0.0,182325.91091583436,flat
2023-08-02,HEROMOTOCO__EICHERMOT,8,0.0,182325.91091583436,flat
2023-08-03,HEROMOTOCO__EICHERMOT,8,0.0,182325.91091583436,flat
2023-08-04,HEROMOTOCO__EICHERMOT,8,0.0,182325.91091583436,flat
2023-08-07,HEROMOTOCO__EICHERMOT,8,0.0,182325.91091583436,flat
2023-08-08,HEROMOTOCO__EICHERMOT,8,0.0,182325.91091583436,flat
2023-08-09,HEROMOTOCO__EICHERMOT,8,0.0,182325.91091583436,flat
2023-08-10,HEROMOTOCO__EICHERMOT,8,0.0,182325.91091583436,flat
2023-08-11,HEROMOTOCO__EICHERMOT,8,0.0,182325.91091583436,flat
2023-08-14,HEROMOTOCO__EICHERMOT,8,0.0,182325.91091583436,flat
2023-08-16,HEROMOTOCO__EICHERMOT,8,0.0,182325.91091583436,flat
2023-08-17,HEROMOTOCO__EICHERMOT,8,0.0,182325.91091583436,flat
2023-08-18,HEROMOTOCO__EICHERMOT,8,0.0,182325.91091583436,flat
2023-08-21,HEROMOTOCO__EICHERMOT,8,0.0,182325.91091583436,flat
2023-08-22,HEROMOTOCO__EICHERMOT,8,0.0,182325.91091583436,flat
2023-08-23,HEROMOTOCO__EICHERMOT,8,0.0,182325.91091583436,flat
2023-08-24,HEROMOTOCO__EICHERMOT,8,0.0,182325.91091583436,flat
2023-08-25,HEROMOTOCO__EICHERMOT,8,0.0,182325.91091583436,flat
2023-08-28,HEROMOTOCO__EICHERMOT,8,0.0,182325.91091583436,flat
2023-08-29,HEROMOTOCO__EICHERMOT,8,0.0,182325.91091583436,flat
2023-08-30,HEROMOTOCO__EICHERMOT,8,0.0,182325.91091583436,flat
2023-08-31,HEROMOTOCO__EICHERMOT,8,0.0,182325.91091583436,flat
2023-09-01,HEROMOTOCO__EICHERMOT,8,0.0,182325.91091583436,flat
2023-09-04,HEROMOTOCO__EICHERMOT,8,0.0,182325.91091583436,flat
2023-09-05,HEROMOTOCO__EICHERMOT,8,0.0,182325.91091583436,flat
2023-09-06,HEROMOTOCO__EICHERMOT,8,0.0,182325.91091583436,flat
2023-09-07,HEROMOTOCO__EICHERMOT,8,0.0,182325.91091583436,flat
2023-09-08,HEROMOTOCO__EICHERMOT,8,0.0,182325.91091583436,flat
2023-09-11,HEROMOTOCO__EICHERMOT,8,0.0,182325.91091583436,flat
2023-09-12,HEROMOTOCO__EICHERMOT,8,0.0,182325.91091583436,flat
2023-09-13,HEROMOTOCO__EICHERMOT,8,0.0,182325.91091583436,flat
2023-09-14,HEROMOTOCO__EICHERMOT,8,0.0,182325.91091583436,flat
2023-09-15,HEROMOTOCO__EICHERMOT,8,0.0,182325.91091583436,flat
2023-09-18,HEROMOTOCO__EICHERMOT,8,0.0,182325.91091583436,flat
2023-09-20,HEROMOTOCO__EICHERMOT,8,0.0,182325.91091583436,flat
2023-09-21,HEROMOTOCO__EICHERMOT,8,0.0,182325.91091583436,flat
2023-09-22,HEROMOTOCO__EICHERMOT,8,0.0,182325.91091583436,flat
2023-09-25,HEROMOTOCO__EICHERMOT,8,0.0,182325.91091583436,flat
2023-09-26,HEROMOTOCO__EICHERMOT,8,0.0,182325.91091583436,flat
2023-09-27,HEROMOTOCO__EICHERMOT,8,0.0,182325.91091583436,flat
2023-09-28,HEROMOTOCO__EICHERMOT,8,0.0,182325.91091583436,flat
2023-09-29,HEROMOTOCO__EICHERMOT,8,0.0,182325.91091583436,flat
2023-10-03,HEROMOTOCO__EICHERMOT,8,0.0,182325.91091583436,flat
2023-10-04,HEROMOTOCO__EICHERMOT,8,0.0,182325.91091583436,flat
2023-10-05,HEROMOTOCO__EICHERMOT,8,0.0,182325.91091583436,flat
2023-10-06,HEROMOTOCO__EICHERMOT,8,0.0,182325.91091583436,flat
2023-10-09,HEROMOTOCO__EICHERMOT,8,0.0,182325.91091583436,flat
2023-10-10,HEROMOTOCO__EICHERMOT,8,0.0,182325.91091583436,flat
2023-10-11,HEROMOTOCO__EICHERMOT,8,0.0,182325.91091583436,flat
2023-10-12,HEROMOTOCO__EICHERMOT,8,0.0,182325.91091583436,flat
2023-10-13,HEROMOTOCO__EICHERMOT,8,0.0,182325.91091583436,flat
2023-10-16,HEROMOTOCO__EICHERMOT,8,0.0,182325.91091583436,flat
2023-10-17,HEROMOTOCO__EICHERMOT,8,0.0,182325.91091583436,flat
2023-10-18,HEROMOTOCO__EICHERMOT,8,0.0,182325.91091583436,flat
2023-10-19,HEROMOTOCO__EICHERMOT,8,0.0,182325.91091583436,flat
2023-10-20,HEROMOTOCO__EICHERMOT,8,0.0,182325.91091583436,flat
2023-10-23,HEROMOTOCO__EICHERMOT,8,0.0,182325.91091583436,flat
2023-10-25,HEROMOTOCO__EICHERMOT,8,0.0,182325.91091583436,flat
2023-10-26,HEROMOTOCO__EICHERMOT,8,0.0,182325.91091583436,flat
2023-10-27,HEROMOTOCO__EICHERMOT,8,0.0,182325.91091583436,flat
2023-10-30,HEROMOTOCO__EICHERMOT,8,0.0,182325.91091583436,flat
2023-10-31,HEROMOTOCO__EICHERMOT,8,0.0,182325.91091583436,flat
2023-11-01,HEROMOTOCO__EICHERMOT,8,0.0,182325.91091583436,flat
2023-11-02,HEROMOTOCO__EICHERMOT,8,0.0,182325.91091583436,flat
2023-11-03,HEROMOTOCO__EICHERMOT,8,0.0,182325.91091583436,flat
2023-11-06,HEROMOTOCO__EICHERMOT,8,0.0,182325.91091583436,flat
2023-11-07,HEROMOTOCO__EICHERMOT,8,0.0,182325.91091583436,flat
2023-11-08,HEROMOTOCO__EICHERMOT,8,0.0,182325.91091583436,flat
2023-11-09,HEROMOTOCO__EICHERMOT,8,0.0,182325.91091583436,flat
2023-11-10,HEROMOTOCO__EICHERMOT,8,0.0,182325.91091583436,flat
2023-11-13,HEROMOTOCO__EICHERMOT,8,0.0,182325.91091583436,flat
2023-11-15,HEROMOTOCO__EICHERMOT,8,0.0,182325.91091583436,flat
2023-11-16,HEROMOTOCO__EICHERMOT,8,0.0,182325.91091583436,flat
2023-11-17,HEROMOTOCO__EICHERMOT,8,0.0,182325.91091583436,flat
2023-11-20,HEROMOTOCO__EICHERMOT,8,0.0,182325.91091583436,flat
2023-11-21,HEROMOTOCO__EICHERMOT,8,0.0,182325.91091583436,flat
2023-11-22,HEROMOTOCO__EICHERMOT,8,0.0,182325.91091583436,flat
2023-11-23,HEROMOTOCO__EICHERMOT,8,0.0,182325.91091583436,flat
2023-11-24,HEROMOTOCO__EICHERMOT,8,0.0,182325.91091583436,flat
2023-11-28,HEROMOTOCO__EICHERMOT,8,0.0,182325.91091583436,flat
2023-11-29,HEROMOTOCO__EICHERMOT,8,0.0,182325.91091583436,flat
2023-11-30,HEROMOTOCO__EICHERMOT,9,0.0,182325.91091583436,flat
2023-12-01,HEROMOTOCO__EICHERMOT,9,0.0,182325.91091583436,flat
2023-12-04,HEROMOTOCO__EICHERMOT,9,0.0,182325.91091583436,flat
2023-12-05,HEROMOTOCO__EICHERMOT,9,0.0,182325.91091583436,flat
2023-12-06,HEROMOTOCO__EICHERMOT,9,0.0,182325.91091583436,flat
2023-12-07,HEROMOTOCO__EICHERMOT,9,0.0,182325.91091583436,flat
2023-12-08,HEROMOTOCO__EICHERMOT,9,0.0,182325.91091583436,flat
2023-12-11,HEROMOTOCO__EICHERMOT,9,0.0,182325.91091583436,flat
2023-12-12,HEROMOTOCO__EICHERMOT,9,0.0,182325.91091583436,flat
2023-12-13,HEROMOTOCO__EICHERMOT,9,0.0,182325.91091583436,flat
2023-12-14,HEROMOTOCO__EICHERMOT,9,0.0,182325.91091583436,flat
2023-12-15,HEROMOTOCO__EICHERMOT,9,0.0,182325.91091583436,flat
2023-12-18,HEROMOTOCO__EICHERMOT,9,0.0,182325.91091583436,flat
2023-12-19,HEROMOTOCO__EICHERMOT,9,0.0,182325.91091583436,flat
2023-12-20,HEROMOTOCO__EICHERMOT,9,0.0,182325.91091583436,flat
2023-12-21,HEROMOTOCO__EICHERMOT,9,0.0,182325.91091583436,flat
2023-12-22,HEROMOTOCO__EICHERMOT,9,0.0,182325.91091583436,flat
2023-12-26,HEROMOTOCO__EICHERMOT,9,0.0,182325.91091583436,flat
2023-12-27,HEROMOTOCO__EICHERMOT,9,0.0,182325.91091583436,flat
2023-12-28,HEROMOTOCO__EICHERMOT,9,0.0,182325.91091583436,flat
2023-12-29,HEROMOTOCO__EICHERMOT,9,0.0,182325.91091583436,flat
2024-01-01,HEROMOTOCO__EICHERMOT,9,0.0,182325.91091583436,flat
2024-01-02,HEROMOTOCO__EICHERMOT,9,0.0,182325.91091583436,flat
2024-01-03,HEROMOTOCO__EICHERMOT,9,0.0,182325.91091583436,flat
2024-01-04,HEROMOTOCO__EICHERMOT,9,0.0,182325.91091583436,flat
2024-01-05,HEROMOTOCO__EICHERMOT,9,0.0,182325.91091583436,flat
2024-01-08,HEROMOTOCO__EICHERMOT,9,0.0,182325.91091583436,flat
2024-01-09,HEROMOTOCO__EICHERMOT,9,0.0,182325.91091583436,flat
2024-01-10,HEROMOTOCO__EICHERMOT,9,0.0,182325.91091583436,flat
2024-01-11,HEROMOTOCO__EICHERMOT,9,0.0,182325.91091583436,flat
2024-01-12,HEROMOTOCO__EICHERMOT,9,0.0,182325.91091583436,flat
2024-01-15,HEROMOTOCO__EICHERMOT,9,0.0,182325.91091583436,flat
2024-01-16,HEROMOTOCO__EICHERMOT,9,0.0,182325.91091583436,flat
2024-01-17,HEROMOTOCO__EICHERMOT,9,0.0,182325.91091583436,flat
2024-01-18,HEROMOTOCO__EICHERMOT,9,0.0,182325.91091583436,flat
2024-01-19,HEROMOTOCO__EICHERMOT,9,0.0,182325.91091583436,flat
2024-01-23,HEROMOTOCO__EICHERMOT,9,0.0,182325.91091583436,flat
2024-01-24,HEROMOTOCO__EICHERMOT,9,0.0,182325.91091583436,flat
2024-01-25,HEROMOTOCO__EICHERMOT,9,0.0,182325.91091583436,flat
2024-01-29,HEROMOTOCO__EICHERMOT,9,0.0,182325.91091583436,flat
2024-01-30,HEROMOTOCO__EICHERMOT,9,0.0,182325.91091583436,flat
2024-01-31,HEROMOTOCO__EICHERMOT,9,0.0,182325.91091583436,flat
2024-02-01,HEROMOTOCO__EICHERMOT,9,0.0,182325.91091583436,flat
2024-02-02,HEROMOTOCO__EICHERMOT,9,0.0,182325.91091583436,flat
2024-02-05,HEROMOTOCO__EICHERMOT,9,0.0,182325.91091583436,flat
2024-02-06,HEROMOTOCO__EICHERMOT,9,0.0,182325.91091583436,flat
2024-02-07,HEROMOTOCO__EICHERMOT,9,0.0,182325.91091583436,flat
2024-02-08,HEROMOTOCO__EICHERMOT,9,0.0,182325.91091583436,flat
2024-02-09,HEROMOTOCO__EICHERMOT,9,0.0,182325.91091583436,flat
2024-02-12,HEROMOTOCO__EICHERMOT,9,-1187.332722705727,181138.57819312863,entry
2024-02-13,HEROMOTOCO__EICHERMOT,9,547.7792074593322,181686.35740058796,hold
2024-02-14,HEROMOTOCO__EICHERMOT,9,-73.86106442636986,181612.4963361616,hold
2024-02-15,HEROMOTOCO__EICHERMOT,9,-151.73255637307363,181460.7637797885,hold
2024-02-16,HEROMOTOCO__EICHERMOT,9,356.5924756795805,181817.3562554681,hold
2024-02-19,HEROMOTOCO__EICHERMOT,9,0.6187849422089045,181817.9750404103,hold
2024-02-20,HEROMOTOCO__EICHERMOT,9,-419.23137518728595,181398.743665223,hold
2024-02-21,HEROMOTOCO__EICHERMOT,9,-284.3237939319349,181114.4198712911,hold
2024-02-22,HEROMOTOCO__EICHERMOT,9,-1505.0052675513698,179609.41460373971,hold
2024-02-23,HEROMOTOCO__EICHERMOT,9,410.1392103756421,180019.55381411535,hold
2024-02-26,HEROMOTOCO__EICHERMOT,9,-439.11243198844176,179580.4413821269,hold
2024-02-27,HEROMOTOCO__EICHERMOT,9,-976.927171687714,178603.5142104392,hold
2024-02-28,HEROMOTOCO__EICHERMOT,9,1123.529675192637,179727.04388563184,hold
2024-02-29,HEROMOTOCO__EICHERMOT,9,1094.398074191995,180821.44195982383,hold
2024-03-01,HEROMOTOCO__EICHERMOT,9,-30.464278199914382,180790.97768162392,hold
2024-03-04,HEROMOTOCO__EICHERMOT,9,1665.4976439961472,182456.47532562006,hold
2024-03-05,HEROMOTOCO__EICHERMOT,9,-585.5040694830908,181870.97125613698,hold
2024-03-06,HEROMOTOCO__EICHERMOT,9,273.830027932363,182144.80128406934,hold
2024-03-07,HEROMOTOCO__EICHERMOT,9,191.76109639875855,182336.5623804681,hold
2024-03-11,HEROMOTOCO__EICHERMOT,9,128.73790713291953,182465.300287601,hold
2024-03-12,HEROMOTOCO__EICHERMOT,9,-381.19346278360445,182084.1068248174,hold
2024-03-13,HEROMOTOCO__EICHERMOT,9,-162.70247551904967,181921.40434929836,hold
2024-03-14,HEROMOTOCO__EICHERMOT,9,661.6562357127568,182583.06058501112,hold
2024-03-15,HEROMOTOCO__EICHERMOT,9,-308.35295976027396,182274.70762525086,hold
2024-03-18,HEROMOTOCO__EICHERMOT,9,281.0921213613014,182555.79974661215,hold
2024-03-19,HEROMOTOCO__EICHERMOT,9,-274.5012295323202,182281.29851707982,hold
2024-03-20,HEROMOTOCO__EICHERMOT,9,-1897.6656311804365,180383.6328858994,hold
2024-03-21,HEROMOTOCO__EICHERMOT,9,-434.3859109589041,179949.2469749405,hold
2024-03-22,HEROMOTOCO__EICHERMOT,9,319.59904045376715,180268.84601539426,hold
2024-03-26,HEROMOTOCO__EICHERMOT,9,736.837646083048,181005.68366147732,hold
2024-03-27,HEROMOTOCO__EICHERMOT,9,-684.0676355415239,180321.6160259358,hold
2024-03-28,HEROMOTOCO__EICHERMOT,9,-161.65045697773974,180159.96556895805,hold
2024-04-01,HEROMOTOCO__EICHERMOT,9,498.8210998769264,180658.78666883497,hold
2024-04-02,HEROMOTOCO__EICHERMOT,9,-532.3335025684931,180126.4531662665,hold
2024-04-03,HEROMOTOCO__EICHERMOT,9,-161.72649737799657,179964.7266688885,hold
2024-04-04,HEROMOTOCO__EICHERMOT,9,-1094.0830224208048,178870.64364646768,hold
2024-04-05,HEROMOTOCO__EICHERMOT,9,-178.76867468428938,178691.8749717834,hold
2024-04-08,HEROMOTOCO__EICHERMOT,9,-1424.2360912617723,177267.63888052164,hold
2024-04-09,HEROMOTOCO__EICHERMOT,9,-951.5404475599315,176316.0984329617,hold
2024-04-10,HEROMOTOCO__EICHERMOT,9,-899.397556239298,175416.7008767224,hold
2024-04-12,HEROMOTOCO__EICHERMOT,9,-1432.7885905890903,173983.9122861333,stop_out
2024-04-15,HEROMOTOCO__EICHERMOT,9,0.0,173983.9122861333,flat
2024-04-16,HEROMOTOCO__EICHERMOT,9,0.0,173983.9122861333,flat
2024-04-18,HEROMOTOCO__EICHERMOT,9,0.0,173983.9122861333,flat
2024-04-19,HEROMOTOCO__EICHERMOT,9,0.0,173983.9122861333,flat
2024-04-22,HEROMOTOCO__EICHERMOT,9,0.0,173983.9122861333,flat
2024-04-23,HEROMOTOCO__EICHERMOT,9,0.0,173983.9122861333,flat
2024-04-24,HEROMOTOCO__EICHERMOT,9,0.0,173983.9122861333,flat
2024-04-25,HEROMOTOCO__EICHERMOT,9,0.0,173983.9122861333,flat
2024-04-26,HEROMOTOCO__EICHERMOT,9,0.0,173983.9122861333,flat
2024-04-29,HEROMOTOCO__EICHERMOT,9,0.0,173983.9122861333,flat
2024-04-30,HEROMOTOCO__EICHERMOT,9,0.0,173983.9122861333,flat
2024-05-02,HEROMOTOCO__EICHERMOT,9,0.0,173983.9122861333,flat
2024-05-03,HEROMOTOCO__EICHERMOT,9,0.0,173983.9122861333,flat
2024-05-06,HEROMOTOCO__EICHERMOT,9,0.0,173983.9122861333,flat
2024-05-07,HEROMOTOCO__EICHERMOT,9,0.0,173983.9122861333,flat
2024-05-08,HEROMOTOCO__EICHERMOT,9,0.0,173983.9122861333,flat
2024-05-09,HEROMOTOCO__EICHERMOT,9,0.0,173983.9122861333,flat
2024-05-10,HEROMOTOCO__EICHERMOT,9,0.0,173983.9122861333,flat
2024-05-13,HEROMOTOCO__EICHERMOT,9,0.0,173983.9122861333,flat
2024-05-14,HEROMOTOCO__EICHERMOT,9,0.0,173983.9122861333,flat
2024-05-15,HEROMOTOCO__EICHERMOT,9,0.0,173983.9122861333,flat
2024-05-16,HEROMOTOCO__EICHERMOT,9,0.0,173983.9122861333,flat
2024-05-17,HEROMOTOCO__EICHERMOT,9,0.0,173983.9122861333,flat
2024-05-21,HEROMOTOCO__EICHERMOT,9,0.0,173983.9122861333,flat
2024-05-22,HEROMOTOCO__EICHERMOT,9,0.0,173983.9122861333,flat
2024-05-23,HEROMOTOCO__EICHERMOT,9,0.0,173983.9122861333,flat
2024-05-24,HEROMOTOCO__EICHERMOT,9,0.0,173983.9122861333,flat
2024-05-27,HEROMOTOCO__EICHERMOT,9,0.0,173983.9122861333,flat
2024-05-28,HEROMOTOCO__EICHERMOT,9,0.0,173983.9122861333,flat
2024-05-29,HEROMOTOCO__EICHERMOT,9,0.0,173983.9122861333,flat
2024-05-30,HEROMOTOCO__EICHERMOT,10,0.0,173983.9122861333,flat
2024-05-31,HEROMOTOCO__EICHERMOT,10,0.0,173983.9122861333,flat
2024-06-03,HEROMOTOCO__EICHERMOT,10,0.0,173983.9122861333,flat
2024-06-04,HEROMOTOCO__EICHERMOT,10,0.0,173983.9122861333,flat
2024-06-05,HEROMOTOCO__EICHERMOT,10,0.0,173983.9122861333,flat
2024-06-06,HEROMOTOCO__EICHERMOT,10,0.0,173983.9122861333,flat
2024-06-07,HEROMOTOCO__EICHERMOT,10,0.0,173983.9122861333,flat
2024-06-10,HEROMOTOCO__EICHERMOT,10,0.0,173983.9122861333,flat
2024-06-11,HEROMOTOCO__EICHERMOT,10,0.0,173983.9122861333,flat
2024-06-12,HEROMOTOCO__EICHERMOT,10,0.0,173983.9122861333,flat
2024-06-13,HEROMOTOCO__EICHERMOT,10,0.0,173983.9122861333,flat
2024-06-14,HEROMOTOCO__EICHERMOT,10,0.0,173983.9122861333,flat
2024-06-18,HEROMOTOCO__EICHERMOT,10,0.0,173983.9122861333,flat
2024-06-19,HEROMOTOCO__EICHERMOT,10,0.0,173983.9122861333,flat
2024-06-20,HEROMOTOCO__EICHERMOT,10,0.0,173983.9122861333,flat
2024-06-21,HEROMOTOCO__EICHERMOT,10,0.0,173983.9122861333,flat
2024-06-24,HEROMOTOCO__EICHERMOT,10,0.0,173983.9122861333,flat
2024-06-25,HEROMOTOCO__EICHERMOT,10,0.0,173983.9122861333,flat
2024-06-26,HEROMOTOCO__EICHERMOT,10,0.0,173983.9122861333,flat
2024-06-27,HEROMOTOCO__EICHERMOT,10,0.0,173983.9122861333,flat
2024-06-28,HEROMOTOCO__EICHERMOT,10,0.0,173983.9122861333,flat
2024-07-01,HEROMOTOCO__EICHERMOT,10,0.0,173983.9122861333,flat
2024-07-02,HEROMOTOCO__EICHERMOT,10,0.0,173983.9122861333,flat
2024-07-03,HEROMOTOCO__EICHERMOT,10,0.0,173983.9122861333,flat
2024-07-04,HEROMOTOCO__EICHERMOT,10,0.0,173983.9122861333,flat
2024-07-05,HEROMOTOCO__EICHERMOT,10,0.0,173983.9122861333,flat
2024-07-08,HEROMOTOCO__EICHERMOT,10,0.0,173983.9122861333,flat
2024-07-09,HEROMOTOCO__EICHERMOT,10,0.0,173983.9122861333,flat
2024-07-10,HEROMOTOCO__EICHERMOT,10,0.0,173983.9122861333,flat
2024-07-11,HEROMOTOCO__EICHERMOT,10,0.0,173983.9122861333,flat
2024-07-12,HEROMOTOCO__EICHERMOT,10,0.0,173983.9122861333,flat
2024-07-15,HEROMOTOCO__EICHERMOT,10,0.0,173983.9122861333,flat
2024-07-16,HEROMOTOCO__EICHERMOT,10,0.0,173983.9122861333,flat
2024-07-18,HEROMOTOCO__EICHERMOT,10,0.0,173983.9122861333,flat
2024-07-19,HEROMOTOCO__EICHERMOT,10,0.0,173983.9122861333,flat
2024-07-22,HEROMOTOCO__EICHERMOT,10,0.0,173983.9122861333,flat
2024-07-23,HEROMOTOCO__EICHERMOT,10,0.0,173983.9122861333,flat
2024-07-24,HEROMOTOCO__EICHERMOT,10,0.0,173983.9122861333,flat
2024-07-25,HEROMOTOCO__EICHERMOT,10,0.0,173983.9122861333,flat
2024-07-26,HEROMOTOCO__EICHERMOT,10,0.0,173983.9122861333,flat
2024-07-29,HEROMOTOCO__EICHERMOT,10,0.0,173983.9122861333,flat
2024-07-30,HEROMOTOCO__EICHERMOT,10,0.0,173983.9122861333,flat
2024-07-31,HEROMOTOCO__EICHERMOT,10,0.0,173983.9122861333,flat
2024-08-01,HEROMOTOCO__EICHERMOT,10,0.0,173983.9122861333,flat
2024-08-02,HEROMOTOCO__EICHERMOT,10,0.0,173983.9122861333,flat
2024-08-05,HEROMOTOCO__EICHERMOT,10,0.0,173983.9122861333,flat
2024-08-06,HEROMOTOCO__EICHERMOT,10,0.0,173983.9122861333,flat
2024-08-07,HEROMOTOCO__EICHERMOT,10,0.0,173983.9122861333,flat
2024-08-08,HEROMOTOCO__EICHERMOT,10,0.0,173983.9122861333,flat
2024-08-09,HEROMOTOCO__EICHERMOT,10,0.0,173983.9122861333,flat
2024-08-12,HEROMOTOCO__EICHERMOT,10,0.0,173983.9122861333,flat
2024-08-13,HEROMOTOCO__EICHERMOT,10,0.0,173983.9122861333,flat
2024-08-14,HEROMOTOCO__EICHERMOT,10,0.0,173983.9122861333,flat
2024-08-16,HEROMOTOCO__EICHERMOT,10,0.0,173983.9122861333,flat
2024-08-19,HEROMOTOCO__EICHERMOT,10,0.0,173983.9122861333,flat
2024-08-20,HEROMOTOCO__EICHERMOT,10,0.0,173983.9122861333,flat
2024-08-21,HEROMOTOCO__EICHERMOT,10,0.0,173983.9122861333,flat
2024-08-22,HEROMOTOCO__EICHERMOT,10,0.0,173983.9122861333,flat
2024-08-23,HEROMOTOCO__EICHERMOT,10,0.0,173983.9122861333,flat
2024-08-26,HEROMOTOCO__EICHERMOT,10,0.0,173983.9122861333,flat
2024-08-27,HEROMOTOCO__EICHERMOT,10,0.0,173983.9122861333,flat
2024-08-28,HEROMOTOCO__EICHERMOT,10,0.0,173983.9122861333,flat
2024-08-29,HEROMOTOCO__EICHERMOT,10,0.0,173983.9122861333,flat
2024-08-30,HEROMOTOCO__EICHERMOT,10,0.0,173983.9122861333,flat
2024-09-02,HEROMOTOCO__EICHERMOT,10,0.0,173983.9122861333,flat
2024-09-03,HEROMOTOCO__EICHERMOT,10,0.0,173983.9122861333,flat
2024-09-04,HEROMOTOCO__EICHERMOT,10,0.0,173983.9122861333,flat
2024-09-05,HEROMOTOCO__EICHERMOT,10,0.0,173983.9122861333,flat
2024-09-06,HEROMOTOCO__EICHERMOT,10,0.0,173983.9122861333,flat
2024-09-09,HEROMOTOCO__EICHERMOT,10,0.0,173983.9122861333,flat
2024-09-10,HEROMOTOCO__EICHERMOT,10,0.0,173983.9122861333,flat
2024-09-11,HEROMOTOCO__EICHERMOT,10,0.0,173983.9122861333,flat
2024-09-12,HEROMOTOCO__EICHERMOT,10,0.0,173983.9122861333,flat
2024-09-13,HEROMOTOCO__EICHERMOT,10,0.0,173983.9122861333,flat
2024-09-16,HEROMOTOCO__EICHERMOT,10,0.0,173983.9122861333,flat
2024-09-17,HEROMOTOCO__EICHERMOT,10,0.0,173983.9122861333,flat
2024-09-18,HEROMOTOCO__EICHERMOT,10,0.0,173983.9122861333,flat
2024-09-19,HEROMOTOCO__EICHERMOT,10,0.0,173983.9122861333,flat
2024-09-20,HEROMOTOCO__EICHERMOT,10,0.0,173983.9122861333,flat
2024-09-23,HEROMOTOCO__EICHERMOT,10,0.0,173983.9122861333,flat
2024-09-24,HEROMOTOCO__EICHERMOT,10,0.0,173983.9122861333,flat
2024-09-25,HEROMOTOCO__EICHERMOT,10,0.0,173983.9122861333,flat
2024-09-26,HEROMOTOCO__EICHERMOT,10,0.0,173983.9122861333,flat
2024-09-27,HEROMOTOCO__EICHERMOT,10,0.0,173983.9122861333,flat
2024-09-30,HEROMOTOCO__EICHERMOT,10,0.0,173983.9122861333,flat
2024-10-01,HEROMOTOCO__EICHERMOT,10,0.0,173983.9122861333,flat
2024-10-03,HEROMOTOCO__EICHERMOT,10,0.0,173983.9122861333,flat
2024-10-04,HEROMOTOCO__EICHERMOT,10,0.0,173983.9122861333,flat
2024-10-07,HEROMOTOCO__EICHERMOT,10,0.0,173983.9122861333,flat
2024-10-08,HEROMOTOCO__EICHERMOT,10,0.0,173983.9122861333,flat
2024-10-09,HEROMOTOCO__EICHERMOT,10,0.0,173983.9122861333,flat
2024-10-10,HEROMOTOCO__EICHERMOT,10,0.0,173983.9122861333,flat
2024-10-11,HEROMOTOCO__EICHERMOT,10,0.0,173983.9122861333,flat
2024-10-14,HEROMOTOCO__EICHERMOT,10,0.0,173983.9122861333,flat
2024-10-15,HEROMOTOCO__EICHERMOT,10,0.0,173983.9122861333,flat
2024-10-16,HEROMOTOCO__EICHERMOT,10,0.0,173983.9122861333,flat
2024-10-17,HEROMOTOCO__EICHERMOT,10,0.0,173983.9122861333,flat
2024-10-18,HEROMOTOCO__EICHERMOT,10,0.0,173983.9122861333,flat
2024-10-21,HEROMOTOCO__EICHERMOT,10,0.0,173983.9122861333,flat
2024-10-22,HEROMOTOCO__EICHERMOT,10,0.0,173983.9122861333,flat
2024-10-23,HEROMOTOCO__EICHERMOT,10,0.0,173983.9122861333,flat
2024-10-24,HEROMOTOCO__EICHERMOT,10,0.0,173983.9122861333,flat
2024-10-25,HEROMOTOCO__EICHERMOT,10,0.0,173983.9122861333,flat
2024-10-28,HEROMOTOCO__EICHERMOT,10,0.0,173983.9122861333,flat
2024-10-29,HEROMOTOCO__EICHERMOT,10,-1243.1177447057262,172740.79454142757,entry
2024-10-30,HEROMOTOCO__EICHERMOT,10,1221.1016292273116,173961.8961706549,hold
2024-10-31,HEROMOTOCO__EICHERMOT,10,317.6886360766267,174279.58480673152,hold
2024-11-01,HEROMOTOCO__EICHERMOT,10,-418.54932785744865,173861.03547887408,hold
2024-11-04,HEROMOTOCO__EICHERMOT,10,-306.5495892016267,173554.48588967245,hold
2024-11-05,HEROMOTOCO__EICHERMOT,10,-639.0662969820205,172915.41959269042,hold
2024-11-06,HEROMOTOCO__EICHERMOT,10,-876.3739499209684,172039.04564276946,exit
2024-11-07,HEROMOTOCO__EICHERMOT,10,0.0,172039.04564276946,flat
2024-11-08,HEROMOTOCO__EICHERMOT,10,0.0,172039.04564276946,flat
2024-11-11,HEROMOTOCO__EICHERMOT,10,0.0,172039.04564276946,flat
2024-11-12,HEROMOTOCO__EICHERMOT,10,0.0,172039.04564276946,flat
2024-11-13,HEROMOTOCO__EICHERMOT,10,0.0,172039.04564276946,flat
2024-11-14,HEROMOTOCO__EICHERMOT,10,0.0,172039.04564276946,flat
2024-11-18,HEROMOTOCO__EICHERMOT,10,0.0,172039.04564276946,flat
2024-11-19,HEROMOTOCO__EICHERMOT,10,0.0,172039.04564276946,flat
2024-11-21,HEROMOTOCO__EICHERMOT,10,0.0,172039.04564276946,flat
2024-11-22,HEROMOTOCO__EICHERMOT,10,0.0,172039.04564276946,flat
2024-11-25,HEROMOTOCO__EICHERMOT,10,0.0,172039.04564276946,flat
2024-11-26,HEROMOTOCO__EICHERMOT,10,0.0,172039.04564276946,flat
2024-11-27,HEROMOTOCO__EICHERMOT,10,0.0,172039.04564276946,flat
2024-11-28,HEROMOTOCO__EICHERMOT,10,0.0,172039.04564276946,flat
2024-11-29,HEROMOTOCO__EICHERMOT,10,0.0,172039.04564276946,flat
2024-12-02,HEROMOTOCO__EICHERMOT,11,-1039.7515777985395,170999.29406497092,entry
2024-12-03,HEROMOTOCO__EICHERMOT,11,779.6228827589897,171778.91694772991,hold
2024-12-04,HEROMOTOCO__EICHERMOT,11,109.87366952054795,171888.79061725046,hold
2024-12-05,HEROMOTOCO__EICHERMOT,11,341.1067938249144,172229.89741107536,hold
2024-12-06,HEROMOTOCO__EICHERMOT,11,571.3507633775685,172801.24817445292,hold
2024-12-09,HEROMOTOCO__EICHERMOT,11,-41.06006870719178,172760.18810574574,hold
2024-12-10,HEROMOTOCO__EICHERMOT,11,-246.56221232876712,172513.62589341696,hold
2024-12-11,HEROMOTOCO__EICHERMOT,11,-775.5306055222603,171738.0952878947,hold
2024-12-12,HEROMOTOCO__EICHERMOT,11,1023.1017729559076,172761.19706085062,hold
2024-12-13,HEROMOTOCO__EICHERMOT,11,-6.117482716181506,172755.07957813443,hold
2024-12-16,HEROMOTOCO__EICHERMOT,11,504.46096061643834,173259.54053875088,hold
2024-12-17,HEROMOTOCO__EICHERMOT,11,233.8030834760274,173493.3436222269,hold
2024-12-18,HEROMOTOCO__EICHERMOT,11,334.171923052226,173827.51554527914,hold
2024-12-19,HEROMOTOCO__EICHERMOT,11,48.51887039811644,173876.03441567725,hold
2024-12-20,HEROMOTOCO__EICHERMOT,11,278.1699162296661,174154.20433190692,hold
2024-12-23,HEROMOTOCO__EICHERMOT,11,862.9235633294093,175017.12789523634,hold
2024-12-24,HEROMOTOCO__EICHERMOT,11,590.1805613762842,175607.3084566126,hold
2024-12-26,HEROMOTOCO__EICHERMOT,11,-82.8133366598887,175524.4951199527,hold
2024-12-27,HEROMOTOCO__EICHERMOT,11,1194.941273999358,176719.43639395208,hold
2024-12-30,HEROMOTOCO__EICHERMOT,11,283.41727145761985,177002.8536654097,hold
2024-12-31,HEROMOTOCO__EICHERMOT,11,-97.6192677921661,176905.23439761752,hold
2019-05-30,INFY__HCLTECH,0,0.0,200000.0,flat
2019-05-31,INFY__HCLTECH,0,0.0,200000.0,flat
2019-06-03,INFY__HCLTECH,0,0.0,200000.0,flat
2019-06-04,INFY__HCLTECH,0,0.0,200000.0,flat
2019-06-06,INFY__HCLTECH,0,0.0,200000.0,flat
2019-06-07,INFY__HCLTECH,0,0.0,200000.0,flat
2019-06-10,INFY__HCLTECH,0,0.0,200000.0,flat
2019-06-11,INFY__HCLTECH,0,0.0,200000.0,flat
2019-06-12,INFY__HCLTECH,0,0.0,200000.0,flat
2019-06-13,INFY__HCLTECH,0,0.0,200000.0,flat
2019-06-14,INFY__HCLTECH,0,0.0,200000.0,flat
2019-06-17,INFY__HCLTECH,0,0.0,200000.0,flat
2019-06-18,INFY__HCLTECH,0,0.0,200000.0,flat
2019-06-19,INFY__HCLTECH,0,0.0,200000.0,flat
2019-06-20,INFY__HCLTECH,0,0.0,200000.0,flat
2019-06-21,INFY__HCLTECH,0,0.0,200000.0,flat
2019-06-24,INFY__HCLTECH,0,0.0,200000.0,flat
2019-06-25,INFY__HCLTECH,0,0.0,200000.0,flat
2019-06-26,INFY__HCLTECH,0,0.0,200000.0,flat
2019-06-27,INFY__HCLTECH,0,0.0,200000.0,flat
2019-06-28,INFY__HCLTECH,0,0.0,200000.0,flat
2019-07-01,INFY__HCLTECH,0,0.0,200000.0,flat
2019-07-02,INFY__HCLTECH,0,0.0,200000.0,flat
2019-07-03,INFY__HCLTECH,0,0.0,200000.0,flat
2019-07-04,INFY__HCLTECH,0,0.0,200000.0,flat
2019-07-05,INFY__HCLTECH,0,0.0,200000.0,flat
2019-07-08,INFY__HCLTECH,0,0.0,200000.0,flat
2019-07-09,INFY__HCLTECH,0,0.0,200000.0,flat
2019-07-10,INFY__HCLTECH,0,0.0,200000.0,flat
2019-07-11,INFY__HCLTECH,0,0.0,200000.0,flat
2019-07-12,INFY__HCLTECH,0,0.0,200000.0,flat
2019-07-15,INFY__HCLTECH,0,0.0,200000.0,flat
2019-07-16,INFY__HCLTECH,0,0.0,200000.0,flat
2019-07-17,INFY__HCLTECH,0,0.0,200000.0,flat
2019-07-18,INFY__HCLTECH,0,0.0,200000.0,flat
2019-07-19,INFY__HCLTECH,0,0.0,200000.0,flat
2019-07-22,INFY__HCLTECH,0,0.0,200000.0,flat
2019-07-23,INFY__HCLTECH,0,0.0,200000.0,flat
2019-07-24,INFY__HCLTECH,0,0.0,200000.0,flat
2019-07-25,INFY__HCLTECH,0,0.0,200000.0,flat
2019-07-26,INFY__HCLTECH,0,0.0,200000.0,flat
2019-07-29,INFY__HCLTECH,0,0.0,200000.0,flat
2019-07-30,INFY__HCLTECH,0,0.0,200000.0,flat
2019-07-31,INFY__HCLTECH,0,0.0,200000.0,flat
2019-08-01,INFY__HCLTECH,0,0.0,200000.0,flat
2019-08-02,INFY__HCLTECH,0,0.0,200000.0,flat
2019-08-05,INFY__HCLTECH,0,0.0,200000.0,flat
2019-08-06,INFY__HCLTECH,0,0.0,200000.0,flat
2019-08-07,INFY__HCLTECH,0,0.0,200000.0,flat
2019-08-08,INFY__HCLTECH,0,0.0,200000.0,flat
2019-08-09,INFY__HCLTECH,0,0.0,200000.0,flat
2019-08-13,INFY__HCLTECH,0,0.0,200000.0,flat
2019-08-14,INFY__HCLTECH,0,0.0,200000.0,flat
2019-08-16,INFY__HCLTECH,0,0.0,200000.0,flat
2019-08-19,INFY__HCLTECH,0,0.0,200000.0,flat
2019-08-20,INFY__HCLTECH,0,0.0,200000.0,flat
2019-08-21,INFY__HCLTECH,0,0.0,200000.0,flat
2019-08-22,INFY__HCLTECH,0,0.0,200000.0,flat
2019-08-23,INFY__HCLTECH,0,0.0,200000.0,flat
2019-08-26,INFY__HCLTECH,0,0.0,200000.0,flat
2019-08-27,INFY__HCLTECH,0,0.0,200000.0,flat
2019-08-28,INFY__HCLTECH,0,0.0,200000.0,flat
2019-08-29,INFY__HCLTECH,0,0.0,200000.0,flat
2019-08-30,INFY__HCLTECH,0,0.0,200000.0,flat
2019-09-03,INFY__HCLTECH,0,0.0,200000.0,flat
2019-09-04,INFY__HCLTECH,0,0.0,200000.0,flat
2019-09-05,INFY__HCLTECH,0,0.0,200000.0,flat
2019-09-06,INFY__HCLTECH,0,0.0,200000.0,flat
2019-09-09,INFY__HCLTECH,0,0.0,200000.0,flat
2019-09-11,INFY__HCLTECH,0,0.0,200000.0,flat
2019-09-12,INFY__HCLTECH,0,0.0,200000.0,flat
2019-09-13,INFY__HCLTECH,0,0.0,200000.0,flat
2019-09-16,INFY__HCLTECH,0,0.0,200000.0,flat
2019-09-17,INFY__HCLTECH,0,0.0,200000.0,flat
2019-09-18,INFY__HCLTECH,0,0.0,200000.0,flat
2019-09-19,INFY__HCLTECH,0,0.0,200000.0,flat
2019-09-20,INFY__HCLTECH,0,0.0,200000.0,flat
2019-09-23,INFY__HCLTECH,0,0.0,200000.0,flat
2019-09-24,INFY__HCLTECH,0,0.0,200000.0,flat
2019-09-25,INFY__HCLTECH,0,0.0,200000.0,flat
2019-09-26,INFY__HCLTECH,0,0.0,200000.0,flat
2019-09-27,INFY__HCLTECH,0,0.0,200000.0,flat
2019-09-30,INFY__HCLTECH,0,0.0,200000.0,flat
2019-10-01,INFY__HCLTECH,0,0.0,200000.0,flat
2019-10-03,INFY__HCLTECH,0,0.0,200000.0,flat
2019-10-04,INFY__HCLTECH,0,0.0,200000.0,flat
2019-10-07,INFY__HCLTECH,0,0.0,200000.0,flat
2019-10-09,INFY__HCLTECH,0,0.0,200000.0,flat
2019-10-10,INFY__HCLTECH,0,0.0,200000.0,flat
2019-10-11,INFY__HCLTECH,0,0.0,200000.0,flat
2019-10-14,INFY__HCLTECH,0,0.0,200000.0,flat
2019-10-15,INFY__HCLTECH,0,0.0,200000.0,flat
2019-10-16,INFY__HCLTECH,0,0.0,200000.0,flat
2019-10-17,INFY__HCLTECH,0,0.0,200000.0,flat
2019-10-18,INFY__HCLTECH,0,0.0,200000.0,flat
2019-10-22,INFY__HCLTECH,0,0.0,200000.0,flat
2019-10-23,INFY__HCLTECH,0,0.0,200000.0,flat
2019-10-24,INFY__HCLTECH,0,0.0,200000.0,flat
2019-10-25,INFY__HCLTECH,0,0.0,200000.0,flat
2019-10-27,INFY__HCLTECH,0,0.0,200000.0,flat
2019-10-29,INFY__HCLTECH,0,0.0,200000.0,flat
2019-10-30,INFY__HCLTECH,0,0.0,200000.0,flat
2019-10-31,INFY__HCLTECH,0,0.0,200000.0,flat
2019-11-01,INFY__HCLTECH,0,0.0,200000.0,flat
2019-11-04,INFY__HCLTECH,0,0.0,200000.0,flat
2019-11-05,INFY__HCLTECH,0,0.0,200000.0,flat
2019-11-06,INFY__HCLTECH,0,0.0,200000.0,flat
2019-11-07,INFY__HCLTECH,0,0.0,200000.0,flat
2019-11-08,INFY__HCLTECH,0,0.0,200000.0,flat
2019-11-11,INFY__HCLTECH,0,0.0,200000.0,flat
2019-11-13,INFY__HCLTECH,0,0.0,200000.0,flat
2019-11-14,INFY__HCLTECH,0,0.0,200000.0,flat
2019-11-15,INFY__HCLTECH,0,0.0,200000.0,flat
2019-11-18,INFY__HCLTECH,0,0.0,200000.0,flat
2019-11-19,INFY__HCLTECH,0,0.0,200000.0,flat
2019-11-20,INFY__HCLTECH,0,0.0,200000.0,flat
2019-11-21,INFY__HCLTECH,0,0.0,200000.0,flat
2019-11-22,INFY__HCLTECH,0,0.0,200000.0,flat
2019-11-25,INFY__HCLTECH,0,0.0,200000.0,flat
2019-11-26,INFY__HCLTECH,0,0.0,200000.0,flat
2019-11-27,INFY__HCLTECH,0,0.0,200000.0,flat
2019-11-28,INFY__HCLTECH,0,0.0,200000.0,flat
2019-11-29,INFY__HCLTECH,0,0.0,200000.0,flat
2019-12-02,INFY__HCLTECH,1,0.0,200000.0,flat
2019-12-03,INFY__HCLTECH,1,0.0,200000.0,flat
2019-12-04,INFY__HCLTECH,1,0.0,200000.0,flat
2019-12-05,INFY__HCLTECH,1,0.0,200000.0,flat
2019-12-06,INFY__HCLTECH,1,0.0,200000.0,flat
2019-12-09,INFY__HCLTECH,1,0.0,200000.0,flat
2019-12-10,INFY__HCLTECH,1,0.0,200000.0,flat
2019-12-11,INFY__HCLTECH,1,0.0,200000.0,flat
2019-12-12,INFY__HCLTECH,1,0.0,200000.0,flat
2019-12-13,INFY__HCLTECH,1,0.0,200000.0,flat
2019-12-16,INFY__HCLTECH,1,0.0,200000.0,flat
2019-12-17,INFY__HCLTECH,1,0.0,200000.0,flat
2019-12-18,INFY__HCLTECH,1,0.0,200000.0,flat
2019-12-19,INFY__HCLTECH,1,0.0,200000.0,flat
2019-12-20,INFY__HCLTECH,1,0.0,200000.0,flat
2019-12-23,INFY__HCLTECH,1,0.0,200000.0,flat
2019-12-24,INFY__HCLTECH,1,0.0,200000.0,flat
2019-12-26,INFY__HCLTECH,1,0.0,200000.0,flat
2019-12-27,INFY__HCLTECH,1,0.0,200000.0,flat
2019-12-30,INFY__HCLTECH,1,0.0,200000.0,flat
2019-12-31,INFY__HCLTECH,1,0.0,200000.0,flat
2020-01-01,INFY__HCLTECH,1,0.0,200000.0,flat
2020-01-02,INFY__HCLTECH,1,0.0,200000.0,flat
2020-01-03,INFY__HCLTECH,1,0.0,200000.0,flat
2020-01-06,INFY__HCLTECH,1,0.0,200000.0,flat
2020-01-07,INFY__HCLTECH,1,0.0,200000.0,flat
2020-01-08,INFY__HCLTECH,1,0.0,200000.0,flat
2020-01-09,INFY__HCLTECH,1,0.0,200000.0,flat
2020-01-10,INFY__HCLTECH,1,0.0,200000.0,flat
2020-01-13,INFY__HCLTECH,1,0.0,200000.0,flat
2020-01-14,INFY__HCLTECH,1,0.0,200000.0,flat
2020-01-15,INFY__HCLTECH,1,0.0,200000.0,flat
2020-01-16,INFY__HCLTECH,1,0.0,200000.0,flat
2020-01-17,INFY__HCLTECH,1,0.0,200000.0,flat
2020-01-20,INFY__HCLTECH,1,0.0,200000.0,flat
2020-01-21,INFY__HCLTECH,1,0.0,200000.0,flat
2020-01-22,INFY__HCLTECH,1,0.0,200000.0,flat
2020-01-23,INFY__HCLTECH,1,0.0,200000.0,flat
2020-01-24,INFY__HCLTECH,1,0.0,200000.0,flat
2020-01-27,INFY__HCLTECH,1,0.0,200000.0,flat
2020-01-28,INFY__HCLTECH,1,0.0,200000.0,flat
2020-01-29,INFY__HCLTECH,1,0.0,200000.0,flat
2020-01-30,INFY__HCLTECH,1,0.0,200000.0,flat
2020-01-31,INFY__HCLTECH,1,0.0,200000.0,flat
2020-02-03,INFY__HCLTECH,1,0.0,200000.0,flat
2020-02-04,INFY__HCLTECH,1,0.0,200000.0,flat
2020-02-05,INFY__HCLTECH,1,0.0,200000.0,flat
2020-02-06,INFY__HCLTECH,1,0.0,200000.0,flat
2020-02-07,INFY__HCLTECH,1,0.0,200000.0,flat
2020-02-10,INFY__HCLTECH,1,0.0,200000.0,flat
2020-02-11,INFY__HCLTECH,1,0.0,200000.0,flat
2020-02-12,INFY__HCLTECH,1,0.0,200000.0,flat
2020-02-13,INFY__HCLTECH,1,0.0,200000.0,flat
2020-02-14,INFY__HCLTECH,1,0.0,200000.0,flat
2020-02-17,INFY__HCLTECH,1,0.0,200000.0,flat
2020-02-18,INFY__HCLTECH,1,0.0,200000.0,flat
2020-02-19,INFY__HCLTECH,1,0.0,200000.0,flat
2020-02-20,INFY__HCLTECH,1,0.0,200000.0,flat
2020-02-24,INFY__HCLTECH,1,0.0,200000.0,flat
2020-02-25,INFY__HCLTECH,1,0.0,200000.0,flat
2020-02-26,INFY__HCLTECH,1,0.0,200000.0,flat
2020-02-27,INFY__HCLTECH,1,0.0,200000.0,flat
2020-02-28,INFY__HCLTECH,1,0.0,200000.0,flat
2020-03-02,INFY__HCLTECH,1,0.0,200000.0,flat
2020-03-03,INFY__HCLTECH,1,0.0,200000.0,flat
2020-03-04,INFY__HCLTECH,1,0.0,200000.0,flat
2020-03-05,INFY__HCLTECH,1,0.0,200000.0,flat
2020-03-06,INFY__HCLTECH,1,0.0,200000.0,flat
2020-03-09,INFY__HCLTECH,1,0.0,200000.0,flat
2020-03-11,INFY__HCLTECH,1,0.0,200000.0,flat
2020-03-12,INFY__HCLTECH,1,0.0,200000.0,flat
2020-03-13,INFY__HCLTECH,1,0.0,200000.0,flat
2020-03-16,INFY__HCLTECH,1,0.0,200000.0,flat
2020-03-17,INFY__HCLTECH,1,0.0,200000.0,flat
2020-03-18,INFY__HCLTECH,1,0.0,200000.0,flat
2020-03-19,INFY__HCLTECH,1,-736.5067083352635,199263.49329166472,entry
2020-03-20,INFY__HCLTECH,1,1555.2124775390625,200818.70576920378,hold
2020-03-23,INFY__HCLTECH,1,-2888.7773149614727,197929.9284542423,hold
2020-03-24,INFY__HCLTECH,1,3262.767981833262,201192.69643607555,hold
2020-03-25,INFY__HCLTECH,1,563.6137576854131,201756.31019376096,hold
2020-03-26,INFY__HCLTECH,1,2640.075400337115,204396.38559409807,hold
2020-03-27,INFY__HCLTECH,1,1135.9574637133455,205532.3430578114,hold
2020-03-30,INFY__HCLTECH,1,-1299.3368499839469,204233.00620782745,hold
2020-03-31,INFY__HCLTECH,1,405.3632102218001,204638.36941804926,hold
2020-04-01,INFY__HCLTECH,1,-1763.8852968549336,202874.4841211943,hold
2020-04-03,INFY__HCLTECH,1,-852.7415496842893,202021.74257151003,hold
2020-04-07,INFY__HCLTECH,1,1997.502441687179,204019.24501319721,hold
2020-04-08,INFY__HCLTECH,1,-839.5323450743792,203179.71266812284,hold
2020-04-09,INFY__HCLTECH,1,110.32609992374786,203290.0387680466,hold
2020-04-13,INFY__HCLTECH,1,400.74605276113016,203690.78482080772,hold
2020-04-15,INFY__HCLTECH,1,-525.9971152209974,203164.78770558673,hold
2020-04-16,INFY__HCLTECH,1,-387.81680920242934,202776.9708963843,hold
2020-04-17,INFY__HCLTECH,1,446.30512655179797,203223.2760229361,hold
2020-04-20,INFY__HCLTECH,1,1106.235252080212,204329.51127501632,hold
2020-04-21,INFY__HCLTECH,1,-843.2650309423159,203486.24624407402,hold
2020-04-22,INFY__HCLTECH,1,341.75488481244435,203828.00112888648,hold
2020-04-23,INFY__HCLTECH,1,1909.6027659661302,205737.6038948526,hold
2020-04-24,INFY__HCLTECH,1,-1063.5665111970247,204674.03738365558,hold
2020-04-27,INFY__HCLTECH,1,-42.86755591154968,204631.16982774404,hold
2020-04-28,INFY__HCLTECH,1,116.28371727846746,204747.45354502252,hold
2020-04-29,INFY__HCLTECH,1,372.23473167273335,205119.68827669526,hold
2020-04-30,INFY__HCLTECH,1,886.9459355468728,206006.63421224215,hold
2020-05-04,INFY__HCLTECH,1,-1764.1909250856143,204242.44328715652,hold
2020-05-05,INFY__HCLTECH,1,-191.80397618792807,204050.6393109686,hold
2020-05-06,INFY__HCLTECH,1,-459.6393063396297,203591.00000462896,hold
2020-05-07,INFY__HCLTECH,1,161.20933681372858,203752.2093414427,hold
2020-05-08,INFY__HCLTECH,1,381.07614493257705,204133.28548637527,hold
2020-05-11,INFY__HCLTECH,1,269.4763482247988,204402.76183460007,hold
2020-05-12,INFY__HCLTECH,1,303.0960681319563,204705.85790273204,hold
2020-05-13,INFY__HCLTECH,1,368.4169644156678,205074.2748671477,hold
2020-05-14,INFY__HCLTECH,1,-1946.569089937393,203127.7057772103,hold
2020-05-15,INFY__HCLTECH,1,-185.55812133454623,202942.14765587574,hold
2020-05-18,INFY__HCLTECH,1,749.4795370424872,203691.62719291824,hold
2020-05-19,INFY__HCLTECH,1,65.72638394290453,203757.35357686115,hold
2020-05-20,INFY__HCLTECH,1,-203.3977997177333,203553.95577714342,hold
2020-05-21,INFY__HCLTECH,1,-630.4541834190454,202923.5015937244,stop_out
2020-05-22,INFY__HCLTECH,1,0.0,202923.5015937244,flat
2020-05-26,INFY__HCLTECH,1,0.0,202923.5015937244,flat
2020-05-27,INFY__HCLTECH,1,0.0,202923.5015937244,flat
2020-05-28,INFY__HCLTECH,1,0.0,202923.5015937244,flat
2020-05-29,INFY__HCLTECH,1,0.0,202923.5015937244,flat
2020-06-01,INFY__HCLTECH,2,0.0,202923.5015937244,flat
2020-06-02,INFY__HCLTECH,2,0.0,202923.5015937244,flat
2020-06-03,INFY__HCLTECH,2,0.0,202923.5015937244,flat
2020-06-04,INFY__HCLTECH,2,0.0,202923.5015937244,flat
2020-06-05,INFY__HCLTECH,2,0.0,202923.5015937244,flat
2020-06-08,INFY__HCLTECH,2,0.0,202923.5015937244,flat
2020-06-09,INFY__HCLTECH,2,0.0,202923.5015937244,flat
2020-06-10,INFY__HCLTECH,2,0.0,202923.5015937244,flat
2020-06-11,INFY__HCLTECH,2,0.0,202923.5015937244,flat
2020-06-12,INFY__HCLTECH,2,0.0,202923.5015937244,flat
2020-06-15,INFY__HCLTECH,2,0.0,202923.5015937244,flat
2020-06-16,INFY__HCLTECH,2,0.0,202923.5015937244,flat
2020-06-17,INFY__HCLTECH,2,0.0,202923.5015937244,flat
2020-06-18,INFY__HCLTECH,2,0.0,202923.5015937244,flat
2020-06-19,INFY__HCLTECH,2,0.0,202923.5015937244,flat
2020-06-22,INFY__HCLTECH,2,0.0,202923.5015937244,flat
2020-06-23,INFY__HCLTECH,2,-943.1709688511011,201980.33062487328,entry
2020-06-24,INFY__HCLTECH,2,-928.7075031102846,201051.623121763,hold
2020-06-25,INFY__HCLTECH,2,628.4629420617455,201680.08606382474,hold
2020-06-26,INFY__HCLTECH,2,-3858.6626462502677,197821.42341757446,hold
2020-06-29,INFY__HCLTECH,2,972.615106987104,198794.03852456156,hold
2020-06-30,INFY__HCLTECH,2,-198.24827743739297,198595.79024712415,hold
2020-07-01,INFY__HCLTECH,2,3.304135006421234,198599.09438213057,hold
2020-07-02,INFY__HCLTECH,2,-1168.8935639514661,197430.20081817912,hold
2020-07-03,INFY__HCLTECH,2,125.93743057041952,197556.13824874954,hold
2020-07-06,INFY__HCLTECH,2,-181.0846420162671,197375.05360673327,hold
2020-07-07,INFY__HCLTECH,2,-2026.1007113187607,195348.95289541452,hold
2020-07-08,INFY__HCLTECH,2,632.1113663179581,195981.06426173248,hold
2020-07-09,INFY__HCLTECH,2,292.89367224288316,196273.95793397535,hold
2020-07-10,INFY__HCLTECH,2,-486.6423958556293,195787.31553811973,hold
2020-07-13,INFY__HCLTECH,2,1.4175959840539392,195788.7331341038,hold
2020-07-14,INFY__HCLTECH,2,512.9315479518942,196301.66468205568,hold
2020-07-15,INFY__HCLTECH,2,-2989.4582677052117,193312.20641435045,hold
2020-07-16,INFY__HCLTECH,2,-7087.300813456496,186224.90560089395,hold
2020-07-17,INFY__HCLTECH,2,418.010187653842,186642.9157885478,hold
2020-07-20,INFY__HCLTECH,2,-1212.8621244582084,185430.0536640896,hold
2020-07-21,INFY__HCLTECH,2,18.049482354987155,185448.10314644457,hold
2020-07-22,INFY__HCLTECH,2,-70.5587765127973,185377.54436993177,exit
2020-07-23,INFY__HCLTECH,2,0.0,185377.54436993177,flat
2020-07-24,INFY__HCLTECH,2,0.0,185377.54436993177,flat
2020-07-27,INFY__HCLTECH,2,0.0,185377.54436993177,flat
2020-07-28,INFY__HCLTECH,2,0.0,185377.54436993177,flat
2020-07-29,INFY__HCLTECH,2,0.0,185377.54436993177,flat
2020-07-30,INFY__HCLTECH,2,0.0,185377.54436993177,flat
2020-07-31,INFY__HCLTECH,2,0.0,185377.54436993177,flat
2020-08-03,INFY__HCLTECH,2,0.0,185377.54436993177,flat
2020-08-04,INFY__HCLTECH,2,0.0,185377.54436993177,flat
2020-08-05,INFY__HCLTECH,2,0.0,185377.54436993177,flat
2020-08-06,INFY__HCLTECH,2,0.0,185377.54436993177,flat
2020-08-07,INFY__HCLTECH,2,0.0,185377.54436993177,flat
2020-08-10,INFY__HCLTECH,2,0.0,185377.54436993177,flat
2020-08-11,INFY__HCLTECH,2,0.0,185377.54436993177,flat
2020-08-12,INFY__HCLTECH,2,0.0,185377.54436993177,flat
2020-08-13,INFY__HCLTECH,2,0.0,185377.54436993177,flat
2020-08-14,INFY__HCLTECH,2,0.0,185377.54436993177,flat
2020-08-17,INFY__HCLTECH,2,0.0,185377.54436993177,flat
2020-08-18,INFY__HCLTECH,2,0.0,185377.54436993177,flat
2020-08-19,INFY__HCLTECH,2,0.0,185377.54436993177,flat
2020-08-20,INFY__HCLTECH,2,0.0,185377.54436993177,flat
2020-08-21,INFY__HCLTECH,2,0.0,185377.54436993177,flat
2020-08-24,INFY__HCLTECH,2,0.0,185377.54436993177,flat
2020-08-25,INFY__HCLTECH,2,0.0,185377.54436993177,flat
2020-08-26,INFY__HCLTECH,2,0.0,185377.54436993177,flat
2020-08-27,INFY__HCLTECH,2,0.0,185377.54436993177,flat
2020-08-28,INFY__HCLTECH,2,0.0,185377.54436993177,flat
2020-08-31,INFY__HCLTECH,2,0.0,185377.54436993177,flat
2020-09-01,INFY__HCLTECH,2,0.0,185377.54436993177,flat
2020-09-02,INFY__HCLTECH,2,0.0,185377.54436993177,flat
2020-09-03,INFY__HCLTECH,2,0.0,185377.54436993177,flat
2020-09-04,INFY__HCLTECH,2,0.0,185377.54436993177,flat
2020-09-07,INFY__HCLTECH,2,0.0,185377.54436993177,flat
2020-09-08,INFY__HCLTECH,2,0.0,185377.54436993177,flat
2020-09-09,INFY__HCLTECH,2,0.0,185377.54436993177,flat
2020-09-10,INFY__HCLTECH,2,0.0,185377.54436993177,flat
2020-09-11,INFY__HCLTECH,2,0.0,185377.54436993177,flat
2020-09-14,INFY__HCLTECH,2,0.0,185377.54436993177,flat
2020-09-15,INFY__HCLTECH,2,0.0,185377.54436993177,flat
2020-09-16,INFY__HCLTECH,2,0.0,185377.54436993177,flat
2020-09-17,INFY__HCLTECH,2,0.0,185377.54436993177,flat
2020-09-18,INFY__HCLTECH,2,0.0,185377.54436993177,flat
2020-09-21,INFY__HCLTECH,2,0.0,185377.54436993177,flat
2020-09-22,INFY__HCLTECH,2,0.0,185377.54436993177,flat
2020-09-23,INFY__HCLTECH,2,0.0,185377.54436993177,flat
2020-09-24,INFY__HCLTECH,2,0.0,185377.54436993177,flat
2020-09-25,INFY__HCLTECH,2,0.0,185377.54436993177,flat
2020-09-28,INFY__HCLTECH,2,0.0,185377.54436993177,flat
2020-09-29,INFY__HCLTECH,2,0.0,185377.54436993177,flat
2020-09-30,INFY__HCLTECH,2,0.0,185377.54436993177,flat
2020-10-01,INFY__HCLTECH,2,0.0,185377.54436993177,flat
2020-10-05,INFY__HCLTECH,2,0.0,185377.54436993177,flat
2020-10-06,INFY__HCLTECH,2,0.0,185377.54436993177,flat
2020-10-07,INFY__HCLTECH,2,0.0,185377.54436993177,flat
2020-10-08,INFY__HCLTECH,2,0.0,185377.54436993177,flat
2020-10-09,INFY__HCLTECH,2,0.0,185377.54436993177,flat
2020-10-12,INFY__HCLTECH,2,0.0,185377.54436993177,flat
2020-10-13,INFY__HCLTECH,2,0.0,185377.54436993177,flat
2020-10-14,INFY__HCLTECH,2,0.0,185377.54436993177,flat
2020-10-15,INFY__HCLTECH,2,0.0,185377.54436993177,flat
2020-10-16,INFY__HCLTECH,2,-972.0311325557022,184405.51323737606,entry
2020-10-19,INFY__HCLTECH,2,802.0056685974957,185207.51890597356,hold
2020-10-20,INFY__HCLTECH,2,-33.461703245222225,185174.05720272835,exit
2020-10-21,INFY__HCLTECH,2,0.0,185174.05720272835,flat
2020-10-22,INFY__HCLTECH,2,0.0,185174.05720272835,flat
2020-10-23,INFY__HCLTECH,2,0.0,185174.05720272835,flat
2020-10-26,INFY__HCLTECH,2,0.0,185174.05720272835,flat
2020-10-27,INFY__HCLTECH,2,0.0,185174.05720272835,flat
2020-10-28,INFY__HCLTECH,2,0.0,185174.05720272835,flat
2020-10-29,INFY__HCLTECH,2,0.0,185174.05720272835,flat
2020-10-30,INFY__HCLTECH,2,0.0,185174.05720272835,flat
2020-11-02,INFY__HCLTECH,2,0.0,185174.05720272835,flat
2020-11-03,INFY__HCLTECH,2,0.0,185174.05720272835,flat
2020-11-04,INFY__HCLTECH,2,0.0,185174.05720272835,flat
2020-11-05,INFY__HCLTECH,2,0.0,185174.05720272835,flat
2020-11-06,INFY__HCLTECH,2,0.0,185174.05720272835,flat
2020-11-09,INFY__HCLTECH,2,0.0,185174.05720272835,flat
2020-11-10,INFY__HCLTECH,2,0.0,185174.05720272835,flat
2020-11-11,INFY__HCLTECH,2,0.0,185174.05720272835,flat
2020-11-12,INFY__HCLTECH,2,0.0,185174.05720272835,flat
2020-11-13,INFY__HCLTECH,2,0.0,185174.05720272835,flat
2020-11-14,INFY__HCLTECH,2,0.0,185174.05720272835,flat
2020-11-17,INFY__HCLTECH,2,0.0,185174.05720272835,flat
2020-11-18,INFY__HCLTECH,2,0.0,185174.05720272835,flat
2020-11-19,INFY__HCLTECH,2,0.0,185174.05720272835,flat
2020-11-20,INFY__HCLTECH,2,0.0,185174.05720272835,flat
2020-11-23,INFY__HCLTECH,2,0.0,185174.05720272835,flat
2020-11-24,INFY__HCLTECH,2,0.0,185174.05720272835,flat
2020-11-25,INFY__HCLTECH,2,0.0,185174.05720272835,flat
2020-11-26,INFY__HCLTECH,2,0.0,185174.05720272835,flat
2020-11-27,INFY__HCLTECH,2,0.0,185174.05720272835,flat
2020-12-01,INFY__HCLTECH,3,0.0,185174.05720272835,flat
2020-12-02,INFY__HCLTECH,3,0.0,185174.05720272835,flat
2020-12-03,INFY__HCLTECH,3,0.0,185174.05720272835,flat
2020-12-04,INFY__HCLTECH,3,0.0,185174.05720272835,flat
2020-12-07,INFY__HCLTECH,3,0.0,185174.05720272835,flat
2020-12-08,INFY__HCLTECH,3,0.0,185174.05720272835,flat
2020-12-09,INFY__HCLTECH,3,0.0,185174.05720272835,flat
2020-12-10,INFY__HCLTECH,3,0.0,185174.05720272835,flat
2020-12-11,INFY__HCLTECH,3,0.0,185174.05720272835,flat
2020-12-14,INFY__HCLTECH,3,0.0,185174.05720272835,flat
2020-12-15,INFY__HCLTECH,3,0.0,185174.05720272835,flat
2020-12-16,INFY__HCLTECH,3,0.0,185174.05720272835,flat
2020-12-17,INFY__HCLTECH,3,0.0,185174.05720272835,flat
2020-12-18,INFY__HCLTECH,3,0.0,185174.05720272835,flat
2020-12-21,INFY__HCLTECH,3,0.0,185174.05720272835,flat
2020-12-22,INFY__HCLTECH,3,0.0,185174.05720272835,flat
2020-12-23,INFY__HCLTECH,3,0.0,185174.05720272835,flat
2020-12-24,INFY__HCLTECH,3,0.0,185174.05720272835,flat
2020-12-28,INFY__HCLTECH,3,0.0,185174.05720272835,flat
2020-12-29,INFY__HCLTECH,3,0.0,185174.05720272835,flat
2020-12-30,INFY__HCLTECH,3,0.0,185174.05720272835,flat
2020-12-31,INFY__HCLTECH,3,0.0,185174.05720272835,flat
2021-01-01,INFY__HCLTECH,3,0.0,185174.05720272835,flat
2021-01-04,INFY__HCLTECH,3,0.0,185174.05720272835,flat
2021-01-05,INFY__HCLTECH,3,0.0,185174.05720272835,flat
2021-01-06,INFY__HCLTECH,3,0.0,185174.05720272835,flat
2021-01-07,INFY__HCLTECH,3,0.0,185174.05720272835,flat
2021-01-08,INFY__HCLTECH,3,0.0,185174.05720272835,flat
2021-01-11,INFY__HCLTECH,3,0.0,185174.05720272835,flat
2021-01-12,INFY__HCLTECH,3,0.0,185174.05720272835,flat
2021-01-13,INFY__HCLTECH,3,0.0,185174.05720272835,flat
2021-01-14,INFY__HCLTECH,3,0.0,185174.05720272835,flat
2021-01-15,INFY__HCLTECH,3,0.0,185174.05720272835,flat
2021-01-18,INFY__HCLTECH,3,0.0,185174.05720272835,flat
2021-01-19,INFY__HCLTECH,3,0.0,185174.05720272835,flat
2021-01-20,INFY__HCLTECH,3,0.0,185174.05720272835,flat
2021-01-21,INFY__HCLTECH,3,0.0,185174.05720272835,flat
2021-01-22,INFY__HCLTECH,3,0.0,185174.05720272835,flat
2021-01-25,INFY__HCLTECH,3,0.0,185174.05720272835,flat
2021-01-27,INFY__HCLTECH,3,0.0,185174.05720272835,flat
2021-01-28,INFY__HCLTECH,3,0.0,185174.05720272835,flat
2021-01-29,INFY__HCLTECH,3,0.0,185174.05720272835,flat
2021-02-01,INFY__HCLTECH,3,0.0,185174.05720272835,flat
2021-02-02,INFY__HCLTECH,3,0.0,185174.05720272835,flat
2021-02-03,INFY__HCLTECH,3,0.0,185174.05720272835,flat
2021-02-04,INFY__HCLTECH,3,0.0,185174.05720272835,flat
2021-02-05,INFY__HCLTECH,3,0.0,185174.05720272835,flat
2021-02-08,INFY__HCLTECH,3,0.0,185174.05720272835,flat
2021-02-09,INFY__HCLTECH,3,0.0,185174.05720272835,flat
2021-02-10,INFY__HCLTECH,3,0.0,185174.05720272835,flat
2021-02-11,INFY__HCLTECH,3,0.0,185174.05720272835,flat
2021-02-12,INFY__HCLTECH,3,0.0,185174.05720272835,flat
2021-02-15,INFY__HCLTECH,3,0.0,185174.05720272835,flat
2021-02-16,INFY__HCLTECH,3,0.0,185174.05720272835,flat
2021-02-17,INFY__HCLTECH,3,0.0,185174.05720272835,flat
2021-02-18,INFY__HCLTECH,3,0.0,185174.05720272835,flat
2021-02-19,INFY__HCLTECH,3,0.0,185174.05720272835,flat
2021-02-22,INFY__HCLTECH,3,0.0,185174.05720272835,flat
2021-02-23,INFY__HCLTECH,3,0.0,185174.05720272835,flat
2021-02-24,INFY__HCLTECH,3,0.0,185174.05720272835,flat
2021-02-25,INFY__HCLTECH,3,0.0,185174.05720272835,flat
2021-02-26,INFY__HCLTECH,3,0.0,185174.05720272835,flat
2021-03-01,INFY__HCLTECH,3,0.0,185174.05720272835,flat
2021-03-02,INFY__HCLTECH,3,0.0,185174.05720272835,flat
2021-03-03,INFY__HCLTECH,3,0.0,185174.05720272835,flat
2021-03-04,INFY__HCLTECH,3,0.0,185174.05720272835,flat
2021-03-05,INFY__HCLTECH,3,0.0,185174.05720272835,flat
2021-03-08,INFY__HCLTECH,3,0.0,185174.05720272835,flat
2021-03-09,INFY__HCLTECH,3,0.0,185174.05720272835,flat
2021-03-10,INFY__HCLTECH,3,0.0,185174.05720272835,flat
2021-03-12,INFY__HCLTECH,3,0.0,185174.05720272835,flat
2021-03-15,INFY__HCLTECH,3,0.0,185174.05720272835,flat
2021-03-16,INFY__HCLTECH,3,0.0,185174.05720272835,flat
2021-03-17,INFY__HCLTECH,3,0.0,185174.05720272835,flat
2021-03-18,INFY__HCLTECH,3,0.0,185174.05720272835,flat
2021-03-19,INFY__HCLTECH,3,0.0,185174.05720272835,flat
2021-03-22,INFY__HCLTECH,3,0.0,185174.05720272835,flat
2021-03-23,INFY__HCLTECH,3,0.0,185174.05720272835,flat
2021-03-24,INFY__HCLTECH,3,0.0,185174.05720272835,flat
2021-03-25,INFY__HCLTECH,3,0.0,185174.05720272835,flat
2021-03-26,INFY__HCLTECH,3,0.0,185174.05720272835,flat
2021-03-30,INFY__HCLTECH,3,0.0,185174.05720272835,flat
2021-03-31,INFY__HCLTECH,3,0.0,185174.05720272835,flat
2021-04-01,INFY__HCLTECH,3,0.0,185174.05720272835,flat
2021-04-05,INFY__HCLTECH,3,0.0,185174.05720272835,flat
2021-04-06,INFY__HCLTECH,3,0.0,185174.05720272835,flat
2021-04-07,INFY__HCLTECH,3,0.0,185174.05720272835,flat
2021-04-08,INFY__HCLTECH,3,0.0,185174.05720272835,flat
2021-04-09,INFY__HCLTECH,3,0.0,185174.05720272835,flat
2021-04-12,INFY__HCLTECH,3,0.0,185174.05720272835,flat
2021-04-13,INFY__HCLTECH,3,0.0,185174.05720272835,flat
2021-04-15,INFY__HCLTECH,3,0.0,185174.05720272835,flat
2021-04-16,INFY__HCLTECH,3,0.0,185174.05720272835,flat
2021-04-19,INFY__HCLTECH,3,0.0,185174.05720272835,flat
2021-04-20,INFY__HCLTECH,3,0.0,185174.05720272835,flat
2021-04-22,INFY__HCLTECH,3,0.0,185174.05720272835,flat
2021-04-23,INFY__HCLTECH,3,0.0,185174.05720272835,flat
2021-04-26,INFY__HCLTECH,3,0.0,185174.05720272835,flat
2021-04-27,INFY__HCLTECH,3,0.0,185174.05720272835,flat
2021-04-28,INFY__HCLTECH,3,0.0,185174.05720272835,flat
2021-04-29,INFY__HCLTECH,3,0.0,185174.05720272835,flat
2021-04-30,INFY__HCLTECH,3,0.0,185174.05720272835,flat
2021-05-03,INFY__HCLTECH,3,0.0,185174.05720272835,flat
2021-05-04,INFY__HCLTECH,3,0.0,185174.05720272835,flat
2021-05-05,INFY__HCLTECH,3,0.0,185174.05720272835,flat
2021-05-06,INFY__HCLTECH,3,0.0,185174.05720272835,flat
2021-05-07,INFY__HCLTECH,3,0.0,185174.05720272835,flat
2021-05-10,INFY__HCLTECH,3,0.0,185174.05720272835,flat
2021-05-11,INFY__HCLTECH,3,0.0,185174.05720272835,flat
2021-05-12,INFY__HCLTECH,3,0.0,185174.05720272835,flat
2021-05-14,INFY__HCLTECH,3,0.0,185174.05720272835,flat
2021-05-17,INFY__HCLTECH,3,0.0,185174.05720272835,flat
2021-05-18,INFY__HCLTECH,3,0.0,185174.05720272835,flat
2021-05-19,INFY__HCLTECH,3,0.0,185174.05720272835,flat
2021-05-20,INFY__HCLTECH,3,0.0,185174.05720272835,flat
2021-05-21,INFY__HCLTECH,3,0.0,185174.05720272835,flat
2021-05-24,INFY__HCLTECH,3,0.0,185174.05720272835,flat
2021-05-25,INFY__HCLTECH,3,0.0,185174.05720272835,flat
2021-05-26,INFY__HCLTECH,3,0.0,185174.05720272835,flat
2021-05-27,INFY__HCLTECH,3,0.0,185174.05720272835,flat
2021-05-28,INFY__HCLTECH,3,0.0,185174.05720272835,flat
2021-05-31,INFY__HCLTECH,4,0.0,185174.05720272835,flat
2021-06-01,INFY__HCLTECH,4,0.0,185174.05720272835,flat
2021-06-02,INFY__HCLTECH,4,0.0,185174.05720272835,flat
2021-06-03,INFY__HCLTECH,4,0.0,185174.05720272835,flat
2021-06-04,INFY__HCLTECH,4,0.0,185174.05720272835,flat
2021-06-07,INFY__HCLTECH,4,0.0,185174.05720272835,flat
2021-06-08,INFY__HCLTECH,4,0.0,185174.05720272835,flat
2021-06-09,INFY__HCLTECH,4,0.0,185174.05720272835,flat
2021-06-10,INFY__HCLTECH,4,0.0,185174.05720272835,flat
2021-06-11,INFY__HCLTECH,4,0.0,185174.05720272835,flat
2021-06-14,INFY__HCLTECH,4,0.0,185174.05720272835,flat
2021-06-15,INFY__HCLTECH,4,0.0,185174.05720272835,flat
2021-06-16,INFY__HCLTECH,4,0.0,185174.05720272835,flat
2021-06-17,INFY__HCLTECH,4,0.0,185174.05720272835,flat
2021-06-18,INFY__HCLTECH,4,0.0,185174.05720272835,flat
2021-06-21,INFY__HCLTECH,4,0.0,185174.05720272835,flat
2021-06-22,INFY__HCLTECH,4,0.0,185174.05720272835,flat
2021-06-23,INFY__HCLTECH,4,0.0,185174.05720272835,flat
2021-06-24,INFY__HCLTECH,4,0.0,185174.05720272835,flat
2021-06-25,INFY__HCLTECH,4,0.0,185174.05720272835,flat
2021-06-28,INFY__HCLTECH,4,0.0,185174.05720272835,flat
2021-06-29,INFY__HCLTECH,4,0.0,185174.05720272835,flat
2021-06-30,INFY__HCLTECH,4,0.0,185174.05720272835,flat
2021-07-01,INFY__HCLTECH,4,0.0,185174.05720272835,flat
2021-07-02,INFY__HCLTECH,4,0.0,185174.05720272835,flat
2021-07-05,INFY__HCLTECH,4,0.0,185174.05720272835,flat
2021-07-06,INFY__HCLTECH,4,0.0,185174.05720272835,flat
2021-07-07,INFY__HCLTECH,4,0.0,185174.05720272835,flat
2021-07-08,INFY__HCLTECH,4,0.0,185174.05720272835,flat
2021-07-09,INFY__HCLTECH,4,0.0,185174.05720272835,flat
2021-07-12,INFY__HCLTECH,4,0.0,185174.05720272835,flat
2021-07-13,INFY__HCLTECH,4,0.0,185174.05720272835,flat
2021-07-14,INFY__HCLTECH,4,0.0,185174.05720272835,flat
2021-07-15,INFY__HCLTECH,4,0.0,185174.05720272835,flat
2021-07-16,INFY__HCLTECH,4,0.0,185174.05720272835,flat
2021-07-19,INFY__HCLTECH,4,0.0,185174.05720272835,flat
2021-07-20,INFY__HCLTECH,4,0.0,185174.05720272835,flat
2021-07-22,INFY__HCLTECH,4,0.0,185174.05720272835,flat
2021-07-23,INFY__HCLTECH,4,0.0,185174.05720272835,flat
2021-07-26,INFY__HCLTECH,4,0.0,185174.05720272835,flat
2021-07-27,INFY__HCLTECH,4,0.0,185174.05720272835,flat
2021-07-28,INFY__HCLTECH,4,0.0,185174.05720272835,flat
2021-07-29,INFY__HCLTECH,4,0.0,185174.05720272835,flat
2021-07-30,INFY__HCLTECH,4,0.0,185174.05720272835,flat
2021-08-02,INFY__HCLTECH,4,0.0,185174.05720272835,flat
2021-08-03,INFY__HCLTECH,4,0.0,185174.05720272835,flat
2021-08-04,INFY__HCLTECH,4,0.0,185174.05720272835,flat
2021-08-05,INFY__HCLTECH,4,0.0,185174.05720272835,flat
2021-08-06,INFY__HCLTECH,4,0.0,185174.05720272835,flat
2021-08-09,INFY__HCLTECH,4,0.0,185174.05720272835,flat
2021-08-10,INFY__HCLTECH,4,0.0,185174.05720272835,flat
2021-08-11,INFY__HCLTECH,4,0.0,185174.05720272835,flat
2021-08-12,INFY__HCLTECH,4,0.0,185174.05720272835,flat
2021-08-13,INFY__HCLTECH,4,0.0,185174.05720272835,flat
2021-08-16,INFY__HCLTECH,4,0.0,185174.05720272835,flat
2021-08-17,INFY__HCLTECH,4,0.0,185174.05720272835,flat
2021-08-18,INFY__HCLTECH,4,0.0,185174.05720272835,flat
2021-08-20,INFY__HCLTECH,4,0.0,185174.05720272835,flat
2021-08-23,INFY__HCLTECH,4,0.0,185174.05720272835,flat
2021-08-24,INFY__HCLTECH,4,0.0,185174.05720272835,flat
2021-08-25,INFY__HCLTECH,4,0.0,185174.05720272835,flat
2021-08-26,INFY__HCLTECH,4,0.0,185174.05720272835,flat
2021-08-27,INFY__HCLTECH,4,0.0,185174.05720272835,flat
2021-08-30,INFY__HCLTECH,4,0.0,185174.05720272835,flat
2021-08-31,INFY__HCLTECH,4,0.0,185174.05720272835,flat
2021-09-01,INFY__HCLTECH,4,0.0,185174.05720272835,flat
2021-09-02,INFY__HCLTECH,4,0.0,185174.05720272835,flat
2021-09-03,INFY__HCLTECH,4,0.0,185174.05720272835,flat
2021-09-06,INFY__HCLTECH,4,0.0,185174.05720272835,flat
2021-09-07,INFY__HCLTECH,4,0.0,185174.05720272835,flat
2021-09-08,INFY__HCLTECH,4,0.0,185174.05720272835,flat
2021-09-09,INFY__HCLTECH,4,0.0,185174.05720272835,flat
2021-09-13,INFY__HCLTECH,4,0.0,185174.05720272835,flat
2021-09-14,INFY__HCLTECH,4,0.0,185174.05720272835,flat
2021-09-15,INFY__HCLTECH,4,0.0,185174.05720272835,flat
2021-09-16,INFY__HCLTECH,4,0.0,185174.05720272835,flat
2021-09-17,INFY__HCLTECH,4,0.0,185174.05720272835,flat
2021-09-20,INFY__HCLTECH,4,0.0,185174.05720272835,flat
2021-09-21,INFY__HCLTECH,4,0.0,185174.05720272835,flat
2021-09-22,INFY__HCLTECH,4,0.0,185174.05720272835,flat
2021-09-23,INFY__HCLTECH,4,0.0,185174.05720272835,flat
2021-09-24,INFY__HCLTECH,4,0.0,185174.05720272835,flat
2021-09-27,INFY__HCLTECH,4,0.0,185174.05720272835,flat
2021-09-28,INFY__HCLTECH,4,0.0,185174.05720272835,flat
2021-09-29,INFY__HCLTECH,4,0.0,185174.05720272835,flat
2021-09-30,INFY__HCLTECH,4,0.0,185174.05720272835,flat
2021-10-01,INFY__HCLTECH,4,0.0,185174.05720272835,flat
2021-10-04,INFY__HCLTECH,4,0.0,185174.05720272835,flat
2021-10-05,INFY__HCLTECH,4,0.0,185174.05720272835,flat
2021-10-06,INFY__HCLTECH,4,0.0,185174.05720272835,flat
2021-10-07,INFY__HCLTECH,4,0.0,185174.05720272835,flat
2021-10-08,INFY__HCLTECH,4,0.0,185174.05720272835,flat
2021-10-11,INFY__HCLTECH,4,0.0,185174.05720272835,flat
2021-10-12,INFY__HCLTECH,4,0.0,185174.05720272835,flat
2021-10-13,INFY__HCLTECH,4,0.0,185174.05720272835,flat
2021-10-14,INFY__HCLTECH,4,0.0,185174.05720272835,flat
2021-10-18,INFY__HCLTECH,4,0.0,185174.05720272835,flat
2021-10-19,INFY__HCLTECH,4,0.0,185174.05720272835,flat
2021-10-20,INFY__HCLTECH,4,0.0,185174.05720272835,flat
2021-10-21,INFY__HCLTECH,4,0.0,185174.05720272835,flat
2021-10-22,INFY__HCLTECH,4,0.0,185174.05720272835,flat
2021-10-25,INFY__HCLTECH,4,0.0,185174.05720272835,flat
2021-10-26,INFY__HCLTECH,4,0.0,185174.05720272835,flat
2021-10-27,INFY__HCLTECH,4,0.0,185174.05720272835,flat
2021-10-28,INFY__HCLTECH,4,0.0,185174.05720272835,flat
2021-10-29,INFY__HCLTECH,4,0.0,185174.05720272835,flat
2021-11-01,INFY__HCLTECH,4,0.0,185174.05720272835,flat
2021-11-02,INFY__HCLTECH,4,0.0,185174.05720272835,flat
2021-11-03,INFY__HCLTECH,4,0.0,185174.05720272835,flat
2021-11-04,INFY__HCLTECH,4,0.0,185174.05720272835,flat
2021-11-08,INFY__HCLTECH,4,0.0,185174.05720272835,flat
2021-11-09,INFY__HCLTECH,4,0.0,185174.05720272835,flat
2021-11-10,INFY__HCLTECH,4,0.0,185174.05720272835,flat
2021-11-11,INFY__HCLTECH,4,0.0,185174.05720272835,flat
2021-11-12,INFY__HCLTECH,4,0.0,185174.05720272835,flat
2021-11-15,INFY__HCLTECH,4,0.0,185174.05720272835,flat
2021-11-16,INFY__HCLTECH,4,0.0,185174.05720272835,flat
2021-11-17,INFY__HCLTECH,4,0.0,185174.05720272835,flat
2021-11-18,INFY__HCLTECH,4,0.0,185174.05720272835,flat
2021-11-22,INFY__HCLTECH,4,0.0,185174.05720272835,flat
2021-11-23,INFY__HCLTECH,4,0.0,185174.05720272835,flat
2021-11-24,INFY__HCLTECH,4,0.0,185174.05720272835,flat
2021-11-25,INFY__HCLTECH,4,0.0,185174.05720272835,flat
2021-11-26,INFY__HCLTECH,4,0.0,185174.05720272835,flat
2021-11-29,INFY__HCLTECH,4,0.0,185174.05720272835,flat
2021-11-30,INFY__HCLTECH,5,0.0,185174.05720272835,flat
2021-12-01,INFY__HCLTECH,5,0.0,185174.05720272835,flat
2021-12-02,INFY__HCLTECH,5,0.0,185174.05720272835,flat
2021-12-03,INFY__HCLTECH,5,0.0,185174.05720272835,flat
2021-12-06,INFY__HCLTECH,5,0.0,185174.05720272835,flat
2021-12-07,INFY__HCLTECH,5,0.0,185174.05720272835,flat
2021-12-08,INFY__HCLTECH,5,0.0,185174.05720272835,flat
2021-12-09,INFY__HCLTECH,5,0.0,185174.05720272835,flat
2021-12-10,INFY__HCLTECH,5,0.0,185174.05720272835,flat
2021-12-13,INFY__HCLTECH,5,0.0,185174.05720272835,flat
2021-12-14,INFY__HCLTECH,5,0.0,185174.05720272835,flat
2021-12-15,INFY__HCLTECH,5,0.0,185174.05720272835,flat
2021-12-16,INFY__HCLTECH,5,0.0,185174.05720272835,flat
2021-12-17,INFY__HCLTECH,5,0.0,185174.05720272835,flat
2021-12-20,INFY__HCLTECH,5,0.0,185174.05720272835,flat
2021-12-21,INFY__HCLTECH,5,0.0,185174.05720272835,flat
2021-12-22,INFY__HCLTECH,5,0.0,185174.05720272835,flat
2021-12-23,INFY__HCLTECH,5,0.0,185174.05720272835,flat
2021-12-24,INFY__HCLTECH,5,0.0,185174.05720272835,flat
2021-12-27,INFY__HCLTECH,5,0.0,185174.05720272835,flat
2021-12-28,INFY__HCLTECH,5,0.0,185174.05720272835,flat
2021-12-29,INFY__HCLTECH,5,0.0,185174.05720272835,flat
2021-12-30,INFY__HCLTECH,5,0.0,185174.05720272835,flat
2021-12-31,INFY__HCLTECH,5,0.0,185174.05720272835,flat
2022-01-03,INFY__HCLTECH,5,0.0,185174.05720272835,flat
2022-01-04,INFY__HCLTECH,5,0.0,185174.05720272835,flat
2022-01-05,INFY__HCLTECH,5,0.0,185174.05720272835,flat
2022-01-06,INFY__HCLTECH,5,0.0,185174.05720272835,flat
2022-01-07,INFY__HCLTECH,5,0.0,185174.05720272835,flat
2022-01-10,INFY__HCLTECH,5,0.0,185174.05720272835,flat
2022-01-11,INFY__HCLTECH,5,0.0,185174.05720272835,flat
2022-01-12,INFY__HCLTECH,5,0.0,185174.05720272835,flat
2022-01-13,INFY__HCLTECH,5,0.0,185174.05720272835,flat
2022-01-14,INFY__HCLTECH,5,0.0,185174.05720272835,flat
2022-01-17,INFY__HCLTECH,5,0.0,185174.05720272835,flat
2022-01-18,INFY__HCLTECH,5,0.0,185174.05720272835,flat
2022-01-19,INFY__HCLTECH,5,0.0,185174.05720272835,flat
2022-01-20,INFY__HCLTECH,5,0.0,185174.05720272835,flat
2022-01-21,INFY__HCLTECH,5,0.0,185174.05720272835,flat
2022-01-24,INFY__HCLTECH,5,0.0,185174.05720272835,flat
2022-01-25,INFY__HCLTECH,5,0.0,185174.05720272835,flat
2022-01-27,INFY__HCLTECH,5,0.0,185174.05720272835,flat
2022-01-28,INFY__HCLTECH,5,0.0,185174.05720272835,flat
2022-01-31,INFY__HCLTECH,5,0.0,185174.05720272835,flat
2022-02-01,INFY__HCLTECH,5,0.0,185174.05720272835,flat
2022-02-02,INFY__HCLTECH,5,0.0,185174.05720272835,flat
2022-02-03,INFY__HCLTECH,5,0.0,185174.05720272835,flat
2022-02-04,INFY__HCLTECH,5,0.0,185174.05720272835,flat
2022-02-07,INFY__HCLTECH,5,0.0,185174.05720272835,flat
2022-02-08,INFY__HCLTECH,5,0.0,185174.05720272835,flat
2022-02-09,INFY__HCLTECH,5,0.0,185174.05720272835,flat
2022-02-10,INFY__HCLTECH,5,0.0,185174.05720272835,flat
2022-02-11,INFY__HCLTECH,5,0.0,185174.05720272835,flat
2022-02-14,INFY__HCLTECH,5,0.0,185174.05720272835,flat
2022-02-15,INFY__HCLTECH,5,0.0,185174.05720272835,flat
2022-02-16,INFY__HCLTECH,5,0.0,185174.05720272835,flat
2022-02-17,INFY__HCLTECH,5,0.0,185174.05720272835,flat
2022-02-18,INFY__HCLTECH,5,0.0,185174.05720272835,flat
2022-02-21,INFY__HCLTECH,5,0.0,185174.05720272835,flat
2022-02-22,INFY__HCLTECH,5,0.0,185174.05720272835,flat
2022-02-23,INFY__HCLTECH,5,0.0,185174.05720272835,flat
2022-02-24,INFY__HCLTECH,5,0.0,185174.05720272835,flat
2022-02-25,INFY__HCLTECH,5,0.0,185174.05720272835,flat
2022-02-28,INFY__HCLTECH,5,0.0,185174.05720272835,flat
2022-03-02,INFY__HCLTECH,5,0.0,185174.05720272835,flat
2022-03-03,INFY__HCLTECH,5,0.0,185174.05720272835,flat
2022-03-04,INFY__HCLTECH,5,0.0,185174.05720272835,flat
2022-03-07,INFY__HCLTECH,5,0.0,185174.05720272835,flat
2022-03-08,INFY__HCLTECH,5,0.0,185174.05720272835,flat
2022-03-09,INFY__HCLTECH,5,0.0,185174.05720272835,flat
2022-03-10,INFY__HCLTECH,5,0.0,185174.05720272835,flat
2022-03-11,INFY__HCLTECH,5,0.0,185174.05720272835,flat
2022-03-14,INFY__HCLTECH,5,0.0,185174.05720272835,flat
2022-03-15,INFY__HCLTECH,5,0.0,185174.05720272835,flat
2022-03-16,INFY__HCLTECH,5,0.0,185174.05720272835,flat
2022-03-17,INFY__HCLTECH,5,0.0,185174.05720272835,flat
2022-03-21,INFY__HCLTECH,5,0.0,185174.05720272835,flat
2022-03-22,INFY__HCLTECH,5,0.0,185174.05720272835,flat
2022-03-23,INFY__HCLTECH,5,0.0,185174.05720272835,flat
2022-03-24,INFY__HCLTECH,5,0.0,185174.05720272835,flat
2022-03-25,INFY__HCLTECH,5,0.0,185174.05720272835,flat
2022-03-28,INFY__HCLTECH,5,0.0,185174.05720272835,flat
2022-03-29,INFY__HCLTECH,5,0.0,185174.05720272835,flat
2022-03-30,INFY__HCLTECH,5,0.0,185174.05720272835,flat
2022-03-31,INFY__HCLTECH,5,0.0,185174.05720272835,flat
2022-04-01,INFY__HCLTECH,5,0.0,185174.05720272835,flat
2022-04-04,INFY__HCLTECH,5,0.0,185174.05720272835,flat
2022-04-05,INFY__HCLTECH,5,0.0,185174.05720272835,flat
2022-04-06,INFY__HCLTECH,5,0.0,185174.05720272835,flat
2022-04-07,INFY__HCLTECH,5,0.0,185174.05720272835,flat
2022-04-08,INFY__HCLTECH,5,0.0,185174.05720272835,flat
2022-04-11,INFY__HCLTECH,5,0.0,185174.05720272835,flat
2022-04-12,INFY__HCLTECH,5,0.0,185174.05720272835,flat
2022-04-13,INFY__HCLTECH,5,0.0,185174.05720272835,flat
2022-04-18,INFY__HCLTECH,5,0.0,185174.05720272835,flat
2022-04-19,INFY__HCLTECH,5,0.0,185174.05720272835,flat
2022-04-20,INFY__HCLTECH,5,0.0,185174.05720272835,flat
2022-04-21,INFY__HCLTECH,5,0.0,185174.05720272835,flat
2022-04-22,INFY__HCLTECH,5,0.0,185174.05720272835,flat
2022-04-25,INFY__HCLTECH,5,0.0,185174.05720272835,flat
2022-04-26,INFY__HCLTECH,5,0.0,185174.05720272835,flat
2022-04-27,INFY__HCLTECH,5,0.0,185174.05720272835,flat
2022-04-28,INFY__HCLTECH,5,0.0,185174.05720272835,flat
2022-04-29,INFY__HCLTECH,5,0.0,185174.05720272835,flat
2022-05-02,INFY__HCLTECH,5,0.0,185174.05720272835,flat
2022-05-04,INFY__HCLTECH,5,0.0,185174.05720272835,flat
2022-05-05,INFY__HCLTECH,5,0.0,185174.05720272835,flat
2022-05-06,INFY__HCLTECH,5,0.0,185174.05720272835,flat
2022-05-09,INFY__HCLTECH,5,0.0,185174.05720272835,flat
2022-05-10,INFY__HCLTECH,5,0.0,185174.05720272835,flat
2022-05-11,INFY__HCLTECH,5,0.0,185174.05720272835,flat
2022-05-12,INFY__HCLTECH,5,0.0,185174.05720272835,flat
2022-05-13,INFY__HCLTECH,5,0.0,185174.05720272835,flat
2022-05-16,INFY__HCLTECH,5,0.0,185174.05720272835,flat
2022-05-17,INFY__HCLTECH,5,0.0,185174.05720272835,flat
2022-05-18,INFY__HCLTECH,5,0.0,185174.05720272835,flat
2022-05-19,INFY__HCLTECH,5,0.0,185174.05720272835,flat
2022-05-20,INFY__HCLTECH,5,0.0,185174.05720272835,flat
2022-05-23,INFY__HCLTECH,5,0.0,185174.05720272835,flat
2022-05-24,INFY__HCLTECH,5,0.0,185174.05720272835,flat
2022-05-25,INFY__HCLTECH,5,0.0,185174.05720272835,flat
2022-05-26,INFY__HCLTECH,5,0.0,185174.05720272835,flat
2022-05-27,INFY__HCLTECH,5,0.0,185174.05720272835,flat
2022-05-30,INFY__HCLTECH,6,0.0,185174.05720272835,flat
2022-05-31,INFY__HCLTECH,6,0.0,185174.05720272835,flat
2022-06-01,INFY__HCLTECH,6,0.0,185174.05720272835,flat
2022-06-02,INFY__HCLTECH,6,0.0,185174.05720272835,flat
2022-06-03,INFY__HCLTECH,6,0.0,185174.05720272835,flat
2022-06-06,INFY__HCLTECH,6,0.0,185174.05720272835,flat
2022-06-07,INFY__HCLTECH,6,0.0,185174.05720272835,flat
2022-06-08,INFY__HCLTECH,6,0.0,185174.05720272835,flat
2022-06-09,INFY__HCLTECH,6,0.0,185174.05720272835,flat
2022-06-10,INFY__HCLTECH,6,0.0,185174.05720272835,flat
2022-06-13,INFY__HCLTECH,6,0.0,185174.05720272835,flat
2022-06-14,INFY__HCLTECH,6,0.0,185174.05720272835,flat
2022-06-15,INFY__HCLTECH,6,0.0,185174.05720272835,flat
2022-06-16,INFY__HCLTECH,6,0.0,185174.05720272835,flat
2022-06-17,INFY__HCLTECH,6,0.0,185174.05720272835,flat
2022-06-20,INFY__HCLTECH,6,0.0,185174.05720272835,flat
2022-06-21,INFY__HCLTECH,6,0.0,185174.05720272835,flat
2022-06-22,INFY__HCLTECH,6,0.0,185174.05720272835,flat
2022-06-23,INFY__HCLTECH,6,0.0,185174.05720272835,flat
2022-06-24,INFY__HCLTECH,6,0.0,185174.05720272835,flat
2022-06-27,INFY__HCLTECH,6,0.0,185174.05720272835,flat
2022-06-28,INFY__HCLTECH,6,0.0,185174.05720272835,flat
2022-06-29,INFY__HCLTECH,6,0.0,185174.05720272835,flat
2022-06-30,INFY__HCLTECH,6,0.0,185174.05720272835,flat
2022-07-01,INFY__HCLTECH,6,0.0,185174.05720272835,flat
2022-07-04,INFY__HCLTECH,6,0.0,185174.05720272835,flat
2022-07-05,INFY__HCLTECH,6,0.0,185174.05720272835,flat
2022-07-06,INFY__HCLTECH,6,0.0,185174.05720272835,flat
2022-07-07,INFY__HCLTECH,6,0.0,185174.05720272835,flat
2022-07-08,INFY__HCLTECH,6,0.0,185174.05720272835,flat
2022-07-11,INFY__HCLTECH,6,0.0,185174.05720272835,flat
2022-07-12,INFY__HCLTECH,6,0.0,185174.05720272835,flat
2022-07-13,INFY__HCLTECH,6,0.0,185174.05720272835,flat
2022-07-14,INFY__HCLTECH,6,0.0,185174.05720272835,flat
2022-07-15,INFY__HCLTECH,6,0.0,185174.05720272835,flat
2022-07-18,INFY__HCLTECH,6,0.0,185174.05720272835,flat
2022-07-19,INFY__HCLTECH,6,0.0,185174.05720272835,flat
2022-07-20,INFY__HCLTECH,6,0.0,185174.05720272835,flat
2022-07-21,INFY__HCLTECH,6,0.0,185174.05720272835,flat
2022-07-22,INFY__HCLTECH,6,0.0,185174.05720272835,flat
2022-07-25,INFY__HCLTECH,6,0.0,185174.05720272835,flat
2022-07-26,INFY__HCLTECH,6,0.0,185174.05720272835,flat
2022-07-27,INFY__HCLTECH,6,0.0,185174.05720272835,flat
2022-07-28,INFY__HCLTECH,6,0.0,185174.05720272835,flat
2022-07-29,INFY__HCLTECH,6,0.0,185174.05720272835,flat
2022-08-01,INFY__HCLTECH,6,0.0,185174.05720272835,flat
2022-08-02,INFY__HCLTECH,6,0.0,185174.05720272835,flat
2022-08-03,INFY__HCLTECH,6,0.0,185174.05720272835,flat
2022-08-04,INFY__HCLTECH,6,0.0,185174.05720272835,flat
2022-08-05,INFY__HCLTECH,6,0.0,185174.05720272835,flat
2022-08-08,INFY__HCLTECH,6,0.0,185174.05720272835,flat
2022-08-10,INFY__HCLTECH,6,0.0,185174.05720272835,flat
2022-08-11,INFY__HCLTECH,6,0.0,185174.05720272835,flat
2022-08-12,INFY__HCLTECH,6,0.0,185174.05720272835,flat
2022-08-16,INFY__HCLTECH,6,0.0,185174.05720272835,flat
2022-08-17,INFY__HCLTECH,6,0.0,185174.05720272835,flat
2022-08-18,INFY__HCLTECH,6,0.0,185174.05720272835,flat
2022-08-19,INFY__HCLTECH,6,0.0,185174.05720272835,flat
2022-08-22,INFY__HCLTECH,6,0.0,185174.05720272835,flat
2022-08-23,INFY__HCLTECH,6,0.0,185174.05720272835,flat
2022-08-24,INFY__HCLTECH,6,0.0,185174.05720272835,flat
2022-08-25,INFY__HCLTECH,6,0.0,185174.05720272835,flat
2022-08-26,INFY__HCLTECH,6,0.0,185174.05720272835,flat
2022-08-29,INFY__HCLTECH,6,0.0,185174.05720272835,flat
2022-08-30,INFY__HCLTECH,6,0.0,185174.05720272835,flat
2022-09-01,INFY__HCLTECH,6,0.0,185174.05720272835,flat
2022-09-02,INFY__HCLTECH,6,0.0,185174.05720272835,flat
2022-09-05,INFY__HCLTECH,6,0.0,185174.05720272835,flat
2022-09-06,INFY__HCLTECH,6,0.0,185174.05720272835,flat
2022-09-07,INFY__HCLTECH,6,0.0,185174.05720272835,flat
2022-09-08,INFY__HCLTECH,6,0.0,185174.05720272835,flat
2022-09-09,INFY__HCLTECH,6,0.0,185174.05720272835,flat
2022-09-12,INFY__HCLTECH,6,0.0,185174.05720272835,flat
2022-09-13,INFY__HCLTECH,6,0.0,185174.05720272835,flat
2022-09-14,INFY__HCLTECH,6,0.0,185174.05720272835,flat
2022-09-15,INFY__HCLTECH,6,0.0,185174.05720272835,flat
2022-09-16,INFY__HCLTECH,6,0.0,185174.05720272835,flat
2022-09-19,INFY__HCLTECH,6,0.0,185174.05720272835,flat
2022-09-20,INFY__HCLTECH,6,0.0,185174.05720272835,flat
2022-09-21,INFY__HCLTECH,6,0.0,185174.05720272835,flat
2022-09-22,INFY__HCLTECH,6,0.0,185174.05720272835,flat
2022-09-23,INFY__HCLTECH,6,0.0,185174.05720272835,flat
2022-09-26,INFY__HCLTECH,6,0.0,185174.05720272835,flat
2022-09-27,INFY__HCLTECH,6,0.0,185174.05720272835,flat
2022-09-28,INFY__HCLTECH,6,0.0,185174.05720272835,flat
2022-09-29,INFY__HCLTECH,6,0.0,185174.05720272835,flat
2022-09-30,INFY__HCLTECH,6,0.0,185174.05720272835,flat
2022-10-03,INFY__HCLTECH,6,0.0,185174.05720272835,flat
2022-10-04,INFY__HCLTECH,6,0.0,185174.05720272835,flat
2022-10-06,INFY__HCLTECH,6,0.0,185174.05720272835,flat
2022-10-07,INFY__HCLTECH,6,0.0,185174.05720272835,flat
2022-10-10,INFY__HCLTECH,6,0.0,185174.05720272835,flat
2022-10-11,INFY__HCLTECH,6,0.0,185174.05720272835,flat
2022-10-12,INFY__HCLTECH,6,0.0,185174.05720272835,flat
2022-10-13,INFY__HCLTECH,6,0.0,185174.05720272835,flat
2022-10-14,INFY__HCLTECH,6,0.0,185174.05720272835,flat
2022-10-17,INFY__HCLTECH,6,0.0,185174.05720272835,flat
2022-10-18,INFY__HCLTECH,6,0.0,185174.05720272835,flat
2022-10-19,INFY__HCLTECH,6,0.0,185174.05720272835,flat
2022-10-20,INFY__HCLTECH,6,0.0,185174.05720272835,flat
2022-10-21,INFY__HCLTECH,6,0.0,185174.05720272835,flat
2022-10-24,INFY__HCLTECH,6,0.0,185174.05720272835,flat
2022-10-25,INFY__HCLTECH,6,0.0,185174.05720272835,flat
2022-10-27,INFY__HCLTECH,6,0.0,185174.05720272835,flat
2022-10-28,INFY__HCLTECH,6,0.0,185174.05720272835,flat
2022-10-31,INFY__HCLTECH,6,0.0,185174.05720272835,flat
2022-11-01,INFY__HCLTECH,6,0.0,185174.05720272835,flat
2022-11-02,INFY__HCLTECH,6,0.0,185174.05720272835,flat
2022-11-03,INFY__HCLTECH,6,0.0,185174.05720272835,flat
2022-11-04,INFY__HCLTECH,6,0.0,185174.05720272835,flat
2022-11-07,INFY__HCLTECH,6,0.0,185174.05720272835,flat
2022-11-09,INFY__HCLTECH,6,0.0,185174.05720272835,flat
2022-11-10,INFY__HCLTECH,6,0.0,185174.05720272835,flat
2022-11-11,INFY__HCLTECH,6,0.0,185174.05720272835,flat
2022-11-14,INFY__HCLTECH,6,0.0,185174.05720272835,flat
2022-11-15,INFY__HCLTECH,6,0.0,185174.05720272835,flat
2022-11-16,INFY__HCLTECH,6,0.0,185174.05720272835,flat
2022-11-17,INFY__HCLTECH,6,0.0,185174.05720272835,flat
2022-11-18,INFY__HCLTECH,6,0.0,185174.05720272835,flat
2022-11-21,INFY__HCLTECH,6,0.0,185174.05720272835,flat
2022-11-22,INFY__HCLTECH,6,0.0,185174.05720272835,flat
2022-11-23,INFY__HCLTECH,6,0.0,185174.05720272835,flat
2022-11-24,INFY__HCLTECH,6,0.0,185174.05720272835,flat
2022-11-25,INFY__HCLTECH,6,0.0,185174.05720272835,flat
2022-11-28,INFY__HCLTECH,6,0.0,185174.05720272835,flat
2022-11-29,INFY__HCLTECH,6,0.0,185174.05720272835,flat
2022-11-30,INFY__HCLTECH,7,0.0,185174.05720272835,flat
2022-12-01,INFY__HCLTECH,7,0.0,185174.05720272835,flat
2022-12-02,INFY__HCLTECH,7,0.0,185174.05720272835,flat
2022-12-05,INFY__HCLTECH,7,0.0,185174.05720272835,flat
2022-12-06,INFY__HCLTECH,7,0.0,185174.05720272835,flat
2022-12-07,INFY__HCLTECH,7,0.0,185174.05720272835,flat
2022-12-08,INFY__HCLTECH,7,-900.0059333096015,184274.05126941873,entry
2022-12-09,INFY__HCLTECH,7,-2739.7685721452267,181534.2826972735,hold
2022-12-12,INFY__HCLTECH,7,1305.7625953820536,182840.04529265556,hold
2022-12-13,INFY__HCLTECH,7,-199.71705463397018,182640.32823802158,hold
2022-12-14,INFY__HCLTECH,7,441.9040153039188,183082.2322533255,hold
2022-12-15,INFY__HCLTECH,7,1140.2981216957503,184222.53037502125,hold
2022-12-16,INFY__HCLTECH,7,56.59308884043236,184279.12346386167,hold
2022-12-19,INFY__HCLTECH,7,1099.1687882197132,185378.2922520814,hold
2022-12-20,INFY__HCLTECH,7,-285.7253684316236,185092.56688364976,hold
2022-12-21,INFY__HCLTECH,7,-950.783220112021,184141.78366353773,exit
2022-12-22,INFY__HCLTECH,7,0.0,184141.78366353773,flat
2022-12-23,INFY__HCLTECH,7,0.0,184141.78366353773,flat
2022-12-26,INFY__HCLTECH,7,0.0,184141.78366353773,flat
2022-12-27,INFY__HCLTECH,7,0.0,184141.78366353773,flat
2022-12-28,INFY__HCLTECH,7,0.0,184141.78366353773,flat
2022-12-29,INFY__HCLTECH,7,0.0,184141.78366353773,flat
2022-12-30,INFY__HCLTECH,7,0.0,184141.78366353773,flat
2023-01-02,INFY__HCLTECH,7,0.0,184141.78366353773,flat
2023-01-03,INFY__HCLTECH,7,0.0,184141.78366353773,flat
2023-01-04,INFY__HCLTECH,7,0.0,184141.78366353773,flat
2023-01-05,INFY__HCLTECH,7,0.0,184141.78366353773,flat
2023-01-06,INFY__HCLTECH,7,0.0,184141.78366353773,flat
2023-01-09,INFY__HCLTECH,7,0.0,184141.78366353773,flat
2023-01-10,INFY__HCLTECH,7,0.0,184141.78366353773,flat
2023-01-11,INFY__HCLTECH,7,0.0,184141.78366353773,flat
2023-01-12,INFY__HCLTECH,7,0.0,184141.78366353773,flat
2023-01-13,INFY__HCLTECH,7,0.0,184141.78366353773,flat
2023-01-16,INFY__HCLTECH,7,0.0,184141.78366353773,flat
2023-01-17,INFY__HCLTECH,7,0.0,184141.78366353773,flat
2023-01-18,INFY__HCLTECH,7,0.0,184141.78366353773,flat
2023-01-19,INFY__HCLTECH,7,0.0,184141.78366353773,flat
2023-01-20,INFY__HCLTECH,7,0.0,184141.78366353773,flat
2023-01-23,INFY__HCLTECH,7,0.0,184141.78366353773,flat
2023-01-24,INFY__HCLTECH,7,0.0,184141.78366353773,flat
2023-01-25,INFY__HCLTECH,7,0.0,184141.78366353773,flat
2023-01-27,INFY__HCLTECH,7,0.0,184141.78366353773,flat
2023-01-30,INFY__HCLTECH,7,0.0,184141.78366353773,flat
2023-01-31,INFY__HCLTECH,7,0.0,184141.78366353773,flat
2023-02-01,INFY__HCLTECH,7,0.0,184141.78366353773,flat
2023-02-02,INFY__HCLTECH,7,-1044.8359678928557,183096.94769564486,entry
2023-02-03,INFY__HCLTECH,7,-1125.8254383494757,181971.12225729538,hold
2023-02-06,INFY__HCLTECH,7,1603.8394522019478,183574.96170949732,hold
2023-02-07,INFY__HCLTECH,7,-769.2155586205051,182805.7461508768,hold
2023-02-08,INFY__HCLTECH,7,-471.53436300032104,182334.21178787647,hold
2023-02-09,INFY__HCLTECH,7,-1412.094836586312,180922.11695129017,hold
2023-02-10,INFY__HCLTECH,7,-1599.8161745839577,179322.30077670622,hold
2023-02-13,INFY__HCLTECH,7,2102.916548393354,181425.21732509957,hold
2023-02-14,INFY__HCLTECH,7,-630.4060908604453,180794.8112342391,hold
2023-02-15,INFY__HCLTECH,7,265.99036466582834,181060.80159890495,hold
2023-02-16,INFY__HCLTECH,7,-602.9961014354132,180457.80549746953,hold
2023-02-17,INFY__HCLTECH,7,-256.145869481753,180201.65962798777,hold
2023-02-20,INFY__HCLTECH,7,-92.21214072534029,180109.44748726243,hold
2023-02-21,INFY__HCLTECH,7,3.013180831290633,180112.46066809373,hold
2023-02-22,INFY__HCLTECH,7,128.5457660062607,180241.00643409998,hold
2023-02-23,INFY__HCLTECH,7,718.997243846327,180960.0036779463,hold
2023-02-24,INFY__HCLTECH,7,17.189502996566816,180977.19318094288,hold
2023-02-27,INFY__HCLTECH,7,1565.951842913902,182543.14502385678,hold
2023-02-28,INFY__HCLTECH,7,773.9804418744649,183317.12546573125,hold
2023-03-01,INFY__HCLTECH,7,1077.4877856779751,184394.61325140923,hold
2023-03-02,INFY__HCLTECH,7,1643.3413923774615,186037.95464378668,hold
2023-03-03,INFY__HCLTECH,7,454.46294644959335,186492.41759023626,hold
2023-03-06,INFY__HCLTECH,7,-1078.4433197172068,185413.97427051904,hold
2023-03-08,INFY__HCLTECH,7,402.3475292634396,185816.32179978248,hold
2023-03-09,INFY__HCLTECH,7,402.487789156143,186218.80958893863,hold
2023-03-10,INFY__HCLTECH,7,453.65264212997647,186672.4622310686,hold
2023-03-13,INFY__HCLTECH,7,838.0481959746896,187510.5104270433,hold
2023-03-14,INFY__HCLTECH,7,-145.56700370558647,187364.9434233377,hold
2023-03-15,INFY__HCLTECH,7,-292.04971252274186,187072.89371081497,hold
2023-03-16,INFY__HCLTECH,7,367.9521797008861,187440.84589051586,hold
2023-03-17,INFY__HCLTECH,7,1464.4510229692678,188905.29691348513,hold
2023-03-20,INFY__HCLTECH,7,-240.2063647929066,188665.0905486922,hold
2023-03-21,INFY__HCLTECH,7,242.69583338239295,188907.7863820746,hold
2023-03-22,INFY__HCLTECH,7,-99.75141540695415,188808.03496666765,hold
2023-03-23,INFY__HCLTECH,7,-234.24676357823202,188573.7882030894,hold
2023-03-24,INFY__HCLTECH,7,-1304.3673984441975,187269.42080464523,hold
2023-03-27,INFY__HCLTECH,7,-498.0843439907792,186771.33646065445,hold
2023-03-28,INFY__HCLTECH,7,-77.34251028735869,186693.9939503671,hold
2023-03-29,INFY__HCLTECH,7,1415.4548286132813,188109.44877898038,hold
2023-03-31,INFY__HCLTECH,7,-1314.536187687286,186794.9125912931,hold
2023-04-03,INFY__HCLTECH,7,834.1904114635917,187629.1030027567,stop_out
2023-04-05,INFY__HCLTECH,7,0.0,187629.1030027567,flat
2023-04-06,INFY__HCLTECH,7,0.0,187629.1030027567,flat
2023-04-10,INFY__HCLTECH,7,0.0,187629.1030027567,flat
2023-04-11,INFY__HCLTECH,7,0.0,187629.1030027567,flat
2023-04-12,INFY__HCLTECH,7,0.0,187629.1030027567,flat
2023-04-13,INFY__HCLTECH,7,0.0,187629.1030027567,flat
2023-04-17,INFY__HCLTECH,7,0.0,187629.1030027567,flat
2023-04-18,INFY__HCLTECH,7,0.0,187629.1030027567,flat
2023-04-19,INFY__HCLTECH,7,0.0,187629.1030027567,flat
2023-04-20,INFY__HCLTECH,7,0.0,187629.1030027567,flat
2023-04-21,INFY__HCLTECH,7,0.0,187629.1030027567,flat
2023-04-24,INFY__HCLTECH,7,0.0,187629.1030027567,flat
2023-04-25,INFY__HCLTECH,7,0.0,187629.1030027567,flat
2023-04-26,INFY__HCLTECH,7,0.0,187629.1030027567,flat
2023-04-27,INFY__HCLTECH,7,0.0,187629.1030027567,flat
2023-04-28,INFY__HCLTECH,7,0.0,187629.1030027567,flat
2023-05-02,INFY__HCLTECH,7,0.0,187629.1030027567,flat
2023-05-03,INFY__HCLTECH,7,0.0,187629.1030027567,flat
2023-05-04,INFY__HCLTECH,7,0.0,187629.1030027567,flat
2023-05-05,INFY__HCLTECH,7,0.0,187629.1030027567,flat
2023-05-08,INFY__HCLTECH,7,0.0,187629.1030027567,flat
2023-05-09,INFY__HCLTECH,7,0.0,187629.1030027567,flat
2023-05-10,INFY__HCLTECH,7,0.0,187629.1030027567,flat
2023-05-11,INFY__HCLTECH,7,0.0,187629.1030027567,flat
2023-05-12,INFY__HCLTECH,7,0.0,187629.1030027567,flat
2023-05-15,INFY__HCLTECH,7,0.0,187629.1030027567,flat
2023-05-16,INFY__HCLTECH,7,0.0,187629.1030027567,flat
2023-05-17,INFY__HCLTECH,7,0.0,187629.1030027567,flat
2023-05-18,INFY__HCLTECH,7,0.0,187629.1030027567,flat
2023-05-19,INFY__HCLTECH,7,0.0,187629.1030027567,flat
2023-05-22,INFY__HCLTECH,7,0.0,187629.1030027567,flat
2023-05-23,INFY__HCLTECH,7,0.0,187629.1030027567,flat
2023-05-24,INFY__HCLTECH,7,0.0,187629.1030027567,flat
2023-05-25,INFY__HCLTECH,7,0.0,187629.1030027567,flat
2023-05-26,INFY__HCLTECH,7,0.0,187629.1030027567,flat
2023-05-29,INFY__HCLTECH,7,0.0,187629.1030027567,flat
2023-05-30,INFY__HCLTECH,8,0.0,187629.1030027567,flat
2023-05-31,INFY__HCLTECH,8,0.0,187629.1030027567,flat
2023-06-01,INFY__HCLTECH,8,0.0,187629.1030027567,flat
2023-06-02,INFY__HCLTECH,8,0.0,187629.1030027567,flat
2023-06-05,INFY__HCLTECH,8,0.0,187629.1030027567,flat
2023-06-06,INFY__HCLTECH,8,0.0,187629.1030027567,flat
2023-06-07,INFY__HCLTECH,8,0.0,187629.1030027567,flat
2023-06-08,INFY__HCLTECH,8,0.0,187629.1030027567,flat
2023-06-09,INFY__HCLTECH,8,0.0,187629.1030027567,flat
2023-06-12,INFY__HCLTECH,8,0.0,187629.1030027567,flat
2023-06-13,INFY__HCLTECH,8,0.0,187629.1030027567,flat
2023-06-14,INFY__HCLTECH,8,0.0,187629.1030027567,flat
2023-06-15,INFY__HCLTECH,8,0.0,187629.1030027567,flat
2023-06-16,INFY__HCLTECH,8,0.0,187629.1030027567,flat
2023-06-19,INFY__HCLTECH,8,0.0,187629.1030027567,flat
2023-06-20,INFY__HCLTECH,8,0.0,187629.1030027567,flat
2023-06-21,INFY__HCLTECH,8,0.0,187629.1030027567,flat
2023-06-22,INFY__HCLTECH,8,0.0,187629.1030027567,flat
2023-06-23,INFY__HCLTECH,8,0.0,187629.1030027567,flat
2023-06-26,INFY__HCLTECH,8,0.0,187629.1030027567,flat
2023-06-27,INFY__HCLTECH,8,0.0,187629.1030027567,flat
2023-06-28,INFY__HCLTECH,8,0.0,187629.1030027567,flat
2023-06-30,INFY__HCLTECH,8,0.0,187629.1030027567,flat
2023-07-03,INFY__HCLTECH,8,0.0,187629.1030027567,flat
2023-07-04,INFY__HCLTECH,8,0.0,187629.1030027567,flat
2023-07-05,INFY__HCLTECH,8,0.0,187629.1030027567,flat
2023-07-06,INFY__HCLTECH,8,0.0,187629.1030027567,flat
2023-07-07,INFY__HCLTECH,8,0.0,187629.1030027567,flat
2023-07-10,INFY__HCLTECH,8,0.0,187629.1030027567,flat
2023-07-11,INFY__HCLTECH,8,0.0,187629.1030027567,flat
2023-07-12,INFY__HCLTECH,8,0.0,187629.1030027567,flat
2023-07-13,INFY__HCLTECH,8,0.0,187629.1030027567,flat
2023-07-14,INFY__HCLTECH,8,0.0,187629.1030027567,flat
2023-07-17,INFY__HCLTECH,8,0.0,187629.1030027567,flat
2023-07-18,INFY__HCLTECH,8,0.0,187629.1030027567,flat
2023-07-19,INFY__HCLTECH,8,0.0,187629.1030027567,flat
2023-07-20,INFY__HCLTECH,8,0.0,187629.1030027567,flat
2023-07-21,INFY__HCLTECH,8,0.0,187629.1030027567,flat
2023-07-24,INFY__HCLTECH,8,0.0,187629.1030027567,flat
2023-07-25,INFY__HCLTECH,8,0.0,187629.1030027567,flat
2023-07-26,INFY__HCLTECH,8,0.0,187629.1030027567,flat
2023-07-27,INFY__HCLTECH,8,0.0,187629.1030027567,flat
2023-07-28,INFY__HCLTECH,8,0.0,187629.1030027567,flat
2023-07-31,INFY__HCLTECH,8,0.0,187629.1030027567,flat
2023-08-01,INFY__HCLTECH,8,0.0,187629.1030027567,flat
2023-08-02,INFY__HCLTECH,8,0.0,187629.1030027567,flat
2023-08-03,INFY__HCLTECH,8,0.0,187629.1030027567,flat
2023-08-04,INFY__HCLTECH,8,0.0,187629.1030027567,flat
2023-08-07,INFY__HCLTECH,8,0.0,187629.1030027567,flat
2023-08-08,INFY__HCLTECH,8,0.0,187629.1030027567,flat
2023-08-09,INFY__HCLTECH,8,0.0,187629.1030027567,flat
2023-08-10,INFY__HCLTECH,8,0.0,187629.1030027567,flat
2023-08-11,INFY__HCLTECH,8,0.0,187629.1030027567,flat
2023-08-14,INFY__HCLTECH,8,0.0,187629.1030027567,flat
2023-08-16,INFY__HCLTECH,8,0.0,187629.1030027567,flat
2023-08-17,INFY__HCLTECH,8,0.0,187629.1030027567,flat
2023-08-18,INFY__HCLTECH,8,0.0,187629.1030027567,flat
2023-08-21,INFY__HCLTECH,8,0.0,187629.1030027567,flat
2023-08-22,INFY__HCLTECH,8,0.0,187629.1030027567,flat
2023-08-23,INFY__HCLTECH,8,0.0,187629.1030027567,flat
2023-08-24,INFY__HCLTECH,8,0.0,187629.1030027567,flat
2023-08-25,INFY__HCLTECH,8,0.0,187629.1030027567,flat
2023-08-28,INFY__HCLTECH,8,0.0,187629.1030027567,flat
2023-08-29,INFY__HCLTECH,8,0.0,187629.1030027567,flat
2023-08-30,INFY__HCLTECH,8,0.0,187629.1030027567,flat
2023-08-31,INFY__HCLTECH,8,0.0,187629.1030027567,flat
2023-09-01,INFY__HCLTECH,8,0.0,187629.1030027567,flat
2023-09-04,INFY__HCLTECH,8,0.0,187629.1030027567,flat
2023-09-05,INFY__HCLTECH,8,0.0,187629.1030027567,flat
2023-09-06,INFY__HCLTECH,8,0.0,187629.1030027567,flat
2023-09-07,INFY__HCLTECH,8,0.0,187629.1030027567,flat
2023-09-08,INFY__HCLTECH,8,0.0,187629.1030027567,flat
2023-09-11,INFY__HCLTECH,8,0.0,187629.1030027567,flat
2023-09-12,INFY__HCLTECH,8,0.0,187629.1030027567,flat
2023-09-13,INFY__HCLTECH,8,0.0,187629.1030027567,flat
2023-09-14,INFY__HCLTECH,8,0.0,187629.1030027567,flat
2023-09-15,INFY__HCLTECH,8,0.0,187629.1030027567,flat
2023-09-18,INFY__HCLTECH,8,0.0,187629.1030027567,flat
2023-09-20,INFY__HCLTECH,8,0.0,187629.1030027567,flat
2023-09-21,INFY__HCLTECH,8,0.0,187629.1030027567,flat
2023-09-22,INFY__HCLTECH,8,0.0,187629.1030027567,flat
2023-09-25,INFY__HCLTECH,8,0.0,187629.1030027567,flat
2023-09-26,INFY__HCLTECH,8,0.0,187629.1030027567,flat
2023-09-27,INFY__HCLTECH,8,0.0,187629.1030027567,flat
2023-09-28,INFY__HCLTECH,8,0.0,187629.1030027567,flat
2023-09-29,INFY__HCLTECH,8,0.0,187629.1030027567,flat
2023-10-03,INFY__HCLTECH,8,0.0,187629.1030027567,flat
2023-10-04,INFY__HCLTECH,8,0.0,187629.1030027567,flat
2023-10-05,INFY__HCLTECH,8,0.0,187629.1030027567,flat
2023-10-06,INFY__HCLTECH,8,0.0,187629.1030027567,flat
2023-10-09,INFY__HCLTECH,8,0.0,187629.1030027567,flat
2023-10-10,INFY__HCLTECH,8,0.0,187629.1030027567,flat
2023-10-11,INFY__HCLTECH,8,0.0,187629.1030027567,flat
2023-10-12,INFY__HCLTECH,8,0.0,187629.1030027567,flat
2023-10-13,INFY__HCLTECH,8,0.0,187629.1030027567,flat
2023-10-16,INFY__HCLTECH,8,0.0,187629.1030027567,flat
2023-10-17,INFY__HCLTECH,8,0.0,187629.1030027567,flat
2023-10-18,INFY__HCLTECH,8,0.0,187629.1030027567,flat
2023-10-19,INFY__HCLTECH,8,0.0,187629.1030027567,flat
2023-10-20,INFY__HCLTECH,8,0.0,187629.1030027567,flat
2023-10-23,INFY__HCLTECH,8,0.0,187629.1030027567,flat
2023-10-25,INFY__HCLTECH,8,0.0,187629.1030027567,flat
2023-10-26,INFY__HCLTECH,8,0.0,187629.1030027567,flat
2023-10-27,INFY__HCLTECH,8,0.0,187629.1030027567,flat
2023-10-30,INFY__HCLTECH,8,0.0,187629.1030027567,flat
2023-10-31,INFY__HCLTECH,8,0.0,187629.1030027567,flat
2023-11-01,INFY__HCLTECH,8,0.0,187629.1030027567,flat
2023-11-02,INFY__HCLTECH,8,0.0,187629.1030027567,flat
2023-11-03,INFY__HCLTECH,8,0.0,187629.1030027567,flat
2023-11-06,INFY__HCLTECH,8,0.0,187629.1030027567,flat
2023-11-07,INFY__HCLTECH,8,0.0,187629.1030027567,flat
2023-11-08,INFY__HCLTECH,8,0.0,187629.1030027567,flat
2023-11-09,INFY__HCLTECH,8,0.0,187629.1030027567,flat
2023-11-10,INFY__HCLTECH,8,0.0,187629.1030027567,flat
2023-11-13,INFY__HCLTECH,8,0.0,187629.1030027567,flat
2023-11-15,INFY__HCLTECH,8,0.0,187629.1030027567,flat
2023-11-16,INFY__HCLTECH,8,0.0,187629.1030027567,flat
2023-11-17,INFY__HCLTECH,8,0.0,187629.1030027567,flat
2023-11-20,INFY__HCLTECH,8,0.0,187629.1030027567,flat
2023-11-21,INFY__HCLTECH,8,0.0,187629.1030027567,flat
2023-11-22,INFY__HCLTECH,8,0.0,187629.1030027567,flat
2023-11-23,INFY__HCLTECH,8,0.0,187629.1030027567,flat
2023-11-24,INFY__HCLTECH,8,0.0,187629.1030027567,flat
2023-11-28,INFY__HCLTECH,8,0.0,187629.1030027567,flat
2023-11-29,INFY__HCLTECH,8,0.0,187629.1030027567,flat
2023-11-30,INFY__HCLTECH,9,0.0,187629.1030027567,flat
2023-12-01,INFY__HCLTECH,9,0.0,187629.1030027567,flat
2023-12-04,INFY__HCLTECH,9,0.0,187629.1030027567,flat
2023-12-05,INFY__HCLTECH,9,0.0,187629.1030027567,flat
2023-12-06,INFY__HCLTECH,9,0.0,187629.1030027567,flat
2023-12-07,INFY__HCLTECH,9,0.0,187629.1030027567,flat
2023-12-08,INFY__HCLTECH,9,0.0,187629.1030027567,flat
2023-12-11,INFY__HCLTECH,9,0.0,187629.1030027567,flat
2023-12-12,INFY__HCLTECH,9,0.0,187629.1030027567,flat
2023-12-13,INFY__HCLTECH,9,0.0,187629.1030027567,flat
2023-12-14,INFY__HCLTECH,9,0.0,187629.1030027567,flat
2023-12-15,INFY__HCLTECH,9,0.0,187629.1030027567,flat
2023-12-18,INFY__HCLTECH,9,0.0,187629.1030027567,flat
2023-12-19,INFY__HCLTECH,9,0.0,187629.1030027567,flat
2023-12-20,INFY__HCLTECH,9,0.0,187629.1030027567,flat
2023-12-21,INFY__HCLTECH,9,0.0,187629.1030027567,flat
2023-12-22,INFY__HCLTECH,9,0.0,187629.1030027567,flat
2023-12-26,INFY__HCLTECH,9,0.0,187629.1030027567,flat
2023-12-27,INFY__HCLTECH,9,0.0,187629.1030027567,flat
2023-12-28,INFY__HCLTECH,9,0.0,187629.1030027567,flat
2023-12-29,INFY__HCLTECH,9,0.0,187629.1030027567,flat
2024-01-01,INFY__HCLTECH,9,0.0,187629.1030027567,flat
2024-01-02,INFY__HCLTECH,9,0.0,187629.1030027567,flat
2024-01-03,INFY__HCLTECH,9,0.0,187629.1030027567,flat
2024-01-04,INFY__HCLTECH,9,0.0,187629.1030027567,flat
2024-01-05,INFY__HCLTECH,9,0.0,187629.1030027567,flat
2024-01-08,INFY__HCLTECH,9,0.0,187629.1030027567,flat
2024-01-09,INFY__HCLTECH,9,0.0,187629.1030027567,flat
2024-01-10,INFY__HCLTECH,9,0.0,187629.1030027567,flat
2024-01-11,INFY__HCLTECH,9,0.0,187629.1030027567,flat
2024-01-12,INFY__HCLTECH,9,0.0,187629.1030027567,flat
2024-01-15,INFY__HCLTECH,9,0.0,187629.1030027567,flat
2024-01-16,INFY__HCLTECH,9,0.0,187629.1030027567,flat
2024-01-17,INFY__HCLTECH,9,0.0,187629.1030027567,flat
2024-01-18,INFY__HCLTECH,9,0.0,187629.1030027567,flat
2024-01-19,INFY__HCLTECH,9,0.0,187629.1030027567,flat
2024-01-23,INFY__HCLTECH,9,0.0,187629.1030027567,flat
2024-01-24,INFY__HCLTECH,9,0.0,187629.1030027567,flat
2024-01-25,INFY__HCLTECH,9,0.0,187629.1030027567,flat
2024-01-29,INFY__HCLTECH,9,0.0,187629.1030027567,flat
2024-01-30,INFY__HCLTECH,9,0.0,187629.1030027567,flat
2024-01-31,INFY__HCLTECH,9,0.0,187629.1030027567,flat
2024-02-01,INFY__HCLTECH,9,0.0,187629.1030027567,flat
2024-02-02,INFY__HCLTECH,9,0.0,187629.1030027567,flat
2024-02-05,INFY__HCLTECH,9,0.0,187629.1030027567,flat
2024-02-06,INFY__HCLTECH,9,0.0,187629.1030027567,flat
2024-02-07,INFY__HCLTECH,9,0.0,187629.1030027567,flat
2024-02-08,INFY__HCLTECH,9,0.0,187629.1030027567,flat
2024-02-09,INFY__HCLTECH,9,0.0,187629.1030027567,flat
2024-02-12,INFY__HCLTECH,9,0.0,187629.1030027567,flat
2024-02-13,INFY__HCLTECH,9,0.0,187629.1030027567,flat
2024-02-14,INFY__HCLTECH,9,0.0,187629.1030027567,flat
2024-02-15,INFY__HCLTECH,9,0.0,187629.1030027567,flat
2024-02-16,INFY__HCLTECH,9,0.0,187629.1030027567,flat
2024-02-19,INFY__HCLTECH,9,0.0,187629.1030027567,flat
2024-02-20,INFY__HCLTECH,9,0.0,187629.1030027567,flat
2024-02-21,INFY__HCLTECH,9,0.0,187629.1030027567,flat
2024-02-22,INFY__HCLTECH,9,0.0,187629.1030027567,flat
2024-02-23,INFY__HCLTECH,9,0.0,187629.1030027567,flat
2024-02-26,INFY__HCLTECH,9,0.0,187629.1030027567,flat
2024-02-27,INFY__HCLTECH,9,0.0,187629.1030027567,flat
2024-02-28,INFY__HCLTECH,9,0.0,187629.1030027567,flat
2024-02-29,INFY__HCLTECH,9,0.0,187629.1030027567,flat
2024-03-01,INFY__HCLTECH,9,0.0,187629.1030027567,flat
2024-03-04,INFY__HCLTECH,9,0.0,187629.1030027567,flat
2024-03-05,INFY__HCLTECH,9,0.0,187629.1030027567,flat
2024-03-06,INFY__HCLTECH,9,0.0,187629.1030027567,flat
2024-03-07,INFY__HCLTECH,9,0.0,187629.1030027567,flat
2024-03-11,INFY__HCLTECH,9,0.0,187629.1030027567,flat
2024-03-12,INFY__HCLTECH,9,0.0,187629.1030027567,flat
2024-03-13,INFY__HCLTECH,9,0.0,187629.1030027567,flat
2024-03-14,INFY__HCLTECH,9,0.0,187629.1030027567,flat
2024-03-15,INFY__HCLTECH,9,0.0,187629.1030027567,flat
2024-03-18,INFY__HCLTECH,9,0.0,187629.1030027567,flat
2024-03-19,INFY__HCLTECH,9,0.0,187629.1030027567,flat
2024-03-20,INFY__HCLTECH,9,0.0,187629.1030027567,flat
2024-03-21,INFY__HCLTECH,9,0.0,187629.1030027567,flat
2024-03-22,INFY__HCLTECH,9,0.0,187629.1030027567,flat
2024-03-26,INFY__HCLTECH,9,0.0,187629.1030027567,flat
2024-03-27,INFY__HCLTECH,9,0.0,187629.1030027567,flat
2024-03-28,INFY__HCLTECH,9,0.0,187629.1030027567,flat
2024-04-01,INFY__HCLTECH,9,0.0,187629.1030027567,flat
2024-04-02,INFY__HCLTECH,9,0.0,187629.1030027567,flat
2024-04-03,INFY__HCLTECH,9,0.0,187629.1030027567,flat
2024-04-04,INFY__HCLTECH,9,0.0,187629.1030027567,flat
2024-04-05,INFY__HCLTECH,9,0.0,187629.1030027567,flat
2024-04-08,INFY__HCLTECH,9,0.0,187629.1030027567,flat
2024-04-09,INFY__HCLTECH,9,0.0,187629.1030027567,flat
2024-04-10,INFY__HCLTECH,9,0.0,187629.1030027567,flat
2024-04-12,INFY__HCLTECH,9,0.0,187629.1030027567,flat
2024-04-15,INFY__HCLTECH,9,0.0,187629.1030027567,flat
2024-04-16,INFY__HCLTECH,9,0.0,187629.1030027567,flat
2024-04-18,INFY__HCLTECH,9,0.0,187629.1030027567,flat
2024-04-19,INFY__HCLTECH,9,0.0,187629.1030027567,flat
2024-04-22,INFY__HCLTECH,9,0.0,187629.1030027567,flat
2024-04-23,INFY__HCLTECH,9,0.0,187629.1030027567,flat
2024-04-24,INFY__HCLTECH,9,0.0,187629.1030027567,flat
2024-04-25,INFY__HCLTECH,9,0.0,187629.1030027567,flat
2024-04-26,INFY__HCLTECH,9,0.0,187629.1030027567,flat
2024-04-29,INFY__HCLTECH,9,0.0,187629.1030027567,flat
2024-04-30,INFY__HCLTECH,9,0.0,187629.1030027567,flat
2024-05-02,INFY__HCLTECH,9,0.0,187629.1030027567,flat
2024-05-03,INFY__HCLTECH,9,-876.9192289200331,186752.18377383664,entry
2024-05-06,INFY__HCLTECH,9,-181.1764299818065,186571.00734385484,hold
2024-05-07,INFY__HCLTECH,9,-1173.4476178296234,185397.5597260252,hold
2024-05-08,INFY__HCLTECH,9,140.99016331335616,185538.54988933858,hold
2024-05-09,INFY__HCLTECH,9,-468.8822790828339,185069.66761025574,hold
2024-05-10,INFY__HCLTECH,9,652.219326546447,185721.88693680218,hold
2024-05-13,INFY__HCLTECH,9,-49.873913848458905,185672.01302295373,hold
2024-05-14,INFY__HCLTECH,9,191.36307994434932,185863.3761028981,hold
2024-05-15,INFY__HCLTECH,9,644.6638265464469,186508.03992944455,hold
2024-05-16,INFY__HCLTECH,9,-1323.5574560145549,185184.48247343,hold
2024-05-17,INFY__HCLTECH,9,-30.61222645547945,185153.87024697452,hold
2024-05-21,INFY__HCLTECH,9,832.4399185573631,185986.31016553188,hold
2024-05-22,INFY__HCLTECH,9,-1105.982034781678,184880.3281307502,hold
2024-05-23,INFY__HCLTECH,9,-622.2529832245291,184258.07514752567,hold
2024-05-24,INFY__HCLTECH,9,97.6341923426798,184355.70933986834,hold
2024-05-27,INFY__HCLTECH,9,-83.91888200984589,184271.7904578585,hold
2024-05-28,INFY__HCLTECH,9,390.3723279109589,184662.16278576947,hold
2024-05-29,INFY__HCLTECH,9,681.8794739940068,185344.0422597635,hold
2024-05-30,INFY__HCLTECH,10,544.7742581068065,185888.8165178703,hold
2024-05-31,INFY__HCLTECH,10,-695.230511130137,185193.58600674017,hold
2024-06-03,INFY__HCLTECH,10,-289.05887930757706,184904.52712743258,hold
2024-06-04,INFY__HCLTECH,10,295.27670416845035,185199.80383160102,hold
2024-06-05,INFY__HCLTECH,10,-684.6878066941352,184515.1160249069,hold
2024-06-06,INFY__HCLTECH,10,-539.3032005565069,183975.81282435037,hold
2024-06-07,INFY__HCLTECH,10,-2281.619294333262,181694.1935300171,hold
2024-06-10,INFY__HCLTECH,10,1434.2526834867294,183128.44621350383,hold
2024-06-11,INFY__HCLTECH,10,545.7185076519692,183674.1647211558,hold
2024-06-12,INFY__HCLTECH,10,907.2479338880565,184581.41265504385,hold
2024-06-13,INFY__HCLTECH,10,-322.2729466235017,184259.13970842035,hold
2024-06-14,INFY__HCLTECH,10,-181.60973274293664,184077.5299756774,hold
2024-06-18,INFY__HCLTECH,10,-327.51696965967466,183750.01300601772,hold
2024-06-19,INFY__HCLTECH,10,-457.23487465218324,183292.77813136554,hold
2024-06-20,INFY__HCLTECH,10,-325.55555827268836,182967.22257309285,hold
2024-06-21,INFY__HCLTECH,10,-832.929840806935,182134.29273228592,hold
2024-06-24,INFY__HCLTECH,10,52.85007044627568,182187.14280273218,hold
2024-06-25,INFY__HCLTECH,10,-602.1465249090326,181584.99627782314,hold
2024-06-26,INFY__HCLTECH,10,-93.45572741866438,181491.5405504045,hold
2024-06-27,INFY__HCLTECH,10,-1457.5601281303511,180033.98042227415,hold
2024-06-28,INFY__HCLTECH,10,508.0372900256849,180542.01771229983,hold
2024-07-01,INFY__HCLTECH,10,-1044.964317958048,179497.05339434178,hold
2024-07-02,INFY__HCLTECH,10,-2185.208167975742,177311.84522636604,stop_out
2024-07-03,INFY__HCLTECH,10,0.0,177311.84522636604,flat
2024-07-04,INFY__HCLTECH,10,0.0,177311.84522636604,flat
2024-07-05,INFY__HCLTECH,10,0.0,177311.84522636604,flat
2024-07-08,INFY__HCLTECH,10,0.0,177311.84522636604,flat
2024-07-09,INFY__HCLTECH,10,0.0,177311.84522636604,flat
2024-07-10,INFY__HCLTECH,10,0.0,177311.84522636604,flat
2024-07-11,INFY__HCLTECH,10,0.0,177311.84522636604,flat
2024-07-12,INFY__HCLTECH,10,0.0,177311.84522636604,flat
2024-07-15,INFY__HCLTECH,10,0.0,177311.84522636604,flat
2024-07-16,INFY__HCLTECH,10,0.0,177311.84522636604,flat
2024-07-18,INFY__HCLTECH,10,0.0,177311.84522636604,flat
2024-07-19,INFY__HCLTECH,10,0.0,177311.84522636604,flat
2024-07-22,INFY__HCLTECH,10,0.0,177311.84522636604,flat
2024-07-23,INFY__HCLTECH,10,0.0,177311.84522636604,flat
2024-07-24,INFY__HCLTECH,10,0.0,177311.84522636604,flat
2024-07-25,INFY__HCLTECH,10,0.0,177311.84522636604,flat
2024-07-26,INFY__HCLTECH,10,0.0,177311.84522636604,flat
2024-07-29,INFY__HCLTECH,10,0.0,177311.84522636604,flat
2024-07-30,INFY__HCLTECH,10,0.0,177311.84522636604,flat
2024-07-31,INFY__HCLTECH,10,0.0,177311.84522636604,flat
2024-08-01,INFY__HCLTECH,10,0.0,177311.84522636604,flat
2024-08-02,INFY__HCLTECH,10,0.0,177311.84522636604,flat
2024-08-05,INFY__HCLTECH,10,0.0,177311.84522636604,flat
2024-08-06,INFY__HCLTECH,10,0.0,177311.84522636604,flat
2024-08-07,INFY__HCLTECH,10,0.0,177311.84522636604,flat
2024-08-08,INFY__HCLTECH,10,0.0,177311.84522636604,flat
2024-08-09,INFY__HCLTECH,10,0.0,177311.84522636604,flat
2024-08-12,INFY__HCLTECH,10,0.0,177311.84522636604,flat
2024-08-13,INFY__HCLTECH,10,0.0,177311.84522636604,flat
2024-08-14,INFY__HCLTECH,10,0.0,177311.84522636604,flat
2024-08-16,INFY__HCLTECH,10,0.0,177311.84522636604,flat
2024-08-19,INFY__HCLTECH,10,0.0,177311.84522636604,flat
2024-08-20,INFY__HCLTECH,10,0.0,177311.84522636604,flat
2024-08-21,INFY__HCLTECH,10,0.0,177311.84522636604,flat
2024-08-22,INFY__HCLTECH,10,0.0,177311.84522636604,flat
2024-08-23,INFY__HCLTECH,10,0.0,177311.84522636604,flat
2024-08-26,INFY__HCLTECH,10,0.0,177311.84522636604,flat
2024-08-27,INFY__HCLTECH,10,0.0,177311.84522636604,flat
2024-08-28,INFY__HCLTECH,10,0.0,177311.84522636604,flat
2024-08-29,INFY__HCLTECH,10,0.0,177311.84522636604,flat
2024-08-30,INFY__HCLTECH,10,0.0,177311.84522636604,flat
2024-09-02,INFY__HCLTECH,10,0.0,177311.84522636604,flat
2024-09-03,INFY__HCLTECH,10,0.0,177311.84522636604,flat
2024-09-04,INFY__HCLTECH,10,0.0,177311.84522636604,flat
2024-09-05,INFY__HCLTECH,10,0.0,177311.84522636604,flat
2024-09-06,INFY__HCLTECH,10,0.0,177311.84522636604,flat
2024-09-09,INFY__HCLTECH,10,0.0,177311.84522636604,flat
2024-09-10,INFY__HCLTECH,10,0.0,177311.84522636604,flat
2024-09-11,INFY__HCLTECH,10,0.0,177311.84522636604,flat
2024-09-12,INFY__HCLTECH,10,0.0,177311.84522636604,flat
2024-09-13,INFY__HCLTECH,10,0.0,177311.84522636604,flat
2024-09-16,INFY__HCLTECH,10,0.0,177311.84522636604,flat
2024-09-17,INFY__HCLTECH,10,0.0,177311.84522636604,flat
2024-09-18,INFY__HCLTECH,10,0.0,177311.84522636604,flat
2024-09-19,INFY__HCLTECH,10,0.0,177311.84522636604,flat
2024-09-20,INFY__HCLTECH,10,0.0,177311.84522636604,flat
2024-09-23,INFY__HCLTECH,10,0.0,177311.84522636604,flat
2024-09-24,INFY__HCLTECH,10,0.0,177311.84522636604,flat
2024-09-25,INFY__HCLTECH,10,0.0,177311.84522636604,flat
2024-09-26,INFY__HCLTECH,10,0.0,177311.84522636604,flat
2024-09-27,INFY__HCLTECH,10,0.0,177311.84522636604,flat
2024-09-30,INFY__HCLTECH,10,0.0,177311.84522636604,flat
2024-10-01,INFY__HCLTECH,10,0.0,177311.84522636604,flat
2024-10-03,INFY__HCLTECH,10,0.0,177311.84522636604,flat
2024-10-04,INFY__HCLTECH,10,0.0,177311.84522636604,flat
2024-10-07,INFY__HCLTECH,10,0.0,177311.84522636604,flat
2024-10-08,INFY__HCLTECH,10,0.0,177311.84522636604,flat
2024-10-09,INFY__HCLTECH,10,0.0,177311.84522636604,flat
2024-10-10,INFY__HCLTECH,10,0.0,177311.84522636604,flat
2024-10-11,INFY__HCLTECH,10,0.0,177311.84522636604,flat
2024-10-14,INFY__HCLTECH,10,0.0,177311.84522636604,flat
2024-10-15,INFY__HCLTECH,10,0.0,177311.84522636604,flat
2024-10-16,INFY__HCLTECH,10,0.0,177311.84522636604,flat
2024-10-17,INFY__HCLTECH,10,0.0,177311.84522636604,flat
2024-10-18,INFY__HCLTECH,10,0.0,177311.84522636604,flat
2024-10-21,INFY__HCLTECH,10,0.0,177311.84522636604,flat
2024-10-22,INFY__HCLTECH,10,0.0,177311.84522636604,flat
2024-10-23,INFY__HCLTECH,10,0.0,177311.84522636604,flat
2024-10-24,INFY__HCLTECH,10,0.0,177311.84522636604,flat
2024-10-25,INFY__HCLTECH,10,0.0,177311.84522636604,flat
2024-10-28,INFY__HCLTECH,10,0.0,177311.84522636604,flat
2024-10-29,INFY__HCLTECH,10,0.0,177311.84522636604,flat
2024-10-30,INFY__HCLTECH,10,0.0,177311.84522636604,flat
2024-10-31,INFY__HCLTECH,10,0.0,177311.84522636604,flat
2024-11-01,INFY__HCLTECH,10,0.0,177311.84522636604,flat
2024-11-04,INFY__HCLTECH,10,0.0,177311.84522636604,flat
2024-11-05,INFY__HCLTECH,10,0.0,177311.84522636604,flat
2024-11-06,INFY__HCLTECH,10,0.0,177311.84522636604,flat
2024-11-07,INFY__HCLTECH,10,0.0,177311.84522636604,flat
2024-11-08,INFY__HCLTECH,10,0.0,177311.84522636604,flat
2024-11-11,INFY__HCLTECH,10,0.0,177311.84522636604,flat
2024-11-12,INFY__HCLTECH,10,0.0,177311.84522636604,flat
2024-11-13,INFY__HCLTECH,10,0.0,177311.84522636604,flat
2024-11-14,INFY__HCLTECH,10,0.0,177311.84522636604,flat
2024-11-18,INFY__HCLTECH,10,0.0,177311.84522636604,flat
2024-11-19,INFY__HCLTECH,10,0.0,177311.84522636604,flat
2024-11-21,INFY__HCLTECH,10,0.0,177311.84522636604,flat
2024-11-22,INFY__HCLTECH,10,0.0,177311.84522636604,flat
2024-11-25,INFY__HCLTECH,10,0.0,177311.84522636604,flat
2024-11-26,INFY__HCLTECH,10,0.0,177311.84522636604,flat
2024-11-27,INFY__HCLTECH,10,0.0,177311.84522636604,flat
2024-11-28,INFY__HCLTECH,10,0.0,177311.84522636604,flat
2024-11-29,INFY__HCLTECH,10,0.0,177311.84522636604,flat
2024-12-02,INFY__HCLTECH,11,0.0,177311.84522636604,flat
2024-12-03,INFY__HCLTECH,11,0.0,177311.84522636604,flat
2024-12-04,INFY__HCLTECH,11,0.0,177311.84522636604,flat
2024-12-05,INFY__HCLTECH,11,0.0,177311.84522636604,flat
2024-12-06,INFY__HCLTECH,11,0.0,177311.84522636604,flat
2024-12-09,INFY__HCLTECH,11,0.0,177311.84522636604,flat
2024-12-10,INFY__HCLTECH,11,0.0,177311.84522636604,flat
2024-12-11,INFY__HCLTECH,11,0.0,177311.84522636604,flat
2024-12-12,INFY__HCLTECH,11,0.0,177311.84522636604,flat
2024-12-13,INFY__HCLTECH,11,0.0,177311.84522636604,flat
2024-12-16,INFY__HCLTECH,11,0.0,177311.84522636604,flat
2024-12-17,INFY__HCLTECH,11,0.0,177311.84522636604,flat
2024-12-18,INFY__HCLTECH,11,0.0,177311.84522636604,flat
2024-12-19,INFY__HCLTECH,11,0.0,177311.84522636604,flat
2024-12-20,INFY__HCLTECH,11,0.0,177311.84522636604,flat
2024-12-23,INFY__HCLTECH,11,0.0,177311.84522636604,flat
2024-12-24,INFY__HCLTECH,11,0.0,177311.84522636604,flat
2024-12-26,INFY__HCLTECH,11,0.0,177311.84522636604,flat
2024-12-27,INFY__HCLTECH,11,0.0,177311.84522636604,flat
2024-12-30,INFY__HCLTECH,11,0.0,177311.84522636604,flat
2024-12-31,INFY__HCLTECH,11,0.0,177311.84522636604,flat
2019-05-30,PORTFOLIO,ALL,0.0,600000.0,
2019-05-31,PORTFOLIO,ALL,0.0,600000.0,
2019-06-03,PORTFOLIO,ALL,0.0,600000.0,
2019-06-04,PORTFOLIO,ALL,0.0,600000.0,
2019-06-06,PORTFOLIO,ALL,0.0,600000.0,
2019-06-07,PORTFOLIO,ALL,0.0,600000.0,
2019-06-10,PORTFOLIO,ALL,0.0,600000.0,
2019-06-11,PORTFOLIO,ALL,0.0,600000.0,
2019-06-12,PORTFOLIO,ALL,0.0,600000.0,
2019-06-13,PORTFOLIO,ALL,0.0,600000.0,
2019-06-14,PORTFOLIO,ALL,0.0,600000.0,
2019-06-17,PORTFOLIO,ALL,0.0,600000.0,
2019-06-18,PORTFOLIO,ALL,0.0,600000.0,
2019-06-19,PORTFOLIO,ALL,0.0,600000.0,
2019-06-20,PORTFOLIO,ALL,0.0,600000.0,
2019-06-21,PORTFOLIO,ALL,0.0,600000.0,
2019-06-24,PORTFOLIO,ALL,0.0,600000.0,
2019-06-25,PORTFOLIO,ALL,0.0,600000.0,
2019-06-26,PORTFOLIO,ALL,0.0,600000.0,
2019-06-27,PORTFOLIO,ALL,0.0,600000.0,
2019-06-28,PORTFOLIO,ALL,0.0,600000.0,
2019-07-01,PORTFOLIO,ALL,0.0,600000.0,
2019-07-02,PORTFOLIO,ALL,0.0,600000.0,
2019-07-03,PORTFOLIO,ALL,0.0,600000.0,
2019-07-04,PORTFOLIO,ALL,0.0,600000.0,
2019-07-05,PORTFOLIO,ALL,0.0,600000.0,
2019-07-08,PORTFOLIO,ALL,-912.8559036281113,599087.1440963718,
2019-07-09,PORTFOLIO,ALL,1738.3175710348887,600825.4616674067,
2019-07-10,PORTFOLIO,ALL,-653.1646937205694,600172.2969736862,
2019-07-11,PORTFOLIO,ALL,1272.008530581849,601444.305504268,
2019-07-12,PORTFOLIO,ALL,0.0,601444.305504268,
2019-07-15,PORTFOLIO,ALL,0.0,601444.305504268,
2019-07-16,PORTFOLIO,ALL,0.0,601444.305504268,
2019-07-17,PORTFOLIO,ALL,0.0,601444.305504268,
2019-07-18,PORTFOLIO,ALL,0.0,601444.305504268,
2019-07-19,PORTFOLIO,ALL,0.0,601444.305504268,
2019-07-22,PORTFOLIO,ALL,0.0,601444.305504268,
2019-07-23,PORTFOLIO,ALL,0.0,601444.305504268,
2019-07-24,PORTFOLIO,ALL,0.0,601444.305504268,
2019-07-25,PORTFOLIO,ALL,0.0,601444.305504268,
2019-07-26,PORTFOLIO,ALL,0.0,601444.305504268,
2019-07-29,PORTFOLIO,ALL,0.0,601444.305504268,
2019-07-30,PORTFOLIO,ALL,0.0,601444.305504268,
2019-07-31,PORTFOLIO,ALL,0.0,601444.305504268,
2019-08-01,PORTFOLIO,ALL,0.0,601444.305504268,
2019-08-02,PORTFOLIO,ALL,0.0,601444.305504268,
2019-08-05,PORTFOLIO,ALL,0.0,601444.305504268,
2019-08-06,PORTFOLIO,ALL,0.0,601444.305504268,
2019-08-07,PORTFOLIO,ALL,0.0,601444.305504268,
2019-08-08,PORTFOLIO,ALL,0.0,601444.305504268,
2019-08-09,PORTFOLIO,ALL,0.0,601444.305504268,
2019-08-13,PORTFOLIO,ALL,0.0,601444.305504268,
2019-08-14,PORTFOLIO,ALL,-780.9267600554712,600663.3787442126,
2019-08-16,PORTFOLIO,ALL,-618.9146511932792,600044.4640930193,
2019-08-19,PORTFOLIO,ALL,377.16782815175515,600421.6319211711,
2019-08-20,PORTFOLIO,ALL,-1202.921514849101,599218.7104063219,
2019-08-21,PORTFOLIO,ALL,-715.1532066299229,598503.557199692,
2019-08-22,PORTFOLIO,ALL,1057.6156352472174,599561.1728349392,
2019-08-23,PORTFOLIO,ALL,-424.5777479666096,599136.5950869727,
2019-08-26,PORTFOLIO,ALL,67.3409226940903,599203.9360096668,
2019-08-27,PORTFOLIO,ALL,-463.3807735712657,598740.5552360954,
2019-08-28,PORTFOLIO,ALL,925.0732706148331,599665.6285067103,
2019-08-29,PORTFOLIO,ALL,129.24872669627575,599794.8772334065,
2019-08-30,PORTFOLIO,ALL,-1499.4203534353596,598295.4568799712,
2019-09-03,PORTFOLIO,ALL,-368.19415535370297,597927.2627246175,
2019-09-04,PORTFOLIO,ALL,-1077.3344926958475,596849.9282319216,
2019-09-05,PORTFOLIO,ALL,-798.709172650899,596051.2190592708,
2019-09-06,PORTFOLIO,ALL,485.8632519932577,596537.082311264,
2019-09-09,PORTFOLIO,ALL,92.42057666684502,596629.5028879308,
2019-09-11,PORTFOLIO,ALL,-281.97777745077053,596347.5251104801,
2019-09-12,PORTFOLIO,ALL,-1289.028633026541,595058.4964774535,
2019-09-13,PORTFOLIO,ALL,688.5164006983091,595747.0128781518,
2019-09-16,PORTFOLIO,ALL,848.6670610150899,596595.679939167,
2019-09-17,PORTFOLIO,ALL,2641.0690917166094,599236.7490308835,
2019-09-18,PORTFOLIO,ALL,880.1888064132065,600116.9378372967,
2019-09-19,PORTFOLIO,ALL,-1076.72741238247,599040.2104249143,
2019-09-20,PORTFOLIO,ALL,-3247.3958170617507,595792.8146078526,
2019-09-23,PORTFOLIO,ALL,-109.28666954730309,595683.5279383053,
2019-09-24,PORTFOLIO,ALL,-587.2002314453125,595096.3277068599,
2019-09-25,PORTFOLIO,ALL,299.1652006367723,595395.4929074968,
2019-09-26,PORTFOLIO,ALL,690.1350437981592,596085.6279512949,
2019-09-27,PORTFOLIO,ALL,458.45612604345035,596544.0840773383,
2019-09-30,PORTFOLIO,ALL,1079.1904469044307,597623.2745242427,
2019-10-01,PORTFOLIO,ALL,-1240.8111058834547,596382.4634183593,
2019-10-03,PORTFOLIO,ALL,447.8859279484061,596830.3493463077,
2019-10-04,PORTFOLIO,ALL,287.7803403788627,597118.1296866866,
2019-10-07,PORTFOLIO,ALL,-101.72527117669092,597016.4044155099,
2019-10-09,PORTFOLIO,ALL,-647.3015902718322,596369.102825238,
2019-10-10,PORTFOLIO,ALL,769.0797392578125,597138.1825644958,
2019-10-11,PORTFOLIO,ALL,197.80220280393837,597335.9847672998,
2019-10-14,PORTFOLIO,ALL,-450.99736868578765,596884.9873986141,
2019-10-15,PORTFOLIO,ALL,-145.44451912992295,596739.5428794841,
2019-10-16,PORTFOLIO,ALL,-245.53067843000855,596494.012201054,
2019-10-17,PORTFOLIO,ALL,17.78967507223887,596511.8018761263,
2019-10-18,PORTFOLIO,ALL,-213.17486262574914,596298.6270135005,
2019-10-22,PORTFOLIO,ALL,-194.16090198255566,596104.466111518,
2019-10-23,PORTFOLIO,ALL,-696.0312697319135,595408.434841786,
2019-10-24,PORTFOLIO,ALL,316.06915500588616,595724.503996792,
2019-10-25,PORTFOLIO,ALL,-428.83941340699914,595295.664583385,
2019-10-27,PORTFOLIO,ALL,-1208.7605016909868,594086.904081694,
2019-10-29,PORTFOLIO,ALL,0.0,594086.904081694,
2019-10-30,PORTFOLIO,ALL,0.0,594086.904081694,
2019-10-31,PORTFOLIO,ALL,0.0,594086.904081694,
2019-11-01,PORTFOLIO,ALL,0.0,594086.904081694,
2019-11-04,PORTFOLIO,ALL,0.0,594086.904081694,
2019-11-05,PORTFOLIO,ALL,-809.2284097704987,593277.6756719234,
2019-11-06,PORTFOLIO,ALL,-675.1064611314747,592602.5692107921,
2019-11-07,PORTFOLIO,ALL,-54.1062636283979,592548.4629471636,
2019-11-08,PORTFOLIO,ALL,1261.971643568065,593810.4345907317,
2019-11-11,PORTFOLIO,ALL,-70.10331143313891,593740.3312792985,
2019-11-13,PORTFOLIO,ALL,96.70557670697774,593837.0368560056,
2019-11-14,PORTFOLIO,ALL,-1627.7174226943762,592209.3194333111,
2019-11-15,PORTFOLIO,ALL,672.3800239625696,592881.6994572737,
2019-11-18,PORTFOLIO,ALL,554.6293516176935,593436.3288088915,
2019-11-19,PORTFOLIO,ALL,-2476.4258021491064,590959.9030067424,
2019-11-20,PORTFOLIO,ALL,-652.7749309784353,590307.1280757638,
2019-11-21,PORTFOLIO,ALL,-2608.781775878918,587698.346299885,
2019-11-22,PORTFOLIO,ALL,-967.6256953894097,586730.7206044955,
2019-11-25,PORTFOLIO,ALL,1259.4481263912671,587990.1687308868,
2019-11-26,PORTFOLIO,ALL,932.8348766320634,588923.0036075189,
2019-11-27,PORTFOLIO,ALL,835.6317169072399,589758.6353244261,
2019-11-28,PORTFOLIO,ALL,-2302.7019898070093,587455.9333346192,
2019-11-29,PORTFOLIO,ALL,-737.9954867963306,586717.9378478228,
2019-12-02,PORTFOLIO,ALL,1003.6899699941046,587721.6278178169,
2019-12-03,PORTFOLIO,ALL,194.0447724081556,587915.672590225,
2019-12-04,PORTFOLIO,ALL,0.0,587915.672590225,
2019-12-05,PORTFOLIO,ALL,0.0,587915.672590225,
2019-12-06,PORTFOLIO,ALL,0.0,587915.672590225,
2019-12-09,PORTFOLIO,ALL,0.0,587915.672590225,
2019-12-10,PORTFOLIO,ALL,0.0,587915.672590225,
2019-12-11,PORTFOLIO,ALL,0.0,587915.672590225,
2019-12-12,PORTFOLIO,ALL,0.0,587915.672590225,
2019-12-13,PORTFOLIO,ALL,0.0,587915.672590225,
2019-12-16,PORTFOLIO,ALL,0.0,587915.672590225,
2019-12-17,PORTFOLIO,ALL,0.0,587915.672590225,
2019-12-18,PORTFOLIO,ALL,0.0,587915.672590225,
2019-12-19,PORTFOLIO,ALL,-755.13742117675,587160.5351690482,
2019-12-20,PORTFOLIO,ALL,-1193.3949655260153,585967.1402035223,
2019-12-23,PORTFOLIO,ALL,-941.3151328927654,585025.8250706295,
2019-12-24,PORTFOLIO,ALL,-746.5721842760059,584279.2528863535,
2019-12-26,PORTFOLIO,ALL,-28.85945252300942,584250.3934338305,
2019-12-27,PORTFOLIO,ALL,42.441759163634416,584292.8351929941,
2019-12-30,PORTFOLIO,ALL,-626.2866266186858,583666.5485663754,
2019-12-31,PORTFOLIO,ALL,876.3031905099529,584542.8517568854,
2020-01-01,PORTFOLIO,ALL,-132.25408953606592,584410.5976673493,
2020-01-02,PORTFOLIO,ALL,-410.4733882036626,584000.1242791456,
2020-01-03,PORTFOLIO,ALL,-540.2395997699033,583459.8846793758,
2020-01-06,PORTFOLIO,ALL,1734.456677935036,585194.3413573108,
2020-01-07,PORTFOLIO,ALL,579.6938373689023,585774.0351946797,
2020-01-08,PORTFOLIO,ALL,29.469565737371575,585803.504760417,
2020-01-09,PORTFOLIO,ALL,-768.9682205961044,585034.536539821,
2020-01-10,PORTFOLIO,ALL,-199.0380523464255,584835.4984874745,
2020-01-13,PORTFOLIO,ALL,-283.4705747404752,584552.0279127341,
2020-01-14,PORTFOLIO,ALL,-1255.0121047597413,583297.0158079743,
2020-01-15,PORTFOLIO,ALL,-1993.443240809608,581303.5725671647,
2020-01-16,PORTFOLIO,ALL,2294.0311679152396,583597.60373508,
2020-01-17,PORTFOLIO,ALL,-907.3430631153707,582690.2606719646,
2020-01-20,PORTFOLIO,ALL,1310.7538941299254,584001.0145660945,
2020-01-21,PORTFOLIO,ALL,212.8970204275471,584213.911586522,
2020-01-22,PORTFOLIO,ALL,16.642319897795375,584230.5539064199,
2020-01-23,PORTFOLIO,ALL,-1210.1596136959547,583020.3942927239,
2020-01-24,PORTFOLIO,ALL,-1270.4729177814547,581749.9213749424,
2020-01-27,PORTFOLIO,ALL,574.1687202349008,582324.0900951773,
2020-01-28,PORTFOLIO,ALL,-453.7142130912885,581870.3758820861,
2020-01-29,PORTFOLIO,ALL,-1519.0874607769717,580351.2884213091,
2020-01-30,PORTFOLIO,ALL,268.37214878531927,580619.6605700944,
2020-01-31,PORTFOLIO,ALL,-708.4431136825677,579911.2174564118,
2020-02-03,PORTFOLIO,ALL,3659.6617058941474,583570.879162306,
2020-02-04,PORTFOLIO,ALL,-3204.5339016748717,580366.3452606311,
2020-02-05,PORTFOLIO,ALL,2852.0951559824457,583218.4404166136,
2020-02-06,PORTFOLIO,ALL,-317.2294093134632,582901.2110073001,
2020-02-07,PORTFOLIO,ALL,-1747.2915904056053,581153.9194168944,
2020-02-10,PORTFOLIO,ALL,-1.7054246350317044,581152.2139922595,
2020-02-11,PORTFOLIO,ALL,0.0,581152.2139922595,
2020-02-12,PORTFOLIO,ALL,0.0,581152.2139922595,
2020-02-13,PORTFOLIO,ALL,0.0,581152.2139922595,
2020-02-14,PORTFOLIO,ALL,0.0,581152.2139922595,
2020-02-17,PORTFOLIO,ALL,0.0,581152.2139922595,
2020-02-18,PORTFOLIO,ALL,0.0,581152.2139922595,
2020-02-19,PORTFOLIO,ALL,0.0,581152.2139922595,
2020-02-20,PORTFOLIO,ALL,0.0,581152.2139922595,
2020-02-24,PORTFOLIO,ALL,0.0,581152.2139922595,
2020-02-25,PORTFOLIO,ALL,0.0,581152.2139922595,
2020-02-26,PORTFOLIO,ALL,0.0,581152.2139922595,
2020-02-27,PORTFOLIO,ALL,0.0,581152.2139922595,
2020-02-28,PORTFOLIO,ALL,0.0,581152.2139922595,
2020-03-02,PORTFOLIO,ALL,-897.6966343419183,580254.5173579175,
2020-03-03,PORTFOLIO,ALL,627.6830132605148,580882.2003711781,
2020-03-04,PORTFOLIO,ALL,1607.0660156818547,582489.2663868599,
2020-03-05,PORTFOLIO,ALL,1073.4852220375292,583562.7516088975,
2020-03-06,PORTFOLIO,ALL,472.5794079890921,584035.3310168865,
2020-03-09,PORTFOLIO,ALL,260.2256473438838,584295.5566642304,
2020-03-11,PORTFOLIO,ALL,-118.75909301423374,584176.7975712161,
2020-03-12,PORTFOLIO,ALL,2442.4617587321995,586619.2593299483,
2020-03-13,PORTFOLIO,ALL,-3040.647038102651,583578.6122918457,
2020-03-16,PORTFOLIO,ALL,1156.0536711166587,584734.6659629624,
2020-03-17,PORTFOLIO,ALL,0.0,584734.6659629624,
2020-03-18,PORTFOLIO,ALL,-595.6985276843561,584138.967435278,
2020-03-19,PORTFOLIO,ALL,75.22386700720222,584214.1913022852,
2020-03-20,PORTFOLIO,ALL,3315.77379440015,587529.9650966853,
2020-03-23,PORTFOLIO,ALL,-6082.142510982983,581447.8225857024,
2020-03-24,PORTFOLIO,ALL,3325.9993298640843,584773.8219155665,
2020-03-25,PORTFOLIO,ALL,1238.3310400725063,586012.152955639,
2020-03-26,PORTFOLIO,ALL,5095.58797749893,591107.740933138,
2020-03-27,PORTFOLIO,ALL,-1386.4312026768512,589721.3097304611,
2020-03-30,PORTFOLIO,ALL,-3043.9700573630134,586677.3396730981,
2020-03-31,PORTFOLIO,ALL,1280.3485105080802,587957.6881836061,
2020-04-01,PORTFOLIO,ALL,-925.0605887668556,587032.6275948393,
2020-04-03,PORTFOLIO,ALL,-1845.1159221024186,585187.5116727368,
2020-04-07,PORTFOLIO,ALL,5398.291321449594,590585.8029941864,
2020-04-08,PORTFOLIO,ALL,128.462092479131,590714.2650866656,
2020-04-09,PORTFOLIO,ALL,3126.3571815269156,593840.6222681925,
2020-04-13,PORTFOLIO,ALL,-853.9593762441139,592986.6628919484,
2020-04-15,PORTFOLIO,ALL,-2288.508209787029,590698.1546821614,
2020-04-16,PORTFOLIO,ALL,-1184.54677470168,589513.6079074597,
2020-04-17,PORTFOLIO,ALL,1046.9579175540455,590560.5658250137,
2020-04-20,PORTFOLIO,ALL,699.0521646979346,591259.6179897117,
2020-04-21,PORTFOLIO,ALL,-230.11786029805216,591029.5001294136,
2020-04-22,PORTFOLIO,ALL,1411.9030353234673,592441.403164737,
2020-04-23,PORTFOLIO,ALL,1378.2221723097732,593819.6253370468,
2020-04-24,PORTFOLIO,ALL,-366.78278978488856,593452.842547262,
2020-04-27,PORTFOLIO,ALL,598.8889792045677,594051.7315264666,
2020-04-28,PORTFOLIO,ALL,170.3748334760274,594222.1063599426,
2020-04-29,PORTFOLIO,ALL,885.2459773651563,595107.3523373078,
2020-04-30,PORTFOLIO,ALL,4469.400734067313,599576.7530713751,
2020-05-04,PORTFOLIO,ALL,-5550.357754401706,594026.3953169733,
2020-05-05,PORTFOLIO,ALL,-191.80397618792807,593834.5913407854,
2020-05-06,PORTFOLIO,ALL,-459.6393063396297,593374.9520344457,
2020-05-07,PORTFOLIO,ALL,161.20933681372858,593536.1613712595,
2020-05-08,PORTFOLIO,ALL,381.07614493257705,593917.237516192,
2020-05-11,PORTFOLIO,ALL,269.4763482247988,594186.7138644168,
2020-05-12,PORTFOLIO,ALL,303.0960681319563,594489.8099325488,
2020-05-13,PORTFOLIO,ALL,368.4169644156678,594858.2268969645,
2020-05-14,PORTFOLIO,ALL,-1946.569089937393,592911.6578070271,
2020-05-15,PORTFOLIO,ALL,-185.55812133454623,592726.0996856926,
2020-05-18,PORTFOLIO,ALL,749.4795370424872,593475.579222735,
2020-05-19,PORTFOLIO,ALL,65.72638394290453,593541.3056066779,
2020-05-20,PORTFOLIO,ALL,-203.3977997177333,593337.9078069602,
2020-05-21,PORTFOLIO,ALL,-630.4541834190454,592707.4536235412,
2020-05-22,PORTFOLIO,ALL,0.0,592707.4536235412,
2020-05-26,PORTFOLIO,ALL,0.0,592707.4536235412,
2020-05-27,PORTFOLIO,ALL,0.0,592707.4536235412,
2020-05-28,PORTFOLIO,ALL,0.0,592707.4536235412,
2020-05-29,PORTFOLIO,ALL,0.0,592707.4536235412,
2020-06-01,PORTFOLIO,ALL,0.0,592707.4536235412,
2020-06-02,PORTFOLIO,ALL,0.0,592707.4536235412,
2020-06-03,PORTFOLIO,ALL,0.0,592707.4536235412,
2020-06-04,PORTFOLIO,ALL,0.0,592707.4536235412,
2020-06-05,PORTFOLIO,ALL,0.0,592707.4536235412,
2020-06-08,PORTFOLIO,ALL,0.0,592707.4536235412,
2020-06-09,PORTFOLIO,ALL,0.0,592707.4536235412,
2020-06-10,PORTFOLIO,ALL,0.0,592707.4536235412,
2020-06-11,PORTFOLIO,ALL,0.0,592707.4536235412,
2020-06-12,PORTFOLIO,ALL,0.0,592707.4536235412,
2020-06-15,PORTFOLIO,ALL,0.0,592707.4536235412,
2020-06-16,PORTFOLIO,ALL,0.0,592707.4536235412,
2020-06-17,PORTFOLIO,ALL,0.0,592707.4536235412,
2020-06-18,PORTFOLIO,ALL,0.0,592707.4536235412,
2020-06-19,PORTFOLIO,ALL,0.0,592707.4536235412,
2020-06-22,PORTFOLIO,ALL,0.0,592707.4536235412,
2020-06-23,PORTFOLIO,ALL,-943.1709688511011,591764.2826546901,
2020-06-24,PORTFOLIO,ALL,-928.7075031102846,590835.5751515798,
2020-06-25,PORTFOLIO,ALL,628.4629420617455,591464.0380936415,
2020-06-26,PORTFOLIO,ALL,-3858.6626462502677,587605.3754473913,
2020-06-29,PORTFOLIO,ALL,972.615106987104,588577.9905543784,
2020-06-30,PORTFOLIO,ALL,-198.24827743739297,588379.742276941,
2020-07-01,PORTFOLIO,ALL,3.304135006421234,588383.0464119473,
2020-07-02,PORTFOLIO,ALL,-1168.8935639514661,587214.1528479959,
2020-07-03,PORTFOLIO,ALL,125.93743057041952,587340.0902785663,
2020-07-06,PORTFOLIO,ALL,-181.0846420162671,587159.00563655,
2020-07-07,PORTFOLIO,ALL,-2026.1007113187607,585132.9049252314,
2020-07-08,PORTFOLIO,ALL,-354.76662272715475,584778.1383025042,
2020-07-09,PORTFOLIO,ALL,218.2812010982984,584996.4195036024,
2020-07-10,PORTFOLIO,ALL,-361.132238622378,584635.28726498,
2020-07-13,PORTFOLIO,ALL,330.70862425085346,584965.995889231,
2020-07-14,PORTFOLIO,ALL,351.2871414577564,585317.2830306886,
2020-07-15,PORTFOLIO,ALL,-3008.017806332941,582309.2652243557,
2020-07-16,PORTFOLIO,ALL,-6738.588246250939,575570.6769781047,
2020-07-17,PORTFOLIO,ALL,-336.53604188516425,575234.1409362196,
2020-07-20,PORTFOLIO,ALL,-2168.769029350385,573065.3719068692,
2020-07-21,PORTFOLIO,ALL,584.8157141481164,573650.1876210173,
2020-07-22,PORTFOLIO,ALL,-84.99074629287007,573565.1968747245,
2020-07-23,PORTFOLIO,ALL,455.8607849422089,574021.0576596668,
2020-07-24,PORTFOLIO,ALL,-164.983168309878,573856.0744913568,
2020-07-27,PORTFOLIO,ALL,433.2246535075985,574289.2991448644,
2020-07-28,PORTFOLIO,ALL,107.87858602203141,574397.1777308865,
2020-07-29,PORTFOLIO,ALL,0.0,574397.1777308865,
2020-07-30,PORTFOLIO,ALL,0.0,574397.1777308865,
2020-07-31,PORTFOLIO,ALL,0.0,574397.1777308865,
2020-08-03,PORTFOLIO,ALL,0.0,574397.1777308865,
2020-08-04,PORTFOLIO,ALL,0.0,574397.1777308865,
2020-08-05,PORTFOLIO,ALL,-823.4647318210983,573573.7129990654,
2020-08-06,PORTFOLIO,ALL,477.1357591235017,574050.8487581889,
2020-08-07,PORTFOLIO,ALL,-116.46518469071061,573934.3835734981,
2020-08-10,PORTFOLIO,ALL,437.47586999678936,574371.8594434949,
2020-08-11,PORTFOLIO,ALL,95.28617861729452,574467.1456221122,
2020-08-12,PORTFOLIO,ALL,384.1154582887414,574851.261080401,
2020-08-13,PORTFOLIO,ALL,1178.901280821918,576030.1623612229,
2020-08-14,PORTFOLIO,ALL,762.4716386453791,576792.6339998683,
2020-08-17,PORTFOLIO,ALL,0.0,576792.6339998683,
2020-08-18,PORTFOLIO,ALL,0.0,576792.6339998683,
2020-08-19,PORTFOLIO,ALL,0.0,576792.6339998683,
2020-08-20,PORTFOLIO,ALL,0.0,576792.6339998683,
2020-08-21,PORTFOLIO,ALL,0.0,576792.6339998683,
2020-08-24,PORTFOLIO,ALL,0.0,576792.6339998683,
2020-08-25,PORTFOLIO,ALL,0.0,576792.6339998683,
2020-08-26,PORTFOLIO,ALL,0.0,576792.6339998683,
2020-08-27,PORTFOLIO,ALL,0.0,576792.6339998683,
2020-08-28,PORTFOLIO,ALL,0.0,576792.6339998683,
2020-08-31,PORTFOLIO,ALL,0.0,576792.6339998683,
2020-09-01,PORTFOLIO,ALL,0.0,576792.6339998683,
2020-09-02,PORTFOLIO,ALL,-857.0714406597314,575935.5625592086,
2020-09-03,PORTFOLIO,ALL,-801.3049050995292,575134.257654109,
2020-09-04,PORTFOLIO,ALL,185.0304665828339,575319.2881206919,
2020-09-07,PORTFOLIO,ALL,-1063.9815151969178,574255.3066054949,
2020-09-08,PORTFOLIO,ALL,-543.6559433837454,573711.6506621112,
2020-09-09,PORTFOLIO,ALL,420.9512104157748,574132.6018725269,
2020-09-10,PORTFOLIO,ALL,773.8258943305865,574906.4277668576,
2020-09-11,PORTFOLIO,ALL,1428.4377747451572,576334.8655416027,
2020-09-14,PORTFOLIO,ALL,655.5237236127462,576990.3892652155,
2020-09-15,PORTFOLIO,ALL,400.60219399814804,577390.9914592137,
2020-09-16,PORTFOLIO,ALL,-581.4604256608461,576809.5310335527,
2020-09-17,PORTFOLIO,ALL,168.88739756795806,576978.4184311207,
2020-09-18,PORTFOLIO,ALL,910.9237839489217,577889.3422150697,
2020-09-21,PORTFOLIO,ALL,87.7497031350357,577977.0919182047,
2020-09-22,PORTFOLIO,ALL,-406.90462740461487,577570.1872908,
2020-09-23,PORTFOLIO,ALL,-1107.752883003133,576462.434407797,
2020-09-24,PORTFOLIO,ALL,-238.43880833288742,576223.995599464,
2020-09-25,PORTFOLIO,ALL,108.8629667968722,576332.8585662609,
2020-09-28,PORTFOLIO,ALL,861.1322664209708,577193.9908326819,
2020-09-29,PORTFOLIO,ALL,663.6221614338017,577857.6129941157,
2020-09-30,PORTFOLIO,ALL,-858.7049396805405,576998.9080544352,
2020-10-01,PORTFOLIO,ALL,73.77711892658391,577072.6851733617,
2020-10-05,PORTFOLIO,ALL,-548.1484603689534,576524.5367129928,
2020-10-06,PORTFOLIO,ALL,-80.6543410744863,576443.8823719183,
2020-10-07,PORTFOLIO,ALL,337.9640963051156,576781.8464682234,
2020-10-08,PORTFOLIO,ALL,212.4388361448523,576994.2853043682,
2020-10-09,PORTFOLIO,ALL,-462.2018142190175,576532.0834901492,
2020-10-12,PORTFOLIO,ALL,137.23666646377353,576669.320156613,
2020-10-13,PORTFOLIO,ALL,604.6008796888377,577273.9210363019,
2020-10-14,PORTFOLIO,ALL,-251.83344015544733,577022.0875961464,
2020-10-15,PORTFOLIO,ALL,396.0437247498395,577418.1313208962,
2020-10-16,PORTFOLIO,ALL,-1004.1408373194545,576413.9904835768,
2020-10-19,PORTFOLIO,ALL,734.9921730722924,577148.9826566491,
2020-10-20,PORTFOLIO,ALL,-888.9065234975287,576260.0761331515,
2020-10-21,PORTFOLIO,ALL,-964.8676292540612,575295.2085038975,
2020-10-22,PORTFOLIO,ALL,-983.5434911774937,574311.66501272,
2020-10-23,PORTFOLIO,ALL,-66.39264598940494,574245.2723667306,
2020-10-26,PORTFOLIO,ALL,-1282.8647269170056,572962.4076398136,
2020-10-27,PORTFOLIO,ALL,2825.753695118528,575788.1613349321,
2020-10-28,PORTFOLIO,ALL,270.63245110498417,576058.7937860371,
2020-10-29,PORTFOLIO,ALL,-524.7285860994748,575534.0651999377,
2020-10-30,PORTFOLIO,ALL,-367.16086117428296,575166.9043387633,
2020-11-02,PORTFOLIO,ALL,-212.94302153119648,574953.9613172321,
2020-11-03,PORTFOLIO,ALL,-638.3183793276434,574315.6429379045,
2020-11-04,PORTFOLIO,ALL,-1174.437132505634,573141.2058053989,
2020-11-05,PORTFOLIO,ALL,0.0,573141.2058053989,
2020-11-06,PORTFOLIO,ALL,0.0,573141.2058053989,
2020-11-09,PORTFOLIO,ALL,0.0,573141.2058053989,
2020-11-10,PORTFOLIO,ALL,0.0,573141.2058053989,
2020-11-11,PORTFOLIO,ALL,0.0,573141.2058053989,
2020-11-12,PORTFOLIO,ALL,0.0,573141.2058053989,
2020-11-13,PORTFOLIO,ALL,0.0,573141.2058053989,
2020-11-14,PORTFOLIO,ALL,0.0,573141.2058053989,
2020-11-17,PORTFOLIO,ALL,-1021.9873535566652,572119.2184518422,
2020-11-18,PORTFOLIO,ALL,-2120.0550600652828,569999.163391777,
2020-11-19,PORTFOLIO,ALL,1220.067720703125,571219.23111248,
2020-11-20,PORTFOLIO,ALL,-556.4571182577055,570662.7739942223,
2020-11-23,PORTFOLIO,ALL,876.8614957726884,571539.635489995,
2020-11-24,PORTFOLIO,ALL,-1511.0990477311643,570028.5364422639,
2020-11-25,PORTFOLIO,ALL,689.0362009578339,570717.5726432217,
2020-11-26,PORTFOLIO,ALL,1082.1527656785104,571799.7254089002,
2020-11-27,PORTFOLIO,ALL,1644.9905625802653,573444.7159714805,
2020-12-01,PORTFOLIO,ALL,48.36866502568493,573493.0846365062,
2020-12-02,PORTFOLIO,ALL,256.8391866438356,573749.92382315,
2020-12-03,PORTFOLIO,ALL,-92.75223549871575,573657.1715876512,
2020-12-04,PORTFOLIO,ALL,587.5573221586045,574244.7289098098,
2020-12-07,PORTFOLIO,ALL,-254.38393926583905,573990.3449705441,
2020-12-08,PORTFOLIO,ALL,123.78612938784246,574114.1310999319,
2020-12-09,PORTFOLIO,ALL,-854.2128202511785,573259.9182796807,
2020-12-10,PORTFOLIO,ALL,0.0,573259.9182796807,
2020-12-11,PORTFOLIO,ALL,0.0,573259.9182796807,
2020-12-14,PORTFOLIO,ALL,0.0,573259.9182796807,
2020-12-15,PORTFOLIO,ALL,0.0,573259.9182796807,
2020-12-16,PORTFOLIO,ALL,0.0,573259.9182796807,
2020-12-17,PORTFOLIO,ALL,0.0,573259.9182796807,
2020-12-18,PORTFOLIO,ALL,0.0,573259.9182796807,
2020-12-21,PORTFOLIO,ALL,0.0,573259.9182796807,
2020-12-22,PORTFOLIO,ALL,0.0,573259.9182796807,
2020-12-23,PORTFOLIO,ALL,0.0,573259.9182796807,
2020-12-24,PORTFOLIO,ALL,0.0,573259.9182796807,
2020-12-28,PORTFOLIO,ALL,0.0,573259.9182796807,
2020-12-29,PORTFOLIO,ALL,0.0,573259.9182796807,
2020-12-30,PORTFOLIO,ALL,0.0,573259.9182796807,
2020-12-31,PORTFOLIO,ALL,0.0,573259.9182796807,
2021-01-01,PORTFOLIO,ALL,0.0,573259.9182796807,
2021-01-04,PORTFOLIO,ALL,-1144.8153709225874,572115.1029087581,
2021-01-05,PORTFOLIO,ALL,-9.908071516481165,572105.1948372417,
2021-01-06,PORTFOLIO,ALL,932.1326321703767,573037.327469412,
2021-01-07,PORTFOLIO,ALL,-624.158284353596,572413.1691850584,
2021-01-08,PORTFOLIO,ALL,-526.4722862799657,571886.6968987784,
2021-01-11,PORTFOLIO,ALL,-731.1321215095343,571155.5647772689,
2021-01-12,PORTFOLIO,ALL,-3656.710733224529,567498.8540440444,
2021-01-13,PORTFOLIO,ALL,268.1086653601241,567766.9627094045,
2021-01-14,PORTFOLIO,ALL,133.38953697559933,567900.3522463802,
2021-01-15,PORTFOLIO,ALL,-1250.183961098031,566650.1682852821,
2021-01-18,PORTFOLIO,ALL,-2285.1538121789304,564365.0144731032,
2021-01-19,PORTFOLIO,ALL,1220.6394381287378,565585.6539112319,
2021-01-20,PORTFOLIO,ALL,-49.49942278323459,565536.1544884486,
2021-01-21,PORTFOLIO,ALL,15.931376926377819,565552.085865375,
2021-01-22,PORTFOLIO,ALL,516.8460131100092,566068.931878485,
2021-01-25,PORTFOLIO,ALL,-1791.7544310386345,564277.1774474464,
2021-01-27,PORTFOLIO,ALL,1478.4974927894825,565755.6749402359,
2021-01-28,PORTFOLIO,ALL,482.18224499679735,566237.8571852327,
2021-01-29,PORTFOLIO,ALL,-1119.3369553322989,565118.5202299004,
2021-02-01,PORTFOLIO,ALL,-1302.9441789383561,563815.5760509621,
2021-02-02,PORTFOLIO,ALL,-1998.6350606806507,561816.9409902814,
2021-02-03,PORTFOLIO,ALL,-889.6523687794306,560927.288621502,
2021-02-04,PORTFOLIO,ALL,1420.3965359856672,562347.6851574876,
2021-02-05,PORTFOLIO,ALL,-610.8344469166154,561736.850710571,
2021-02-08,PORTFOLIO,ALL,0.0,561736.850710571,
2021-02-09,PORTFOLIO,ALL,0.0,561736.850710571,
2021-02-10,PORTFOLIO,ALL,0.0,561736.850710571,
2021-02-11,PORTFOLIO,ALL,0.0,561736.850710571,
2021-02-12,PORTFOLIO,ALL,0.0,561736.850710571,
2021-02-15,PORTFOLIO,ALL,0.0,561736.850710571,
2021-02-16,PORTFOLIO,ALL,0.0,561736.850710571,
2021-02-17,PORTFOLIO,ALL,0.0,561736.850710571,
2021-02-18,PORTFOLIO,ALL,0.0,561736.850710571,
2021-02-19,PORTFOLIO,ALL,-963.2474998687387,560773.6032107023,
2021-02-22,PORTFOLIO,ALL,20.965379815924656,560794.5685905182,
2021-02-23,PORTFOLIO,ALL,914.9093236702697,561709.4779141884,
2021-02-24,PORTFOLIO,ALL,216.16216952193645,561925.6400837104,
2021-02-25,PORTFOLIO,ALL,0.0,561925.6400837104,
2021-02-26,PORTFOLIO,ALL,0.0,561925.6400837104,
2021-03-01,PORTFOLIO,ALL,0.0,561925.6400837104,
2021-03-02,PORTFOLIO,ALL,0.0,561925.6400837104,
2021-03-03,PORTFOLIO,ALL,0.0,561925.6400837104,
2021-03-04,PORTFOLIO,ALL,0.0,561925.6400837104,
2021-03-05,PORTFOLIO,ALL,-973.2332438353318,560952.406839875,
2021-03-08,PORTFOLIO,ALL,-124.50314586900686,560827.903694006,
2021-03-09,PORTFOLIO,ALL,-95.91735471961071,560731.9863392864,
2021-03-10,PORTFOLIO,ALL,88.28816583503237,560820.2745051215,
2021-03-12,PORTFOLIO,ALL,371.142955171768,561191.4174602933,
2021-03-15,PORTFOLIO,ALL,-240.3518520240261,560951.0656082692,
2021-03-16,PORTFOLIO,ALL,-112.11155567744007,560838.9540525918,
2021-03-17,PORTFOLIO,ALL,190.71736351535745,561029.6714161071,
2021-03-18,PORTFOLIO,ALL,505.5828668129281,561535.25428292,
2021-03-19,PORTFOLIO,ALL,72.36786587649829,561607.6221487966,
2021-03-22,PORTFOLIO,ALL,-427.3173159246575,561180.3048328719,
2021-03-23,PORTFOLIO,ALL,-171.74339535135437,561008.5614375205,
2021-03-24,PORTFOLIO,ALL,0.0,561008.5614375205,
2021-03-25,PORTFOLIO,ALL,0.0,561008.5614375205,
2021-03-26,PORTFOLIO,ALL,0.0,561008.5614375205,
2021-03-30,PORTFOLIO,ALL,0.0,561008.5614375205,
2021-03-31,PORTFOLIO,ALL,0.0,561008.5614375205,
2021-04-01,PORTFOLIO,ALL,0.0,561008.5614375205,
2021-04-05,PORTFOLIO,ALL,0.0,561008.5614375205,
2021-04-06,PORTFOLIO,ALL,0.0,561008.5614375205,
2021-04-07,PORTFOLIO,ALL,0.0,561008.5614375205,
2021-04-08,PORTFOLIO,ALL,0.0,561008.5614375205,
2021-04-09,PORTFOLIO,ALL,0.0,561008.5614375205,
2021-04-12,PORTFOLIO,ALL,0.0,561008.5614375205,
2021-04-13,PORTFOLIO,ALL,0.0,561008.5614375205,
2021-04-15,PORTFOLIO,ALL,0.0,561008.5614375205,
2021-04-16,PORTFOLIO,ALL,0.0,561008.5614375205,
2021-04-19,PORTFOLIO,ALL,0.0,561008.5614375205,
2021-04-20,PORTFOLIO,ALL,0.0,561008.5614375205,
2021-04-22,PORTFOLIO,ALL,0.0,561008.5614375205,
2021-04-23,PORTFOLIO,ALL,0.0,561008.5614375205,
2021-04-26,PORTFOLIO,ALL,0.0,561008.5614375205,
2021-04-27,PORTFOLIO,ALL,0.0,561008.5614375205,
2021-04-28,PORTFOLIO,ALL,0.0,561008.5614375205,
2021-04-29,PORTFOLIO,ALL,0.0,561008.5614375205,
2021-04-30,PORTFOLIO,ALL,0.0,561008.5614375205,
2021-05-03,PORTFOLIO,ALL,0.0,561008.5614375205,
2021-05-04,PORTFOLIO,ALL,0.0,561008.5614375205,
2021-05-05,PORTFOLIO,ALL,0.0,561008.5614375205,
2021-05-06,PORTFOLIO,ALL,0.0,561008.5614375205,
2021-05-07,PORTFOLIO,ALL,0.0,561008.5614375205,
2021-05-10,PORTFOLIO,ALL,0.0,561008.5614375205,
2021-05-11,PORTFOLIO,ALL,0.0,561008.5614375205,
2021-05-12,PORTFOLIO,ALL,0.0,561008.5614375205,
2021-05-14,PORTFOLIO,ALL,0.0,561008.5614375205,
2021-05-17,PORTFOLIO,ALL,0.0,561008.5614375205,
2021-05-18,PORTFOLIO,ALL,-918.9374203081754,560089.6240172124,
2021-05-19,PORTFOLIO,ALL,9.995047289704623,560099.6190645021,
2021-05-20,PORTFOLIO,ALL,211.20292299871087,560310.8219875008,
2021-05-21,PORTFOLIO,ALL,-688.0947835843808,559622.7272039164,
2021-05-24,PORTFOLIO,ALL,-318.5151126391267,559304.2120912772,
2021-05-25,PORTFOLIO,ALL,615.0588029417224,559919.2708942189,
2021-05-26,PORTFOLIO,ALL,-131.39624123768775,559787.8746529813,
2021-05-27,PORTFOLIO,ALL,486.6040525671554,560274.4787055484,
2021-05-28,PORTFOLIO,ALL,-97.81609388377568,560176.6626116647,
2021-05-31,PORTFOLIO,ALL,-182.4499697332513,559994.2126419315,
2021-06-01,PORTFOLIO,ALL,-92.85097756581763,559901.3616643656,
2021-06-02,PORTFOLIO,ALL,-63.562845141267125,559837.7988192244,
2021-06-03,PORTFOLIO,ALL,132.91095254976454,559970.7097717741,
2021-06-04,PORTFOLIO,ALL,404.9421813128746,560375.651953087,
2021-06-07,PORTFOLIO,ALL,81.63966332004495,560457.291616407,
2021-06-08,PORTFOLIO,ALL,24.420213673212757,560481.7118300803,
2021-06-09,PORTFOLIO,ALL,-124.98061322773972,560356.7312168526,
2021-06-10,PORTFOLIO,ALL,259.7451088265197,560616.476325679,
2021-06-11,PORTFOLIO,ALL,-222.28270330559718,560394.1936223734,
2021-06-14,PORTFOLIO,ALL,-294.77240558781034,560099.4212167857,
2021-06-15,PORTFOLIO,ALL,-214.6557891427654,559884.7654276429,
2021-06-16,PORTFOLIO,ALL,-50.33874645494435,559834.4266811879,
2021-06-17,PORTFOLIO,ALL,523.8076230401862,560358.2343042281,
2021-06-18,PORTFOLIO,ALL,-428.0087803670805,559930.225523861,
2021-06-21,PORTFOLIO,ALL,-19.77201145119863,559910.4535124098,
2021-06-22,PORTFOLIO,ALL,-147.74975519050147,559762.7037572192,
2021-06-23,PORTFOLIO,ALL,-397.38553215967465,559365.3182250597,
2021-06-24,PORTFOLIO,ALL,-478.6101065857721,558886.7081184739,
2021-06-25,PORTFOLIO,ALL,-267.1017171781357,558619.6064012958,
2021-06-28,PORTFOLIO,ALL,118.61404176476884,558738.2204430605,
2021-06-29,PORTFOLIO,ALL,-478.48294895119864,558259.7374941093,
2021-06-30,PORTFOLIO,ALL,90.8860946864298,558350.6235887958,
2021-07-01,PORTFOLIO,ALL,432.98736605709547,558783.6109548528,
2021-07-02,PORTFOLIO,ALL,127.02205175112371,558910.6330066039,
2021-07-05,PORTFOLIO,ALL,-92.51006996468323,558818.1229366392,
2021-07-06,PORTFOLIO,ALL,-526.0750113709332,558292.0479252683,
2021-07-07,PORTFOLIO,ALL,-11.696343576091609,558280.3515816922,
2021-07-08,PORTFOLIO,ALL,-60.1663818359375,558220.1851998563,
2021-07-09,PORTFOLIO,ALL,221.11594405500855,558441.3011439113,
2021-07-12,PORTFOLIO,ALL,552.8139439412993,558994.1150878526,
2021-07-13,PORTFOLIO,ALL,-604.6356996181619,558389.4793882344,
2021-07-14,PORTFOLIO,ALL,0.0,558389.4793882344,
2021-07-15,PORTFOLIO,ALL,0.0,558389.4793882344,
2021-07-16,PORTFOLIO,ALL,0.0,558389.4793882344,
2021-07-19,PORTFOLIO,ALL,0.0,558389.4793882344,
2021-07-20,PORTFOLIO,ALL,0.0,558389.4793882344,
2021-07-22,PORTFOLIO,ALL,0.0,558389.4793882344,
2021-07-23,PORTFOLIO,ALL,0.0,558389.4793882344,
2021-07-26,PORTFOLIO,ALL,0.0,558389.4793882344,
2021-07-27,PORTFOLIO,ALL,0.0,558389.4793882344,
2021-07-28,PORTFOLIO,ALL,0.0,558389.4793882344,
2021-07-29,PORTFOLIO,ALL,0.0,558389.4793882344,
2021-07-30,PORTFOLIO,ALL,0.0,558389.4793882344,
2021-08-02,PORTFOLIO,ALL,0.0,558389.4793882344,
2021-08-03,PORTFOLIO,ALL,0.0,558389.4793882344,
2021-08-04,PORTFOLIO,ALL,0.0,558389.4793882344,
2021-08-05,PORTFOLIO,ALL,0.0,558389.4793882344,
2021-08-06,PORTFOLIO,ALL,0.0,558389.4793882344,
2021-08-09,PORTFOLIO,ALL,0.0,558389.4793882344,
2021-08-10,PORTFOLIO,ALL,0.0,558389.4793882344,
2021-08-11,PORTFOLIO,ALL,0.0,558389.4793882344,
2021-08-12,PORTFOLIO,ALL,0.0,558389.4793882344,
2021-08-13,PORTFOLIO,ALL,-900.2591630997299,557489.2202251347,
2021-08-16,PORTFOLIO,ALL,-261.24305881447987,557227.9771663202,
2021-08-17,PORTFOLIO,ALL,604.7960503063405,557832.7732166266,
2021-08-18,PORTFOLIO,ALL,-744.8024475599315,557087.9707690666,
2021-08-20,PORTFOLIO,ALL,-1002.3830938637035,556085.587675203,
2021-08-23,PORTFOLIO,ALL,-44.531565108625855,556041.0561100943,
2021-08-24,PORTFOLIO,ALL,-1312.3284067650363,554728.7277033293,
2021-08-25,PORTFOLIO,ALL,-122.22965445740581,554606.4980488719,
2021-08-26,PORTFOLIO,ALL,75.93725532427226,554682.4353041961,
2021-08-27,PORTFOLIO,ALL,512.0460805062072,555194.4813847024,
2021-08-30,PORTFOLIO,ALL,-169.51093964041095,555024.9704450619,
2021-08-31,PORTFOLIO,ALL,-54.46827191914598,554970.5021731427,
2021-09-01,PORTFOLIO,ALL,-82.88188546794734,554887.6202876748,
2021-09-02,PORTFOLIO,ALL,287.8321573001391,555175.452444975,
2021-09-03,PORTFOLIO,ALL,703.7054313262521,555879.1578763012,
2021-09-06,PORTFOLIO,ALL,-42.244392524614724,555836.9134837766,
2021-09-07,PORTFOLIO,ALL,-317.5372472308433,555519.3762365457,
2021-09-08,PORTFOLIO,ALL,794.6825514033069,556314.058787949,
2021-09-09,PORTFOLIO,ALL,281.343440476509,556595.4022284256,
2021-09-13,PORTFOLIO,ALL,844.1334676664228,557439.5356960921,
2021-09-14,PORTFOLIO,ALL,-243.69468271464257,557195.8410133774,
2021-09-15,PORTFOLIO,ALL,0.0,557195.8410133774,
2021-09-16,PORTFOLIO,ALL,0.0,557195.8410133774,
2021-09-17,PORTFOLIO,ALL,0.0,557195.8410133774,
2021-09-20,PORTFOLIO,ALL,0.0,557195.8410133774,
2021-09-21,PORTFOLIO,ALL,0.0,557195.8410133774,
2021-09-22,PORTFOLIO,ALL,0.0,557195.8410133774,
2021-09-23,PORTFOLIO,ALL,0.0,557195.8410133774,
2021-09-24,PORTFOLIO,ALL,0.0,557195.8410133774,
2021-09-27,PORTFOLIO,ALL,0.0,557195.8410133774,
2021-09-28,PORTFOLIO,ALL,0.0,557195.8410133774,
2021-09-29,PORTFOLIO,ALL,0.0,557195.8410133774,
2021-09-30,PORTFOLIO,ALL,0.0,557195.8410133774,
2021-10-01,PORTFOLIO,ALL,0.0,557195.8410133774,
2021-10-04,PORTFOLIO,ALL,-824.597774736253,556371.2432386411,
2021-10-05,PORTFOLIO,ALL,-407.1078568901208,555964.135381751,
2021-10-06,PORTFOLIO,ALL,-942.6976131942959,555021.4377685566,
2021-10-07,PORTFOLIO,ALL,65.568617358064,555087.0063859147,
2021-10-08,PORTFOLIO,ALL,-23.761029126311,555063.2453567884,
2021-10-11,PORTFOLIO,ALL,-316.16963650470893,554747.0757202838,
2021-10-12,PORTFOLIO,ALL,394.41360165948737,555141.4893219433,
2021-10-13,PORTFOLIO,ALL,-77.81119565362386,555063.6781262896,
2021-10-14,PORTFOLIO,ALL,-1234.4713905748383,553829.2067357148,
2021-10-18,PORTFOLIO,ALL,379.411069553323,554208.6178052681,
2021-10-19,PORTFOLIO,ALL,-181.25239462154858,554027.3654106465,
2021-10-20,PORTFOLIO,ALL,116.96028071824165,554144.3256913648,
2021-10-21,PORTFOLIO,ALL,1787.2476410497377,555931.5733324145,
2021-10-22,PORTFOLIO,ALL,266.99120478716287,556198.5645372017,
2021-10-25,PORTFOLIO,ALL,410.4569862378264,556609.0215234396,
2021-10-26,PORTFOLIO,ALL,-31.51595185910537,556577.5055715804,
2021-10-27,PORTFOLIO,ALL,0.0,556577.5055715804,
2021-10-28,PORTFOLIO,ALL,0.0,556577.5055715804,
2021-10-29,PORTFOLIO,ALL,0.0,556577.5055715804,
2021-11-01,PORTFOLIO,ALL,0.0,556577.5055715804,
2021-11-02,PORTFOLIO,ALL,0.0,556577.5055715804,
2021-11-03,PORTFOLIO,ALL,0.0,556577.5055715804,
2021-11-04,PORTFOLIO,ALL,0.0,556577.5055715804,
2021-11-08,PORTFOLIO,ALL,0.0,556577.5055715804,
2021-11-09,PORTFOLIO,ALL,0.0,556577.5055715804,
2021-11-10,PORTFOLIO,ALL,0.0,556577.5055715804,
2021-11-11,PORTFOLIO,ALL,0.0,556577.5055715804,
2021-11-12,PORTFOLIO,ALL,-733.6493246481416,555843.8562469323,
2021-11-15,PORTFOLIO,ALL,94.00404075810681,555937.8602876904,
2021-11-16,PORTFOLIO,ALL,104.72787759859268,556042.5881652889,
2021-11-17,PORTFOLIO,ALL,174.76241953726992,556217.3505848262,
2021-11-18,PORTFOLIO,ALL,-526.2995291664437,555691.0510556598,
2021-11-22,PORTFOLIO,ALL,-19.413510370959976,555671.6375452888,
2021-11-23,PORTFOLIO,ALL,253.341444553323,555924.9789898421,
2021-11-24,PORTFOLIO,ALL,200.12536946168663,556125.1043593038,
2021-11-25,PORTFOLIO,ALL,4.251675834760274,556129.3560351386,
2021-11-26,PORTFOLIO,ALL,294.20152246762626,556423.5575576063,
2021-11-29,PORTFOLIO,ALL,217.7674172396725,556641.3249748459,
2021-11-30,PORTFOLIO,ALL,-360.0005398785317,556281.3244349674,
2021-12-01,PORTFOLIO,ALL,-398.7962630932952,555882.5281718741,
2021-12-02,PORTFOLIO,ALL,-484.88056868378106,555397.6476031903,
2021-12-03,PORTFOLIO,ALL,-161.2825401661494,555236.3650630241,
2021-12-06,PORTFOLIO,ALL,-23.27763399307042,555213.087429031,
2021-12-07,PORTFOLIO,ALL,-106.13575924724422,555106.9516697838,
2021-12-08,PORTFOLIO,ALL,-947.651429764421,554159.3002400195,
2021-12-09,PORTFOLIO,ALL,694.206072546554,554853.506312566,
2021-12-10,PORTFOLIO,ALL,-81.95921203446062,554771.5471005315,
2021-12-13,PORTFOLIO,ALL,74.43170824526433,554845.9788087767,
2021-12-14,PORTFOLIO,ALL,-88.36200083275085,554757.616807944,
2021-12-15,PORTFOLIO,ALL,322.1474415366785,555079.7642494807,
2021-12-16,PORTFOLIO,ALL,-76.75956547650898,555003.0046840042,
2021-12-17,PORTFOLIO,ALL,83.61614912644478,555086.6208331307,
2021-12-20,PORTFOLIO,ALL,403.4253623826286,555490.0461955132,
2021-12-21,PORTFOLIO,ALL,0.0,555490.0461955132,
2021-12-22,PORTFOLIO,ALL,0.0,555490.0461955132,
2021-12-23,PORTFOLIO,ALL,0.0,555490.0461955132,
2021-12-24,PORTFOLIO,ALL,0.0,555490.0461955132,
2021-12-27,PORTFOLIO,ALL,0.0,555490.0461955132,
2021-12-28,PORTFOLIO,ALL,0.0,555490.0461955132,
2021-12-29,PORTFOLIO,ALL,0.0,555490.0461955132,
2021-12-30,PORTFOLIO,ALL,0.0,555490.0461955132,
2021-12-31,PORTFOLIO,ALL,0.0,555490.0461955132,
2022-01-03,PORTFOLIO,ALL,0.0,555490.0461955132,
2022-01-04,PORTFOLIO,ALL,0.0,555490.0461955132,
2022-01-05,PORTFOLIO,ALL,0.0,555490.0461955132,
2022-01-06,PORTFOLIO,ALL,0.0,555490.0461955132,
2022-01-07,PORTFOLIO,ALL,0.0,555490.0461955132,
2022-01-10,PORTFOLIO,ALL,0.0,555490.0461955132,
2022-01-11,PORTFOLIO,ALL,0.0,555490.0461955132,
2022-01-12,PORTFOLIO,ALL,0.0,555490.0461955132,
2022-01-13,PORTFOLIO,ALL,0.0,555490.0461955132,
2022-01-14,PORTFOLIO,ALL,0.0,555490.0461955132,
2022-01-17,PORTFOLIO,ALL,0.0,555490.0461955132,
2022-01-18,PORTFOLIO,ALL,0.0,555490.0461955132,
2022-01-19,PORTFOLIO,ALL,0.0,555490.0461955132,
2022-01-20,PORTFOLIO,ALL,0.0,555490.0461955132,
2022-01-21,PORTFOLIO,ALL,0.0,555490.0461955132,
2022-01-24,PORTFOLIO,ALL,0.0,555490.0461955132,
2022-01-25,PORTFOLIO,ALL,0.0,555490.0461955132,
2022-01-27,PORTFOLIO,ALL,0.0,555490.0461955132,
2022-01-28,PORTFOLIO,ALL,0.0,555490.0461955132,
2022-01-31,PORTFOLIO,ALL,0.0,555490.0461955132,
2022-02-01,PORTFOLIO,ALL,0.0,555490.0461955132,
2022-02-02,PORTFOLIO,ALL,0.0,555490.0461955132,
2022-02-03,PORTFOLIO,ALL,0.0,555490.0461955132,
2022-02-04,PORTFOLIO,ALL,0.0,555490.0461955132,
2022-02-07,PORTFOLIO,ALL,0.0,555490.0461955132,
2022-02-08,PORTFOLIO,ALL,0.0,555490.0461955132,
2022-02-09,PORTFOLIO,ALL,0.0,555490.0461955132,
2022-02-10,PORTFOLIO,ALL,0.0,555490.0461955132,
2022-02-11,PORTFOLIO,ALL,0.0,555490.0461955132,
2022-02-14,PORTFOLIO,ALL,0.0,555490.0461955132,
2022-02-15,PORTFOLIO,ALL,0.0,555490.0461955132,
2022-02-16,PORTFOLIO,ALL,0.0,555490.0461955132,
2022-02-17,PORTFOLIO,ALL,0.0,555490.0461955132,
2022-02-18,PORTFOLIO,ALL,0.0,555490.0461955132,
2022-02-21,PORTFOLIO,ALL,0.0,555490.0461955132,
2022-02-22,PORTFOLIO,ALL,0.0,555490.0461955132,
2022-02-23,PORTFOLIO,ALL,0.0,555490.0461955132,
2022-02-24,PORTFOLIO,ALL,0.0,555490.0461955132,
2022-02-25,PORTFOLIO,ALL,0.0,555490.0461955132,
2022-02-28,PORTFOLIO,ALL,0.0,555490.0461955132,
2022-03-02,PORTFOLIO,ALL,0.0,555490.0461955132,
2022-03-03,PORTFOLIO,ALL,0.0,555490.0461955132,
2022-03-04,PORTFOLIO,ALL,0.0,555490.0461955132,
2022-03-07,PORTFOLIO,ALL,0.0,555490.0461955132,
2022-03-08,PORTFOLIO,ALL,0.0,555490.0461955132,
2022-03-09,PORTFOLIO,ALL,0.0,555490.0461955132,
2022-03-10,PORTFOLIO,ALL,0.0,555490.0461955132,
2022-03-11,PORTFOLIO,ALL,0.0,555490.0461955132,
2022-03-14,PORTFOLIO,ALL,0.0,555490.0461955132,
2022-03-15,PORTFOLIO,ALL,0.0,555490.0461955132,
2022-03-16,PORTFOLIO,ALL,0.0,555490.0461955132,
2022-03-17,PORTFOLIO,ALL,0.0,555490.0461955132,
2022-03-21,PORTFOLIO,ALL,0.0,555490.0461955132,
2022-03-22,PORTFOLIO,ALL,0.0,555490.0461955132,
2022-03-23,PORTFOLIO,ALL,0.0,555490.0461955132,
2022-03-24,PORTFOLIO,ALL,0.0,555490.0461955132,
2022-03-25,PORTFOLIO,ALL,0.0,555490.0461955132,
2022-03-28,PORTFOLIO,ALL,0.0,555490.0461955132,
2022-03-29,PORTFOLIO,ALL,0.0,555490.0461955132,
2022-03-30,PORTFOLIO,ALL,0.0,555490.0461955132,
2022-03-31,PORTFOLIO,ALL,0.0,555490.0461955132,
2022-04-01,PORTFOLIO,ALL,0.0,555490.0461955132,
2022-04-04,PORTFOLIO,ALL,-726.3411446414304,554763.7050508718,
2022-04-05,PORTFOLIO,ALL,1009.8653064834385,555773.5703573553,
2022-04-06,PORTFOLIO,ALL,1405.532207141615,557179.1025644969,
2022-04-07,PORTFOLIO,ALL,838.3784960469285,558017.4810605438,
2022-04-08,PORTFOLIO,ALL,271.5374847596051,558289.0185453034,
2022-04-11,PORTFOLIO,ALL,523.1281597147903,558812.1467050182,
2022-04-12,PORTFOLIO,ALL,-459.28873354728734,558352.8579714709,
2022-04-13,PORTFOLIO,ALL,0.0,558352.8579714709,
2022-04-18,PORTFOLIO,ALL,0.0,558352.8579714709,
2022-04-19,PORTFOLIO,ALL,0.0,558352.8579714709,
2022-04-20,PORTFOLIO,ALL,0.0,558352.8579714709,
2022-04-21,PORTFOLIO,ALL,0.0,558352.8579714709,
2022-04-22,PORTFOLIO,ALL,0.0,558352.8579714709,
2022-04-25,PORTFOLIO,ALL,0.0,558352.8579714709,
2022-04-26,PORTFOLIO,ALL,0.0,558352.8579714709,
2022-04-27,PORTFOLIO,ALL,0.0,558352.8579714709,
2022-04-28,PORTFOLIO,ALL,0.0,558352.8579714709,
2022-04-29,PORTFOLIO,ALL,0.0,558352.8579714709,
2022-05-02,PORTFOLIO,ALL,0.0,558352.8579714709,
2022-05-04,PORTFOLIO,ALL,0.0,558352.8579714709,
2022-05-05,PORTFOLIO,ALL,0.0,558352.8579714709,
2022-05-06,PORTFOLIO,ALL,0.0,558352.8579714709,
2022-05-09,PORTFOLIO,ALL,0.0,558352.8579714709,
2022-05-10,PORTFOLIO,ALL,0.0,558352.8579714709,
2022-05-11,PORTFOLIO,ALL,0.0,558352.8579714709,
2022-05-12,PORTFOLIO,ALL,0.0,558352.8579714709,
2022-05-13,PORTFOLIO,ALL,0.0,558352.8579714709,
2022-05-16,PORTFOLIO,ALL,-961.9102440164501,557390.9477274545,
2022-05-17,PORTFOLIO,ALL,-705.3532315389555,556685.5944959155,
2022-05-18,PORTFOLIO,ALL,355.70287184289384,557041.2973677584,
2022-05-19,PORTFOLIO,ALL,212.06064260488014,557253.3580103633,
2022-05-20,PORTFOLIO,ALL,383.8976681827911,557637.255678546,
2022-05-23,PORTFOLIO,ALL,86.56049159888698,557723.816170145,
2022-05-24,PORTFOLIO,ALL,449.16091093214897,558172.9770810772,
2022-05-25,PORTFOLIO,ALL,-220.57562358197774,557952.4014574952,
2022-05-26,PORTFOLIO,ALL,125.29398252889555,558077.695440024,
2022-05-27,PORTFOLIO,ALL,1015.2963423319777,559092.991782356,
2022-05-30,PORTFOLIO,ALL,540.3900776969178,559633.3818600529,
2022-05-31,PORTFOLIO,ALL,-236.0846962489298,559397.297163804,
2022-06-01,PORTFOLIO,ALL,-136.19399202696917,559261.103171777,
2022-06-02,PORTFOLIO,ALL,-806.911984749572,558454.1911870275,
2022-06-03,PORTFOLIO,ALL,-705.2284365635702,557748.9627504639,
2022-06-06,PORTFOLIO,ALL,-243.33025374571918,557505.6324967182,
2022-06-07,PORTFOLIO,ALL,503.53405848672946,558009.1665552049,
2022-06-08,PORTFOLIO,ALL,200.87072942529966,558210.0372846301,
2022-06-09,PORTFOLIO,ALL,-661.1364645761986,557548.900820054,
2022-06-10,PORTFOLIO,ALL,88.89436138163528,557637.7951814356,
2022-06-13,PORTFOLIO,ALL,-440.49643606304346,557197.2987453726,
2022-06-14,PORTFOLIO,ALL,0.0,557197.2987453726,
2022-06-15,PORTFOLIO,ALL,0.0,557197.2987453726,
2022-06-16,PORTFOLIO,ALL,0.0,557197.2987453726,
2022-06-17,PORTFOLIO,ALL,0.0,557197.2987453726,
2022-06-20,PORTFOLIO,ALL,0.0,557197.2987453726,
2022-06-21,PORTFOLIO,ALL,0.0,557197.2987453726,
2022-06-22,PORTFOLIO,ALL,0.0,557197.2987453726,
2022-06-23,PORTFOLIO,ALL,0.0,557197.2987453726,
2022-06-24,PORTFOLIO,ALL,0.0,557197.2987453726,
2022-06-27,PORTFOLIO,ALL,0.0,557197.2987453726,
2022-06-28,PORTFOLIO,ALL,0.0,557197.2987453726,
2022-06-29,PORTFOLIO,ALL,0.0,557197.2987453726,
2022-06-30,PORTFOLIO,ALL,0.0,557197.2987453726,
2022-07-01,PORTFOLIO,ALL,0.0,557197.2987453726,
2022-07-04,PORTFOLIO,ALL,0.0,557197.2987453726,
2022-07-05,PORTFOLIO,ALL,0.0,557197.2987453726,
2022-07-06,PORTFOLIO,ALL,0.0,557197.2987453726,
2022-07-07,PORTFOLIO,ALL,0.0,557197.2987453726,
2022-07-08,PORTFOLIO,ALL,0.0,557197.2987453726,
2022-07-11,PORTFOLIO,ALL,0.0,557197.2987453726,
2022-07-12,PORTFOLIO,ALL,0.0,557197.2987453726,
2022-07-13,PORTFOLIO,ALL,-861.7807124314768,556335.518032941,
2022-07-14,PORTFOLIO,ALL,-1045.004744515204,555290.5132884259,
2022-07-15,PORTFOLIO,ALL,109.95191465111301,555400.4652030771,
2022-07-18,PORTFOLIO,ALL,-2174.44834963613,553226.0168534409,
2022-07-19,PORTFOLIO,ALL,279.7020059262628,553505.7188593672,
2022-07-20,PORTFOLIO,ALL,1026.8973108077375,554532.6161701749,
2022-07-21,PORTFOLIO,ALL,445.0822140344071,554977.6983842093,
2022-07-22,PORTFOLIO,ALL,938.164867247699,555915.863251457,
2022-07-25,PORTFOLIO,ALL,976.9926544038956,556892.8559058609,
2022-07-26,PORTFOLIO,ALL,685.3488192623608,557578.2047251232,
2022-07-27,PORTFOLIO,ALL,713.8865074044842,558292.0912325277,
2022-07-28,PORTFOLIO,ALL,-1219.2542134056614,557072.8370191221,
2022-07-29,PORTFOLIO,ALL,1315.2242076666776,558388.0612267888,
2022-08-01,PORTFOLIO,ALL,-528.0861773999287,557859.9750493888,
2022-08-02,PORTFOLIO,ALL,-1526.3766369929972,556333.5984123958,
2022-08-03,PORTFOLIO,ALL,986.9736112277932,557320.5720236236,
2022-08-04,PORTFOLIO,ALL,288.406825148491,557608.9788487721,
2022-08-05,PORTFOLIO,ALL,-214.19739797596685,557394.7814507962,
2022-08-08,PORTFOLIO,ALL,-111.7942037958328,557282.9872470003,
2022-08-10,PORTFOLIO,ALL,0.0,557282.9872470003,
2022-08-11,PORTFOLIO,ALL,0.0,557282.9872470003,
2022-08-12,PORTFOLIO,ALL,0.0,557282.9872470003,
2022-08-16,PORTFOLIO,ALL,0.0,557282.9872470003,
2022-08-17,PORTFOLIO,ALL,0.0,557282.9872470003,
2022-08-18,PORTFOLIO,ALL,0.0,557282.9872470003,
2022-08-19,PORTFOLIO,ALL,0.0,557282.9872470003,
2022-08-22,PORTFOLIO,ALL,0.0,557282.9872470003,
2022-08-23,PORTFOLIO,ALL,0.0,557282.9872470003,
2022-08-24,PORTFOLIO,ALL,0.0,557282.9872470003,
2022-08-25,PORTFOLIO,ALL,0.0,557282.9872470003,
2022-08-26,PORTFOLIO,ALL,-859.0737305624541,556423.9135164379,
2022-08-29,PORTFOLIO,ALL,79.75206204850707,556503.6655784864,
2022-08-30,PORTFOLIO,ALL,306.8872351308326,556810.5528136172,
2022-09-01,PORTFOLIO,ALL,-212.69356077763806,556597.8592528396,
2022-09-02,PORTFOLIO,ALL,126.64744708836761,556724.506699928,
2022-09-05,PORTFOLIO,ALL,-34.22092028975353,556690.2857796382,
2022-09-06,PORTFOLIO,ALL,184.4471097997378,556874.7328894379,
2022-09-07,PORTFOLIO,ALL,-93.35638245799443,556781.3765069799,
2022-09-08,PORTFOLIO,ALL,90.1639532955594,556871.5404602755,
2022-09-09,PORTFOLIO,ALL,82.28941682831689,556953.8298771038,
2022-09-12,PORTFOLIO,ALL,-117.07875986595677,556836.7511172378,
2022-09-13,PORTFOLIO,ALL,576.6937796747868,557413.4448969127,
2022-09-14,PORTFOLIO,ALL,-56.00615745397656,557357.4387394587,
2022-09-15,PORTFOLIO,ALL,91.69207392444349,557449.130813383,
2022-09-16,PORTFOLIO,ALL,-765.0204341890518,556684.110379194,
2022-09-19,PORTFOLIO,ALL,295.19660063610337,556979.3069798301,
2022-09-20,PORTFOLIO,ALL,358.84937433781033,557338.156354168,
2022-09-21,PORTFOLIO,ALL,267.42966042380135,557605.5860145917,
2022-09-22,PORTFOLIO,ALL,-540.3357870123922,557065.2502275794,
2022-09-23,PORTFOLIO,ALL,-690.9264990602213,556374.3237285191,
2022-09-26,PORTFOLIO,ALL,-34.55394202161815,556339.7697864976,
2022-09-27,PORTFOLIO,ALL,97.60270412831764,556437.3724906258,
2022-09-28,PORTFOLIO,ALL,-611.3785233371682,555825.9939672886,
2022-09-29,PORTFOLIO,ALL,223.32400876230736,556049.317976051,
2022-09-30,PORTFOLIO,ALL,267.7594653888814,556317.0774414398,
2022-10-03,PORTFOLIO,ALL,324.5805263504701,556641.6579677904,
2022-10-04,PORTFOLIO,ALL,-798.6953308115504,555842.9626369788,
2022-10-06,PORTFOLIO,ALL,-754.4494541952055,555088.5131827836,
2022-10-07,PORTFOLIO,ALL,168.84104973779966,555257.3542325214,
2022-10-10,PORTFOLIO,ALL,1476.0950643461044,556733.4492968675,
2022-10-11,PORTFOLIO,ALL,-593.5063349475599,556139.9429619199,
2022-10-12,PORTFOLIO,ALL,382.06138163527396,556522.0043435552,
2022-10-13,PORTFOLIO,ALL,180.09783149614725,556702.1021750513,
2022-10-14,PORTFOLIO,ALL,272.636882625214,556974.7390576765,
2022-10-17,PORTFOLIO,ALL,-79.11935466609589,556895.6197030104,
2022-10-18,PORTFOLIO,ALL,654.5153133026541,557550.135016313,
2022-10-19,PORTFOLIO,ALL,444.8729739672517,557995.0079902804,
2022-10-20,PORTFOLIO,ALL,-211.9456977739726,557783.0622925063,
2022-10-21,PORTFOLIO,ALL,-295.47113053831333,557487.5911619681,
2022-10-24,PORTFOLIO,ALL,-176.63388872538528,557310.9572732426,
2022-10-25,PORTFOLIO,ALL,509.495192770762,557820.4524660135,
2022-10-27,PORTFOLIO,ALL,-567.4765163473887,557252.9759496661,
2022-10-28,PORTFOLIO,ALL,-570.3709078017979,556682.6050418642,
2022-10-31,PORTFOLIO,ALL,301.3854967091182,556983.9905385734,
2022-11-01,PORTFOLIO,ALL,-383.68645454302225,556600.3040840303,
2022-11-02,PORTFOLIO,ALL,29.9720756635274,556630.2761596938,
2022-11-03,PORTFOLIO,ALL,-534.6557416523973,556095.6204180415,
2022-11-04,PORTFOLIO,ALL,1182.3640002943066,557277.9844183358,
2022-11-07,PORTFOLIO,ALL,45.05399721746575,557323.0384155533,
2022-11-09,PORTFOLIO,ALL,-877.5453887521404,556445.4930268012,
2022-11-10,PORTFOLIO,ALL,-1637.8860077322347,554807.6070190689,
2022-11-11,PORTFOLIO,ALL,-617.0892638324058,554190.5177552365,
2022-11-14,PORTFOLIO,ALL,-478.5272842198202,553711.9904710166,
2022-11-15,PORTFOLIO,ALL,-1022.7144899133134,552689.2759811033,
2022-11-16,PORTFOLIO,ALL,-247.77120679045376,552441.504774313,
2022-11-17,PORTFOLIO,ALL,-645.5776340432363,551795.9271402697,
2022-11-18,PORTFOLIO,ALL,-1.6457566352739725,551794.2813836344,
2022-11-21,PORTFOLIO,ALL,894.0241993525257,552688.3055829869,
2022-11-22,PORTFOLIO,ALL,-220.3409019156678,552467.9646810712,
2022-11-23,PORTFOLIO,ALL,624.8265390892551,553092.7912201606,
2022-11-24,PORTFOLIO,ALL,-358.1534975652825,552734.6377225952,
2022-11-25,PORTFOLIO,ALL,-466.95359722816784,552267.6841253671,
2022-11-28,PORTFOLIO,ALL,-1438.546955265411,550829.1371701016,
2022-11-29,PORTFOLIO,ALL,-1220.83975880244,549608.2974112992,
2022-11-30,PORTFOLIO,ALL,58.95335509417808,549667.2507663934,
2022-12-01,PORTFOLIO,ALL,-861.8577161815068,548805.3930502118,
2022-12-02,PORTFOLIO,ALL,-490.917646240712,548314.4754039712,
2022-12-05,PORTFOLIO,ALL,0.0,548314.4754039712,
2022-12-06,PORTFOLIO,ALL,0.0,548314.4754039712,
2022-12-07,PORTFOLIO,ALL,0.0,548314.4754039712,
2022-12-08,PORTFOLIO,ALL,-900.0059333096015,547414.4694706616,
2022-12-09,PORTFOLIO,ALL,-2739.7685721452267,544674.7008985163,
2022-12-12,PORTFOLIO,ALL,1305.7625953820536,545980.4634938984,
2022-12-13,PORTFOLIO,ALL,-199.71705463397018,545780.7464392644,
2022-12-14,PORTFOLIO,ALL,441.9040153039188,546222.6504545683,
2022-12-15,PORTFOLIO,ALL,1140.2981216957503,547362.9485762641,
2022-12-16,PORTFOLIO,ALL,56.59308884043236,547419.5416651046,
2022-12-19,PORTFOLIO,ALL,1099.1687882197132,548518.7104533243,
2022-12-20,PORTFOLIO,ALL,-285.7253684316236,548232.9850848926,
2022-12-21,PORTFOLIO,ALL,-950.783220112021,547282.2018647806,
2022-12-22,PORTFOLIO,ALL,0.0,547282.2018647806,
2022-12-23,PORTFOLIO,ALL,0.0,547282.2018647806,
2022-12-26,PORTFOLIO,ALL,0.0,547282.2018647806,
2022-12-27,PORTFOLIO,ALL,0.0,547282.2018647806,
2022-12-28,PORTFOLIO,ALL,0.0,547282.2018647806,
2022-12-29,PORTFOLIO,ALL,0.0,547282.2018647806,
2022-12-30,PORTFOLIO,ALL,0.0,547282.2018647806,
2023-01-02,PORTFOLIO,ALL,0.0,547282.2018647806,
2023-01-03,PORTFOLIO,ALL,0.0,547282.2018647806,
2023-01-04,PORTFOLIO,ALL,0.0,547282.2018647806,
2023-01-05,PORTFOLIO,ALL,0.0,547282.2018647806,
2023-01-06,PORTFOLIO,ALL,0.0,547282.2018647806,
2023-01-09,PORTFOLIO,ALL,0.0,547282.2018647806,
2023-01-10,PORTFOLIO,ALL,0.0,547282.2018647806,
2023-01-11,PORTFOLIO,ALL,0.0,547282.2018647806,
2023-01-12,PORTFOLIO,ALL,-955.9302070244839,546326.2716577561,
2023-01-13,PORTFOLIO,ALL,-32.41427361140839,546293.8573841447,
2023-01-16,PORTFOLIO,ALL,614.7310562326091,546908.5884403773,
2023-01-17,PORTFOLIO,ALL,-462.1618681172484,546446.4265722601,
2023-01-18,PORTFOLIO,ALL,-917.2283935613689,545529.1981786987,
2023-01-19,PORTFOLIO,ALL,-1061.9927193720569,544467.2054593266,
2023-01-20,PORTFOLIO,ALL,-685.5629657734984,543781.6424935531,
2023-01-23,PORTFOLIO,ALL,124.87736815068493,543906.5198617039,
2023-01-24,PORTFOLIO,ALL,-1365.1583744180684,542541.3614872858,
2023-01-25,PORTFOLIO,ALL,1272.584400236783,543813.9458875225,
2023-01-27,PORTFOLIO,ALL,127.60780771083049,543941.5536952334,
2023-01-30,PORTFOLIO,ALL,383.87719818198843,544325.4308934154,
2023-01-31,PORTFOLIO,ALL,465.0518055035317,544790.4826989189,
2023-02-01,PORTFOLIO,ALL,-455.21756370398117,544335.2651352149,
2023-02-02,PORTFOLIO,ALL,188.8961889123134,544524.1613241272,
2023-02-03,PORTFOLIO,ALL,-2498.0432295791416,542026.1180945481,
2023-02-06,PORTFOLIO,ALL,962.7319824419413,542988.85007699,
2023-02-07,PORTFOLIO,ALL,-126.45865406276755,542862.3914229273,
2023-02-08,PORTFOLIO,ALL,-733.5407732970355,542128.8506496302,
2023-02-09,PORTFOLIO,ALL,-1169.5976880417916,540959.2529615884,
2023-02-10,PORTFOLIO,ALL,-1799.5256243110553,539159.7273372774,
2023-02-13,PORTFOLIO,ALL,2094.715519999465,541254.4428572769,
2023-02-14,PORTFOLIO,ALL,-1241.6447220475707,540012.7981352293,
2023-02-15,PORTFOLIO,ALL,759.4084930904859,540772.2066283198,
2023-02-16,PORTFOLIO,ALL,-350.7422610231239,540421.4643672967,
2023-02-17,PORTFOLIO,ALL,-734.8838805383059,539686.5804867584,
2023-02-20,PORTFOLIO,ALL,-156.8265587208454,539529.7539280375,
2023-02-21,PORTFOLIO,ALL,-397.181145755289,539132.5727822823,
2023-02-22,PORTFOLIO,ALL,420.6415964924015,539553.2143787746,
2023-02-23,PORTFOLIO,ALL,1241.946863856494,540795.1612426311,
2023-02-24,PORTFOLIO,ALL,225.07899688301802,541020.2402395142,
2023-02-27,PORTFOLIO,ALL,2165.8412193653685,543186.0814588795,
2023-02-28,PORTFOLIO,ALL,625.431781403842,543811.5132402834,
2023-03-01,PORTFOLIO,ALL,1522.9691408524186,545334.4823811357,
2023-03-02,PORTFOLIO,ALL,1481.9906832459333,546816.4730643816,
2023-03-03,PORTFOLIO,ALL,158.00978417299876,546974.4828485547,
2023-03-06,PORTFOLIO,ALL,-1468.77417731299,545505.7086712416,
2023-03-08,PORTFOLIO,ALL,2.6377975371981393,545508.3464687789,
2023-03-09,PORTFOLIO,ALL,-223.47755021939213,545284.8689185595,
2023-03-10,PORTFOLIO,ALL,1387.1588820232234,546672.0278005827,
2023-03-13,PORTFOLIO,ALL,224.51907879592568,546896.5468793786,
2023-03-14,PORTFOLIO,ALL,-145.56700370558647,546750.9798756731,
2023-03-15,PORTFOLIO,ALL,-292.04971252274186,546458.9301631503,
2023-03-16,PORTFOLIO,ALL,367.9521797008861,546826.8823428513,
2023-03-17,PORTFOLIO,ALL,1464.4510229692678,548291.3333658205,
2023-03-20,PORTFOLIO,ALL,-240.2063647929066,548051.1270010276,
2023-03-21,PORTFOLIO,ALL,242.69583338239295,548293.82283441,
2023-03-22,PORTFOLIO,ALL,-99.75141540695415,548194.071419003,
2023-03-23,PORTFOLIO,ALL,-234.24676357823202,547959.8246554248,
2023-03-24,PORTFOLIO,ALL,-1304.3673984441975,546655.4572569806,
2023-03-27,PORTFOLIO,ALL,-498.0843439907792,546157.3729129898,
2023-03-28,PORTFOLIO,ALL,-77.34251028735869,546080.0304027024,
2023-03-29,PORTFOLIO,ALL,1415.4548286132813,547495.4852313157,
2023-03-31,PORTFOLIO,ALL,-1314.536187687286,546180.9490436284,
2023-04-03,PORTFOLIO,ALL,834.1904114635917,547015.139455092,
2023-04-05,PORTFOLIO,ALL,0.0,547015.139455092,
2023-04-06,PORTFOLIO,ALL,0.0,547015.139455092,
2023-04-10,PORTFOLIO,ALL,0.0,547015.139455092,
2023-04-11,PORTFOLIO,ALL,0.0,547015.139455092,
2023-04-12,PORTFOLIO,ALL,0.0,547015.139455092,
2023-04-13,PORTFOLIO,ALL,0.0,547015.139455092,
2023-04-17,PORTFOLIO,ALL,0.0,547015.139455092,
2023-04-18,PORTFOLIO,ALL,0.0,547015.139455092,
2023-04-19,PORTFOLIO,ALL,0.0,547015.139455092,
2023-04-20,PORTFOLIO,ALL,0.0,547015.139455092,
2023-04-21,PORTFOLIO,ALL,0.0,547015.139455092,
2023-04-24,PORTFOLIO,ALL,0.0,547015.139455092,
2023-04-25,PORTFOLIO,ALL,0.0,547015.139455092,
2023-04-26,PORTFOLIO,ALL,0.0,547015.139455092,
2023-04-27,PORTFOLIO,ALL,0.0,547015.139455092,
2023-04-28,PORTFOLIO,ALL,0.0,547015.139455092,
2023-05-02,PORTFOLIO,ALL,0.0,547015.139455092,
2023-05-03,PORTFOLIO,ALL,0.0,547015.139455092,
2023-05-04,PORTFOLIO,ALL,0.0,547015.139455092,
2023-05-05,PORTFOLIO,ALL,0.0,547015.139455092,
2023-05-08,PORTFOLIO,ALL,0.0,547015.139455092,
2023-05-09,PORTFOLIO,ALL,0.0,547015.139455092,
2023-05-10,PORTFOLIO,ALL,0.0,547015.139455092,
2023-05-11,PORTFOLIO,ALL,0.0,547015.139455092,
2023-05-12,PORTFOLIO,ALL,0.0,547015.139455092,
2023-05-15,PORTFOLIO,ALL,0.0,547015.139455092,
2023-05-16,PORTFOLIO,ALL,0.0,547015.139455092,
2023-05-17,PORTFOLIO,ALL,0.0,547015.139455092,
2023-05-18,PORTFOLIO,ALL,0.0,547015.139455092,
2023-05-19,PORTFOLIO,ALL,0.0,547015.139455092,
2023-05-22,PORTFOLIO,ALL,0.0,547015.139455092,
2023-05-23,PORTFOLIO,ALL,0.0,547015.139455092,
2023-05-24,PORTFOLIO,ALL,0.0,547015.139455092,
2023-05-25,PORTFOLIO,ALL,0.0,547015.139455092,
2023-05-26,PORTFOLIO,ALL,0.0,547015.139455092,
2023-05-29,PORTFOLIO,ALL,0.0,547015.139455092,
2023-05-30,PORTFOLIO,ALL,0.0,547015.139455092,
2023-05-31,PORTFOLIO,ALL,0.0,547015.139455092,
2023-06-01,PORTFOLIO,ALL,0.0,547015.139455092,
2023-06-02,PORTFOLIO,ALL,0.0,547015.139455092,
2023-06-05,PORTFOLIO,ALL,0.0,547015.139455092,
2023-06-06,PORTFOLIO,ALL,-771.3584729644226,546243.7809821276,
2023-06-07,PORTFOLIO,ALL,673.4177615849791,546917.1987437126,
2023-06-08,PORTFOLIO,ALL,921.4109643822239,547838.6097080949,
2023-06-09,PORTFOLIO,ALL,316.43703134364296,548155.0467394384,
2023-06-12,PORTFOLIO,ALL,-546.6231534407154,547608.4235859978,
2023-06-13,PORTFOLIO,ALL,501.0878678296233,548109.5114538274,
2023-06-14,PORTFOLIO,ALL,-226.65207654644215,547882.8593772809,
2023-06-15,PORTFOLIO,ALL,-319.1396565041738,547563.7197207768,
2023-06-16,PORTFOLIO,ALL,469.3573250615368,548033.0770458382,
2023-06-19,PORTFOLIO,ALL,602.7750340726669,548635.8520799109,
2023-06-20,PORTFOLIO,ALL,-190.68045937901806,548445.1716205319,
2023-06-21,PORTFOLIO,ALL,225.7512141226323,548670.9228346546,
2023-06-22,PORTFOLIO,ALL,0.0,548670.9228346546,
2023-06-23,PORTFOLIO,ALL,0.0,548670.9228346546,
2023-06-26,PORTFOLIO,ALL,0.0,548670.9228346546,
2023-06-27,PORTFOLIO,ALL,0.0,548670.9228346546,
2023-06-28,PORTFOLIO,ALL,0.0,548670.9228346546,
2023-06-30,PORTFOLIO,ALL,-702.8074445179647,547968.1153901366,
2023-07-03,PORTFOLIO,ALL,-903.9243580940978,547064.1910320425,
2023-07-04,PORTFOLIO,ALL,-161.69219091127997,546902.4988411312,
2023-07-05,PORTFOLIO,ALL,2564.6948408069347,549467.1936819381,
2023-07-06,PORTFOLIO,ALL,75.70871031878745,549542.9023922569,
2023-07-07,PORTFOLIO,ALL,330.7709384698737,549873.6733307268,
2023-07-10,PORTFOLIO,ALL,350.1973500876231,550223.8706808145,
2023-07-11,PORTFOLIO,ALL,351.3579969432256,550575.2286777577,
2023-07-12,PORTFOLIO,ALL,856.0008312821062,551431.2295090398,
2023-07-13,PORTFOLIO,ALL,-509.0086996000107,550922.2208094398,
2023-07-14,PORTFOLIO,ALL,-183.5031468555986,550738.7176625842,
2023-07-17,PORTFOLIO,ALL,-1221.5946661460603,549517.1229964381,
2023-07-18,PORTFOLIO,ALL,-37.56647186697346,549479.5565245711,
2023-07-19,PORTFOLIO,ALL,-151.77367451706976,549327.7828500541,
2023-07-20,PORTFOLIO,ALL,506.1369381588491,549833.9197882129,
2023-07-21,PORTFOLIO,ALL,767.0465377180544,550600.966325931,
2023-07-24,PORTFOLIO,ALL,-1143.1501460663299,549457.8161798647,
2023-07-25,PORTFOLIO,ALL,-1157.9071822493045,548299.9089976153,
2023-07-26,PORTFOLIO,ALL,528.0648397701734,548827.9738373855,
2023-07-27,PORTFOLIO,ALL,497.98426232742935,549325.958099713,
2023-07-28,PORTFOLIO,ALL,1396.8668198175299,550722.8249195304,
2023-07-31,PORTFOLIO,ALL,-652.0141862425086,550070.810733288,
2023-08-01,PORTFOLIO,ALL,-617.863684633856,549452.9470486541,
2023-08-02,PORTFOLIO,ALL,627.1623277470837,550080.1093764012,
2023-08-03,PORTFOLIO,ALL,525.1879297376697,550605.2973061389,
2023-08-04,PORTFOLIO,ALL,-874.9380774761918,549730.3592286627,
2023-08-07,PORTFOLIO,ALL,-68.51081885768943,549661.848409805,
2023-08-08,PORTFOLIO,ALL,-3.186226137762201,549658.6621836672,
2023-08-09,PORTFOLIO,ALL,3.7300585770280392,549662.3922422442,
2023-08-10,PORTFOLIO,ALL,238.75095420523866,549901.1431964495,
2023-08-11,PORTFOLIO,ALL,642.471158246602,550543.6143546961,
2023-08-14,PORTFOLIO,ALL,385.4181879749037,550929.032542671,
2023-08-16,PORTFOLIO,ALL,92.25857273049158,551021.2911154014,
2023-08-17,PORTFOLIO,ALL,113.03598656223637,551134.3271019637,
2023-08-18,PORTFOLIO,ALL,81.56534622819456,551215.8924481919,
2023-08-21,PORTFOLIO,ALL,173.18574130123608,551389.0781894932,
2023-08-22,PORTFOLIO,ALL,-171.93045613933566,551217.1477333538,
2023-08-23,PORTFOLIO,ALL,0.0,551217.1477333538,
2023-08-24,PORTFOLIO,ALL,0.0,551217.1477333538,
2023-08-25,PORTFOLIO,ALL,0.0,551217.1477333538,
2023-08-28,PORTFOLIO,ALL,0.0,551217.1477333538,
2023-08-29,PORTFOLIO,ALL,0.0,551217.1477333538,
2023-08-30,PORTFOLIO,ALL,0.0,551217.1477333538,
2023-08-31,PORTFOLIO,ALL,0.0,551217.1477333538,
2023-09-01,PORTFOLIO,ALL,0.0,551217.1477333538,
2023-09-04,PORTFOLIO,ALL,0.0,551217.1477333538,
2023-09-05,PORTFOLIO,ALL,0.0,551217.1477333538,
2023-09-06,PORTFOLIO,ALL,0.0,551217.1477333538,
2023-09-07,PORTFOLIO,ALL,0.0,551217.1477333538,
2023-09-08,PORTFOLIO,ALL,0.0,551217.1477333538,
2023-09-11,PORTFOLIO,ALL,0.0,551217.1477333538,
2023-09-12,PORTFOLIO,ALL,0.0,551217.1477333538,
2023-09-13,PORTFOLIO,ALL,0.0,551217.1477333538,
2023-09-14,PORTFOLIO,ALL,0.0,551217.1477333538,
2023-09-15,PORTFOLIO,ALL,0.0,551217.1477333538,
2023-09-18,PORTFOLIO,ALL,0.0,551217.1477333538,
2023-09-20,PORTFOLIO,ALL,0.0,551217.1477333538,
2023-09-21,PORTFOLIO,ALL,0.0,551217.1477333538,
2023-09-22,PORTFOLIO,ALL,0.0,551217.1477333538,
2023-09-25,PORTFOLIO,ALL,0.0,551217.1477333538,
2023-09-26,PORTFOLIO,ALL,0.0,551217.1477333538,
2023-09-27,PORTFOLIO,ALL,0.0,551217.1477333538,
2023-09-28,PORTFOLIO,ALL,0.0,551217.1477333538,
2023-09-29,PORTFOLIO,ALL,0.0,551217.1477333538,
2023-10-03,PORTFOLIO,ALL,0.0,551217.1477333538,
2023-10-04,PORTFOLIO,ALL,0.0,551217.1477333538,
2023-10-05,PORTFOLIO,ALL,0.0,551217.1477333538,
2023-10-06,PORTFOLIO,ALL,0.0,551217.1477333538,
2023-10-09,PORTFOLIO,ALL,0.0,551217.1477333538,
2023-10-10,PORTFOLIO,ALL,0.0,551217.1477333538,
2023-10-11,PORTFOLIO,ALL,0.0,551217.1477333538,
2023-10-12,PORTFOLIO,ALL,0.0,551217.1477333538,
2023-10-13,PORTFOLIO,ALL,0.0,551217.1477333538,
2023-10-16,PORTFOLIO,ALL,0.0,551217.1477333538,
2023-10-17,PORTFOLIO,ALL,0.0,551217.1477333538,
2023-10-18,PORTFOLIO,ALL,0.0,551217.1477333538,
2023-10-19,PORTFOLIO,ALL,0.0,551217.1477333538,
2023-10-20,PORTFOLIO,ALL,0.0,551217.1477333538,
2023-10-23,PORTFOLIO,ALL,0.0,551217.1477333538,
2023-10-25,PORTFOLIO,ALL,0.0,551217.1477333538,
2023-10-26,PORTFOLIO,ALL,0.0,551217.1477333538,
2023-10-27,PORTFOLIO,ALL,0.0,551217.1477333538,
2023-10-30,PORTFOLIO,ALL,0.0,551217.1477333538,
2023-10-31,PORTFOLIO,ALL,0.0,551217.1477333538,
2023-11-01,PORTFOLIO,ALL,0.0,551217.1477333538,
2023-11-02,PORTFOLIO,ALL,0.0,551217.1477333538,
2023-11-03,PORTFOLIO,ALL,0.0,551217.1477333538,
2023-11-06,PORTFOLIO,ALL,0.0,551217.1477333538,
2023-11-07,PORTFOLIO,ALL,0.0,551217.1477333538,
2023-11-08,PORTFOLIO,ALL,0.0,551217.1477333538,
2023-11-09,PORTFOLIO,ALL,0.0,551217.1477333538,
2023-11-10,PORTFOLIO,ALL,0.0,551217.1477333538,
2023-11-13,PORTFOLIO,ALL,0.0,551217.1477333538,
2023-11-15,PORTFOLIO,ALL,0.0,551217.1477333538,
2023-11-16,PORTFOLIO,ALL,0.0,551217.1477333538,
2023-11-17,PORTFOLIO,ALL,0.0,551217.1477333538,
2023-11-20,PORTFOLIO,ALL,0.0,551217.1477333538,
2023-11-21,PORTFOLIO,ALL,0.0,551217.1477333538,
2023-11-22,PORTFOLIO,ALL,0.0,551217.1477333538,
2023-11-23,PORTFOLIO,ALL,0.0,551217.1477333538,
2023-11-24,PORTFOLIO,ALL,0.0,551217.1477333538,
2023-11-28,PORTFOLIO,ALL,0.0,551217.1477333538,
2023-11-29,PORTFOLIO,ALL,0.0,551217.1477333538,
2023-11-30,PORTFOLIO,ALL,0.0,551217.1477333538,
2023-12-01,PORTFOLIO,ALL,0.0,551217.1477333538,
2023-12-04,PORTFOLIO,ALL,0.0,551217.1477333538,
2023-12-05,PORTFOLIO,ALL,0.0,551217.1477333538,
2023-12-06,PORTFOLIO,ALL,0.0,551217.1477333538,
2023-12-07,PORTFOLIO,ALL,0.0,551217.1477333538,
2023-12-08,PORTFOLIO,ALL,0.0,551217.1477333538,
2023-12-11,PORTFOLIO,ALL,0.0,551217.1477333538,
2023-12-12,PORTFOLIO,ALL,0.0,551217.1477333538,
2023-12-13,PORTFOLIO,ALL,0.0,551217.1477333538,
2023-12-14,PORTFOLIO,ALL,0.0,551217.1477333538,
2023-12-15,PORTFOLIO,ALL,0.0,551217.1477333538,
2023-12-18,PORTFOLIO,ALL,0.0,551217.1477333538,
2023-12-19,PORTFOLIO,ALL,0.0,551217.1477333538,
2023-12-20,PORTFOLIO,ALL,0.0,551217.1477333538,
2023-12-21,PORTFOLIO,ALL,0.0,551217.1477333538,
2023-12-22,PORTFOLIO,ALL,0.0,551217.1477333538,
2023-12-26,PORTFOLIO,ALL,0.0,551217.1477333538,
2023-12-27,PORTFOLIO,ALL,0.0,551217.1477333538,
2023-12-28,PORTFOLIO,ALL,0.0,551217.1477333538,
2023-12-29,PORTFOLIO,ALL,0.0,551217.1477333538,
2024-01-01,PORTFOLIO,ALL,0.0,551217.1477333538,
2024-01-02,PORTFOLIO,ALL,0.0,551217.1477333538,
2024-01-03,PORTFOLIO,ALL,0.0,551217.1477333538,
2024-01-04,PORTFOLIO,ALL,0.0,551217.1477333538,
2024-01-05,PORTFOLIO,ALL,0.0,551217.1477333538,
2024-01-08,PORTFOLIO,ALL,0.0,551217.1477333538,
2024-01-09,PORTFOLIO,ALL,0.0,551217.1477333538,
2024-01-10,PORTFOLIO,ALL,0.0,551217.1477333538,
2024-01-11,PORTFOLIO,ALL,0.0,551217.1477333538,
2024-01-12,PORTFOLIO,ALL,0.0,551217.1477333538,
2024-01-15,PORTFOLIO,ALL,0.0,551217.1477333538,
2024-01-16,PORTFOLIO,ALL,0.0,551217.1477333538,
2024-01-17,PORTFOLIO,ALL,0.0,551217.1477333538,
2024-01-18,PORTFOLIO,ALL,0.0,551217.1477333538,
2024-01-19,PORTFOLIO,ALL,0.0,551217.1477333538,
2024-01-23,PORTFOLIO,ALL,0.0,551217.1477333538,
2024-01-24,PORTFOLIO,ALL,0.0,551217.1477333538,
2024-01-25,PORTFOLIO,ALL,0.0,551217.1477333538,
2024-01-29,PORTFOLIO,ALL,0.0,551217.1477333538,
2024-01-30,PORTFOLIO,ALL,0.0,551217.1477333538,
2024-01-31,PORTFOLIO,ALL,0.0,551217.1477333538,
2024-02-01,PORTFOLIO,ALL,0.0,551217.1477333538,
2024-02-02,PORTFOLIO,ALL,0.0,551217.1477333538,
2024-02-05,PORTFOLIO,ALL,0.0,551217.1477333538,
2024-02-06,PORTFOLIO,ALL,0.0,551217.1477333538,
2024-02-07,PORTFOLIO,ALL,0.0,551217.1477333538,
2024-02-08,PORTFOLIO,ALL,0.0,551217.1477333538,
2024-02-09,PORTFOLIO,ALL,0.0,551217.1477333538,
2024-02-12,PORTFOLIO,ALL,-1187.332722705727,550029.8150106481,
2024-02-13,PORTFOLIO,ALL,547.7792074593322,550577.5942181074,
2024-02-14,PORTFOLIO,ALL,-73.86106442636986,550503.733153681,
2024-02-15,PORTFOLIO,ALL,-151.73255637307363,550352.0005973079,
2024-02-16,PORTFOLIO,ALL,356.5924756795805,550708.5930729875,
2024-02-19,PORTFOLIO,ALL,0.6187849422089045,550709.2118579297,
2024-02-20,PORTFOLIO,ALL,-419.23137518728595,550289.9804827424,
2024-02-21,PORTFOLIO,ALL,-284.3237939319349,550005.6566888106,
2024-02-22,PORTFOLIO,ALL,-1505.0052675513698,548500.6514212592,
2024-02-23,PORTFOLIO,ALL,410.1392103756421,548910.7906316348,
2024-02-26,PORTFOLIO,ALL,-439.11243198844176,548471.6781996464,
2024-02-27,PORTFOLIO,ALL,-976.927171687714,547494.7510279587,
2024-02-28,PORTFOLIO,ALL,1123.529675192637,548618.2807031512,
2024-02-29,PORTFOLIO,ALL,1094.398074191995,549712.6787773432,
2024-03-01,PORTFOLIO,ALL,-30.464278199914382,549682.2144991434,
2024-03-04,PORTFOLIO,ALL,1665.4976439961472,551347.7121431396,
2024-03-05,PORTFOLIO,ALL,-585.5040694830908,550762.2080736564,
2024-03-06,PORTFOLIO,ALL,273.830027932363,551036.0381015888,
2024-03-07,PORTFOLIO,ALL,191.76109639875855,551227.7991979875,
2024-03-11,PORTFOLIO,ALL,128.73790713291953,551356.5371051205,
2024-03-12,PORTFOLIO,ALL,-381.19346278360445,550975.3436423369,
2024-03-13,PORTFOLIO,ALL,-162.70247551904967,550812.6411668179,
2024-03-14,PORTFOLIO,ALL,661.6562357127568,551474.2974025306,
2024-03-15,PORTFOLIO,ALL,-308.35295976027396,551165.9444427703,
2024-03-18,PORTFOLIO,ALL,281.0921213613014,551447.0365641316,
2024-03-19,PORTFOLIO,ALL,-274.5012295323202,551172.5353345993,
2024-03-20,PORTFOLIO,ALL,-1897.6656311804365,549274.8697034188,
2024-03-21,PORTFOLIO,ALL,-434.3859109589041,548840.4837924599,
2024-03-22,PORTFOLIO,ALL,319.59904045376715,549160.0828329137,
2024-03-26,PORTFOLIO,ALL,736.837646083048,549896.9204789967,
2024-03-27,PORTFOLIO,ALL,-684.0676355415239,549212.8528434553,
2024-03-28,PORTFOLIO,ALL,-161.65045697773974,549051.2023864775,
2024-04-01,PORTFOLIO,ALL,498.8210998769264,549550.0234863544,
2024-04-02,PORTFOLIO,ALL,-532.3335025684931,549017.689983786,
2024-04-03,PORTFOLIO,ALL,-161.72649737799657,548855.9634864079,
2024-04-04,PORTFOLIO,ALL,-1094.0830224208048,547761.8804639871,
2024-04-05,PORTFOLIO,ALL,-178.76867468428938,547583.1117893028,
2024-04-08,PORTFOLIO,ALL,-1424.2360912617723,546158.875698041,
2024-04-09,PORTFOLIO,ALL,-951.5404475599315,545207.3352504811,
2024-04-10,PORTFOLIO,ALL,-899.397556239298,544307.9376942419,
2024-04-12,PORTFOLIO,ALL,-1432.7885905890903,542875.1491036527,
2024-04-15,PORTFOLIO,ALL,0.0,542875.1491036527,
2024-04-16,PORTFOLIO,ALL,0.0,542875.1491036527,
2024-04-18,PORTFOLIO,ALL,0.0,542875.1491036527,
2024-04-19,PORTFOLIO,ALL,0.0,542875.1491036527,
2024-04-22,PORTFOLIO,ALL,0.0,542875.1491036527,
2024-04-23,PORTFOLIO,ALL,0.0,542875.1491036527,
2024-04-24,PORTFOLIO,ALL,0.0,542875.1491036527,
2024-04-25,PORTFOLIO,ALL,0.0,542875.1491036527,
2024-04-26,PORTFOLIO,ALL,0.0,542875.1491036527,
2024-04-29,PORTFOLIO,ALL,0.0,542875.1491036527,
2024-04-30,PORTFOLIO,ALL,0.0,542875.1491036527,
2024-05-02,PORTFOLIO,ALL,0.0,542875.1491036527,
2024-05-03,PORTFOLIO,ALL,-876.9192289200331,541998.2298747327,
2024-05-06,PORTFOLIO,ALL,-181.1764299818065,541817.0534447508,
2024-05-07,PORTFOLIO,ALL,-1173.4476178296234,540643.6058269213,
2024-05-08,PORTFOLIO,ALL,140.99016331335616,540784.5959902346,
2024-05-09,PORTFOLIO,ALL,-468.8822790828339,540315.7137111519,
2024-05-10,PORTFOLIO,ALL,652.219326546447,540967.9330376983,
2024-05-13,PORTFOLIO,ALL,-49.873913848458905,540918.0591238497,
2024-05-14,PORTFOLIO,ALL,191.36307994434932,541109.4222037941,
2024-05-15,PORTFOLIO,ALL,644.6638265464469,541754.0860303405,
2024-05-16,PORTFOLIO,ALL,-1323.5574560145549,540430.5285743261,
2024-05-17,PORTFOLIO,ALL,-30.61222645547945,540399.9163478706,
2024-05-21,PORTFOLIO,ALL,832.4399185573631,541232.3562664279,
2024-05-22,PORTFOLIO,ALL,-1105.982034781678,540126.3742316462,
2024-05-23,PORTFOLIO,ALL,-622.2529832245291,539504.1212484217,
2024-05-24,PORTFOLIO,ALL,97.6341923426798,539601.7554407644,
2024-05-27,PORTFOLIO,ALL,-83.91888200984589,539517.8365587546,
2024-05-28,PORTFOLIO,ALL,390.3723279109589,539908.2088866655,
2024-05-29,PORTFOLIO,ALL,681.8794739940068,540590.0883606595,
2024-05-30,PORTFOLIO,ALL,544.7742581068065,541134.8626187663,
2024-05-31,PORTFOLIO,ALL,-695.230511130137,540439.6321076362,
2024-06-03,PORTFOLIO,ALL,-289.05887930757706,540150.5732283286,
2024-06-04,PORTFOLIO,ALL,295.27670416845035,540445.849932497,
2024-06-05,PORTFOLIO,ALL,-684.6878066941352,539761.162125803,
2024-06-06,PORTFOLIO,ALL,-539.3032005565069,539221.8589252464,
2024-06-07,PORTFOLIO,ALL,-2281.619294333262,536940.2396309131,
2024-06-10,PORTFOLIO,ALL,1434.2526834867294,538374.4923143999,
2024-06-11,PORTFOLIO,ALL,545.7185076519692,538920.2108220519,
2024-06-12,PORTFOLIO,ALL,907.2479338880565,539827.4587559398,
2024-06-13,PORTFOLIO,ALL,-322.2729466235017,539505.1858093163,
2024-06-14,PORTFOLIO,ALL,-181.60973274293664,539323.5760765735,
2024-06-18,PORTFOLIO,ALL,-327.51696965967466,538996.0591069137,
2024-06-19,PORTFOLIO,ALL,-457.23487465218324,538538.8242322616,
2024-06-20,PORTFOLIO,ALL,-325.55555827268836,538213.2686739889,
2024-06-21,PORTFOLIO,ALL,-832.929840806935,537380.338833182,
2024-06-24,PORTFOLIO,ALL,52.85007044627568,537433.1889036283,
2024-06-25,PORTFOLIO,ALL,-602.1465249090326,536831.0423787192,
2024-06-26,PORTFOLIO,ALL,-93.45572741866438,536737.5866513005,
2024-06-27,PORTFOLIO,ALL,-1457.5601281303511,535280.0265231702,
2024-06-28,PORTFOLIO,ALL,508.0372900256849,535788.0638131959,
2024-07-01,PORTFOLIO,ALL,-1044.964317958048,534743.0994952378,
2024-07-02,PORTFOLIO,ALL,-2185.208167975742,532557.8913272622,
2024-07-03,PORTFOLIO,ALL,0.0,532557.8913272622,
2024-07-04,PORTFOLIO,ALL,0.0,532557.8913272622,
2024-07-05,PORTFOLIO,ALL,0.0,532557.8913272622,
2024-07-08,PORTFOLIO,ALL,-984.3934887862024,531573.4978384759,
2024-07-09,PORTFOLIO,ALL,103.46068961031143,531676.9585280862,
2024-07-10,PORTFOLIO,ALL,96.52319487772903,531773.481722964,
2024-07-11,PORTFOLIO,ALL,-328.0749699004709,531445.4067530634,
2024-07-12,PORTFOLIO,ALL,201.29898680971746,531646.7057398732,
2024-07-15,PORTFOLIO,ALL,-195.1599000963185,531451.5458397769,
2024-07-16,PORTFOLIO,ALL,582.91639332058,532034.4622330974,
2024-07-18,PORTFOLIO,ALL,-454.69836989311324,531579.7638632043,
2024-07-19,PORTFOLIO,ALL,-94.98852753103596,531484.7753356732,
2024-07-22,PORTFOLIO,ALL,478.4887637601221,531963.2640994334,
2024-07-23,PORTFOLIO,ALL,0.0,531963.2640994334,
2024-07-24,PORTFOLIO,ALL,0.0,531963.2640994334,
2024-07-25,PORTFOLIO,ALL,0.0,531963.2640994334,
2024-07-26,PORTFOLIO,ALL,0.0,531963.2640994334,
2024-07-29,PORTFOLIO,ALL,0.0,531963.2640994334,
2024-07-30,PORTFOLIO,ALL,0.0,531963.2640994334,
2024-07-31,PORTFOLIO,ALL,0.0,531963.2640994334,
2024-08-01,PORTFOLIO,ALL,0.0,531963.2640994334,
2024-08-02,PORTFOLIO,ALL,0.0,531963.2640994334,
2024-08-05,PORTFOLIO,ALL,0.0,531963.2640994334,
2024-08-06,PORTFOLIO,ALL,0.0,531963.2640994334,
2024-08-07,PORTFOLIO,ALL,0.0,531963.2640994334,
2024-08-08,PORTFOLIO,ALL,0.0,531963.2640994334,
2024-08-09,PORTFOLIO,ALL,0.0,531963.2640994334,
2024-08-12,PORTFOLIO,ALL,0.0,531963.2640994334,
2024-08-13,PORTFOLIO,ALL,0.0,531963.2640994334,
2024-08-14,PORTFOLIO,ALL,0.0,531963.2640994334,
2024-08-16,PORTFOLIO,ALL,0.0,531963.2640994334,
2024-08-19,PORTFOLIO,ALL,0.0,531963.2640994334,
2024-08-20,PORTFOLIO,ALL,0.0,531963.2640994334,
2024-08-21,PORTFOLIO,ALL,0.0,531963.2640994334,
2024-08-22,PORTFOLIO,ALL,0.0,531963.2640994334,
2024-08-23,PORTFOLIO,ALL,0.0,531963.2640994334,
2024-08-26,PORTFOLIO,ALL,0.0,531963.2640994334,
2024-08-27,PORTFOLIO,ALL,0.0,531963.2640994334,
2024-08-28,PORTFOLIO,ALL,0.0,531963.2640994334,
2024-08-29,PORTFOLIO,ALL,0.0,531963.2640994334,
2024-08-30,PORTFOLIO,ALL,0.0,531963.2640994334,
2024-09-02,PORTFOLIO,ALL,0.0,531963.2640994334,
2024-09-03,PORTFOLIO,ALL,0.0,531963.2640994334,
2024-09-04,PORTFOLIO,ALL,0.0,531963.2640994334,
2024-09-05,PORTFOLIO,ALL,0.0,531963.2640994334,
2024-09-06,PORTFOLIO,ALL,0.0,531963.2640994334,
2024-09-09,PORTFOLIO,ALL,0.0,531963.2640994334,
2024-09-10,PORTFOLIO,ALL,0.0,531963.2640994334,
2024-09-11,PORTFOLIO,ALL,0.0,531963.2640994334,
2024-09-12,PORTFOLIO,ALL,0.0,531963.2640994334,
2024-09-13,PORTFOLIO,ALL,0.0,531963.2640994334,
2024-09-16,PORTFOLIO,ALL,0.0,531963.2640994334,
2024-09-17,PORTFOLIO,ALL,0.0,531963.2640994334,
2024-09-18,PORTFOLIO,ALL,0.0,531963.2640994334,
2024-09-19,PORTFOLIO,ALL,0.0,531963.2640994334,
2024-09-20,PORTFOLIO,ALL,0.0,531963.2640994334,
2024-09-23,PORTFOLIO,ALL,0.0,531963.2640994334,
2024-09-24,PORTFOLIO,ALL,0.0,531963.2640994334,
2024-09-25,PORTFOLIO,ALL,0.0,531963.2640994334,
2024-09-26,PORTFOLIO,ALL,0.0,531963.2640994334,
2024-09-27,PORTFOLIO,ALL,0.0,531963.2640994334,
2024-09-30,PORTFOLIO,ALL,0.0,531963.2640994334,
2024-10-01,PORTFOLIO,ALL,0.0,531963.2640994334,
2024-10-03,PORTFOLIO,ALL,0.0,531963.2640994334,
2024-10-04,PORTFOLIO,ALL,0.0,531963.2640994334,
2024-10-07,PORTFOLIO,ALL,0.0,531963.2640994334,
2024-10-08,PORTFOLIO,ALL,0.0,531963.2640994334,
2024-10-09,PORTFOLIO,ALL,0.0,531963.2640994334,
2024-10-10,PORTFOLIO,ALL,0.0,531963.2640994334,
2024-10-11,PORTFOLIO,ALL,0.0,531963.2640994334,
2024-10-14,PORTFOLIO,ALL,0.0,531963.2640994334,
2024-10-15,PORTFOLIO,ALL,0.0,531963.2640994334,
2024-10-16,PORTFOLIO,ALL,0.0,531963.2640994334,
2024-10-17,PORTFOLIO,ALL,0.0,531963.2640994334,
2024-10-18,PORTFOLIO,ALL,0.0,531963.2640994334,
2024-10-21,PORTFOLIO,ALL,0.0,531963.2640994334,
2024-10-22,PORTFOLIO,ALL,0.0,531963.2640994334,
2024-10-23,PORTFOLIO,ALL,0.0,531963.2640994334,
2024-10-24,PORTFOLIO,ALL,0.0,531963.2640994334,
2024-10-25,PORTFOLIO,ALL,0.0,531963.2640994334,
2024-10-28,PORTFOLIO,ALL,0.0,531963.2640994334,
2024-10-29,PORTFOLIO,ALL,-1243.1177447057262,530720.1463547277,
2024-10-30,PORTFOLIO,ALL,1221.1016292273116,531941.247983955,
2024-10-31,PORTFOLIO,ALL,317.6886360766267,532258.9366200316,
2024-11-01,PORTFOLIO,ALL,-418.54932785744865,531840.3872921742,
2024-11-04,PORTFOLIO,ALL,-306.5495892016267,531533.8377029726,
2024-11-05,PORTFOLIO,ALL,-639.0662969820205,530894.7714059905,
2024-11-06,PORTFOLIO,ALL,-876.3739499209684,530018.3974560696,
2024-11-07,PORTFOLIO,ALL,0.0,530018.3974560696,
2024-11-08,PORTFOLIO,ALL,0.0,530018.3974560696,
2024-11-11,PORTFOLIO,ALL,0.0,530018.3974560696,
2024-11-12,PORTFOLIO,ALL,0.0,530018.3974560696,
2024-11-13,PORTFOLIO,ALL,0.0,530018.3974560696,
2024-11-14,PORTFOLIO,ALL,0.0,530018.3974560696,
2024-11-18,PORTFOLIO,ALL,0.0,530018.3974560696,
2024-11-19,PORTFOLIO,ALL,0.0,530018.3974560696,
2024-11-21,PORTFOLIO,ALL,0.0,530018.3974560696,
2024-11-22,PORTFOLIO,ALL,0.0,530018.3974560696,
2024-11-25,PORTFOLIO,ALL,0.0,530018.3974560696,
2024-11-26,PORTFOLIO,ALL,0.0,530018.3974560696,
2024-11-27,PORTFOLIO,ALL,0.0,530018.3974560696,
2024-11-28,PORTFOLIO,ALL,0.0,530018.3974560696,
2024-11-29,PORTFOLIO,ALL,0.0,530018.3974560696,
2024-12-02,PORTFOLIO,ALL,-1039.7515777985395,528978.645878271,
2024-12-03,PORTFOLIO,ALL,779.6228827589897,529758.26876103,
2024-12-04,PORTFOLIO,ALL,109.87366952054795,529868.1424305505,
2024-12-05,PORTFOLIO,ALL,341.1067938249144,530209.2492243755,
2024-12-06,PORTFOLIO,ALL,571.3507633775685,530780.5999877531,
2024-12-09,PORTFOLIO,ALL,-41.06006870719178,530739.5399190459,
2024-12-10,PORTFOLIO,ALL,-246.56221232876712,530492.9777067171,
2024-12-11,PORTFOLIO,ALL,-775.5306055222603,529717.4471011949,
2024-12-12,PORTFOLIO,ALL,1023.1017729559076,530740.5488741507,
2024-12-13,PORTFOLIO,ALL,-6.117482716181506,530734.4313914345,
2024-12-16,PORTFOLIO,ALL,504.46096061643834,531238.892352051,
2024-12-17,PORTFOLIO,ALL,233.8030834760274,531472.695435527,
2024-12-18,PORTFOLIO,ALL,334.171923052226,531806.8673585793,
2024-12-19,PORTFOLIO,ALL,48.51887039811644,531855.3862289774,
2024-12-20,PORTFOLIO,ALL,278.1699162296661,532133.556145207,
2024-12-23,PORTFOLIO,ALL,862.9235633294093,532996.4797085365,
2024-12-24,PORTFOLIO,ALL,590.1805613762842,533586.6602699128,
2024-12-26,PORTFOLIO,ALL,-82.8133366598887,533503.8469332529,
2024-12-27,PORTFOLIO,ALL,1194.941273999358,534698.7882072523,
2024-12-30,PORTFOLIO,ALL,283.41727145761985,534982.2054787099,
2024-12-31,PORTFOLIO,ALL,-97.6192677921661,534884.5862109177,
